comuna,slug,nombre,tipo,lat,lon,altura,km_cabecera
algarrobo,bosque-tunquen,Bosque Tunquén,neighbourhood,-33.29539,-71.62385,239,9.2
algarrobo,costa-miramar,Costa Miramar,neighbourhood,-33.31834,-71.62901,158,6.7
algarrobo,el-canelo,El Canelo,neighbourhood,-33.36966,-71.68256,52,1.3
algarrobo,el-olivar,El Olivar,neighbourhood,-33.35549,-71.64873,4,2.4
algarrobo,el-yeco,El Yeco,village,-33.30818,-71.64452,99,7.1
algarrobo,ignacio-carrera-pinto,Ignacio Carrera Pinto,neighbourhood,-33.37036,-71.67152,52,0.3
algarrobo,jardines-de-algarrobo,Jardines de Algarrobo,neighbourhood,-33.37887,-71.67652,56,1.3
algarrobo,la-encomienda,La Encomienda,neighbourhood,-33.36926,-71.63979,89,2.6
algarrobo,los-pinares-norte,Los Pinares Norte,neighbourhood,-33.38601,-71.64528,102,2.8
algarrobo,los-pitihues,Los Pitihues,neighbourhood,-33.36298,-71.65179,66,1.7
algarrobo,mirasol,Mirasol,village,-33.32459,-71.64736,66,5.3
alhue,hacienda-alhue,Hacienda Alhué,village,-34.03749,-71.22447,138,11.5
alhue,ignacio-carrera-pinto,Ignacio Carrera Pinto,village,-34.02884,-71.08781,186,1.2
alhue,lo-salinas,Lo Salinas,locality,-34.12202,-71.07405,251,10.1
alhue,rancho-refugio,Rancho Refugio,locality,-34.14422,-71.02796,415,14.0
alhue,villa-alhue,Villa Alhué,town,-34.03206,-71.09912,185,0.2
alto-biobio,cuesta-la-z,Cuesta La Z,locality,-38.06229,-71.35302,857,3.5
alto-biobio,curamallin,Curamallín,locality,-37.64899,-71.27234,1586,44.8
alto-biobio,ralco,Ralco,village,-37.88203,-71.63738,514,33.8
alto-del-carmen,alto-del-carmen,Alto del Carmen,village,-28.75967,-70.48611,819,19.5
alto-del-carmen,caracol,Caracol,locality,-28.68896,-70.57001,695,29.2
alto-del-carmen,chanarcillo,Chañarcillo,locality,-29.08333,-70.13333,2117,36.1
alto-del-carmen,el-chacay,El Chacay,locality,-29.15,-70.13333,2465,40.0
alto-del-carmen,el-portillo,El Portillo,locality,-28.94056,-70.26536,1250,19.2
alto-del-carmen,el-ternerito,El Ternerito,locality,-29.1825,-70.10806,3116,44.2
alto-del-carmen,el-transito,El Tránsito,village,-28.87157,-70.28349,1096,18.7
alto-del-carmen,la-higuera,La Higuera,locality,-28.68333,-70.61667,683,31.6
alto-del-carmen,los-chacapes,Los Chacapes,locality,-28.87667,-69.91194,2702,53.9
alto-del-carmen,paso-mallo,Paso Mallo,locality,-29.1,-70.15,3240,35.6
alto-del-carmen,potrero-de-toledo,Potrero de Toledo,locality,-28.78333,-70.03333,3766,45.0
alto-hospicio,condominos-monte-sol,Condominos Monte Sol,neighbourhood,-20.29228,-70.0923,540,5.3
alto-hospicio,pozo-del-carmen,Pozo del Carmen,neighbourhood,-20.2758,-70.09037,532,4.0
ancud,chacao,Chacao,village,-41.8278,-73.52534,6,25.5
ancud,ines-de-bazan,Inés de Bazán,neighbourhood,-41.87334,-73.81866,67,1.0
ancud,primero-de-mayo,Primero de Mayo,neighbourhood,-41.88071,-73.83262,28,1.4
ancud,pudeto-bajo,Pudeto Bajo,suburb,-41.87769,-73.79871,10,2.7
ancud,vista-hermosa,Vista Hermosa,neighbourhood,-41.86046,-73.81604,48,1.4
andacollo,las-catanas,Las Catanas,neighbourhood,-30.22801,-71.07903,1022,1.3
angol,conunuco,Coñuñuco,neighbourhood,-37.79679,-72.69872,68,0.9
angol,el-retiro,El Retiro,neighbourhood,-37.79705,-72.7228,99,1.3
angol,huequen,Huequén,suburb,-37.82084,-72.67008,74,4.2
angol,juan-pablo-ii,Juan Pablo II,neighbourhood,-37.78672,-72.691,70,2.0
angol,la-junta,La Junta,locality,-37.59658,-72.83816,118,25.2
angol,la-placilla,La Placilla,neighbourhood,-37.78672,-72.70832,122,1.3
angol,las-acequias,Las Acequias,neighbourhood,-37.79475,-72.73432,212,2.3
angol,las-hortencias,Las Hortencias,neighbourhood,-37.80979,-72.67577,71,3.1
angol,las-naciones,Las Naciones,neighbourhood,-37.81686,-72.68588,76,2.8
angol,los-arrayanes-ii,Los Arrayanes II,neighbourhood,-37.80487,-72.71382,65,0.8
angol,pampa-ingeniero,Pampa Ingeniero,neighbourhood,-37.80956,-72.70004,74,1.4
angol,quinta-san-pedro,Quinta San Pedro,neighbourhood,-37.81844,-72.63092,76,7.2
angol,santa-elisa,Santa Elisa,locality,-37.60122,-72.84412,384,25.0
antofagasta,agua-buena,Agua Buena,locality,-24.31372,-69.89364,1258,90.2
antofagasta,aguas-blancas,Aguas Blancas,locality,-24.13493,-69.87978,991,75.7
antofagasta,alcalde-poblete,Alcalde Poblete,locality,-24.1257,-69.16888,2436,135.9
antofagasta,altos-club-hipico,Altos Club Hípico,neighbourhood,-23.58056,-70.38433,49,7.5
antofagasta,blanca-rosa,Blanca Rosa,locality,-24.05487,-69.83158,948,73.4
antofagasta,campameto-familias-unidas,Campameto Familias Unidas,neighbourhood,-23.67033,-70.3967,70,2.7
antofagasta,cerro-negro,Cerro Negro,locality,-23.91782,-69.6284,1043,83.9
antofagasta,ciudad-kutulas-barrio-san-marcos,Ciudad Kútulas - Barrio San Marcos,neighbourhood,-23.56079,-70.39134,45,9.5
antofagasta,el-desierto,El Desierto,locality,-23.67403,-69.77367,841,63.7
antofagasta,el-negrillar,El Negrillar,locality,-24.20512,-68.25319,3184,226.7
antofagasta,estacion-prat,Estación Prat,locality,-23.47124,-70.17148,689,30.2
antofagasta,estacion-yungay,Estación Yungay,locality,-24.07946,-69.91982,961,68.4
antofagasta,ex-oficina-augusta-victoria,Ex Oficina Augusta Victoria,locality,-24.10751,-69.36276,1770,117.1
antofagasta,huascar,Huáscar,neighbourhood,-23.73456,-70.43882,13,10.6
antofagasta,la-portada,La Portada,locality,-23.49875,-70.42442,54,16.6
antofagasta,latorre,Latorre,locality,-23.44978,-70.06307,805,40.5
antofagasta,llanos,Llanos,locality,-23.81528,-69.81844,722,61.9
antofagasta,mina-zaldivar,Mina Zaldívar,locality,-24.22387,-69.0841,3141,148.2
antofagasta,negrillar,Negrillar,locality,-24.2356,-68.43823,3413,209.7
antofagasta,neurara,Neurara,locality,-24.1686,-68.47111,3463,204.3
antofagasta,oficina-americana,Oficina Americana,locality,-24.01621,-69.82136,926,71.6
antofagasta,oficina-avanzada,Oficina Avanzada,locality,-24.13721,-69.74275,1034,86.1
antofagasta,oficina-bonasort,Oficina Bonasort,locality,-24.22611,-69.89518,1133,82.3
antofagasta,oficina-castilla,Oficina Castilla,locality,-23.8988,-69.83838,778,63.5
antofagasta,oficina-cota,Oficina Cota,locality,-24.07843,-69.8659,975,72.4
antofagasta,oficina-dominador,Oficina Dominador,locality,-24.36543,-69.50977,1763,120.6
antofagasta,oficina-esmeralda,Oficina Esmeralda,locality,-24.15447,-69.8855,1035,76.9
antofagasta,oficina-eugenia,Oficina Eugenia,locality,-24.1393,-69.89742,1027,74.8
antofagasta,oficina-lacalle,Oficina Lacalle,locality,-24.4218,-69.90496,1384,99.7
antofagasta,oficina-maria-teresa,Oficina María Teresa,locality,-24.20764,-69.85415,1129,83.4
antofagasta,oficina-oriente,Oficina Oriente,locality,-24.05793,-69.79363,970,76.6
antofagasta,oficina-pampa-rica-ruins,Oficina Pampa Rica (ruins),locality,-24.04931,-69.93425,1028,65.1
antofagasta,oficina-pepita,Oficina Pepita,locality,-24.07488,-69.86426,974,72.2
antofagasta,oficina-petronila,Oficina Petronila,locality,-24.15189,-69.85009,1016,79.1
antofagasta,oficina-renacimiento,Oficina Renacimiento,locality,-24.22417,-69.80271,1133,88.3
antofagasta,oficina-rosario,Oficina Rosario,locality,-24.31312,-69.97015,1277,85.9
antofagasta,oficina-san-martin,Oficina San Martin,locality,-24.26368,-69.82503,1193,90.0
antofagasta,oficina-santiago,Oficina Santiago,locality,-24.17912,-69.9174,1091,76.8
antofagasta,oficina-valparaiso,Oficina Valparaíso,locality,-24.24223,-69.84214,1167,87.1
antofagasta,palestina,Palestina,locality,-23.87833,-69.73501,839,72.2
antofagasta,pan-de-azucar,Pan de Azúcar,locality,-24.11529,-68.67403,3025,182.9
antofagasta,parque-universitario-ii,Parque Universitario II,neighbourhood,-23.69936,-70.40766,97,6.0
antofagasta,paso-vicuna-mackenna,Paso Vicuña Mackenna,locality,-24.57365,-70.33552,1913,103.3
antofagasta,plaza-villa-carrizo,Plaza Villa Carrizo,neighbourhood,-23.57471,-70.39288,24,8.0
antofagasta,portezuelo,Portezuelo,locality,-23.69025,-70.28051,549,12.9
antofagasta,punta-rieles,Punta Rieles,locality,-24.15538,-68.58989,3113,192.3
antofagasta,zorras,Zorras,locality,-24.47892,-68.72,3486,193.9
antuco,curva-el-candado,Curva El Candado,locality,-37.38522,-71.387,1280,26.8
antuco,el-llano,El Llano,locality,-37.01934,-71.48196,1259,39.2
antuco,el-polvorin,El Polvorín,locality,-37.39109,-71.40194,1170,25.7
antuco,mallin-del-toro,Mallín del Toro,locality,-37.34903,-71.3911,1490,25.9
antuco,puerto-nuevo,Puerto Nuevo,locality,-37.3774,-71.37101,1347,28.0
antuco,puerto-punta-chillan,Puerto Punta Chillán,locality,-37.22355,-71.30303,1352,35.8
antuco,vega-larga,Vega Larga,locality,-37.53606,-71.24076,1522,45.1
arauco,carampangue,Carampangue,village,-37.25745,-73.24207,6,6.8
arauco,conumo,Conumo,village,-37.26538,-73.22354,22,8.6
arauco,laraquete,Laraquete,village,-37.16743,-73.18534,4,14.6
arauco,llico,Llico,village,-37.19815,-73.56487,6,22.5
arauco,los-arrayanes,Los Arrayanes,neighbourhood,-37.25121,-73.32526,20,0.9
arauco,pichilo,Pichilo,village,-37.26965,-73.19765,13,10.9
arauco,punta-lavapie,Punta Lavapié,village,-37.14971,-73.58082,22,25.7
arauco,ramadillas,Ramadillas,village,-37.30749,-73.25636,7,8.7
arauco,tubul,Tubul,village,-37.23051,-73.44489,2,11.4
arica,acha,Acha,village,-18.58527,-70.24078,224,14.6
arica,ampliacion-olivarera,Ampliación Olivarera,neighbourhood,-18.48172,-70.29079,51,3.2
arica,campanane,Campanane,locality,-18.31457,-69.69682,3342,68.4
arica,cerro-sombrero,Cerro Sombrero,neighbourhood,-18.51134,-70.26844,103,6.7
arica,cuevas-playa-corazones-anzota,Cuevas Playa Corazones (Anzota),locality,-18.55199,-70.33144,30,8.3
arica,el-alto,El Alto,neighbourhood,-18.50085,-70.30462,114,3.1
arica,las-palmas,Las Palmas,neighbourhood,-18.49141,-70.30378,56,2.3
arica,magisterio,Magisterio,neighbourhood,-18.48218,-70.30848,24,1.4
arica,paradero-quebrada-honda,Paradero Quebrada Honda,locality,-18.32549,-69.88406,2041,49.2
arica,pukara-san-lorenzo,Pukará San Lorenzo,locality,-18.52306,-70.1842,270,15.3
arica,punta-gaete,Punta Gaete,locality,-18.40394,-70.08767,950,26.0
arica,punta-norte,Punta Norte,neighbourhood,-18.42943,-70.29004,33,6.4
arica,san-miguel-de-azapa,San Miguel de Azapa,village,-18.51835,-70.17718,262,15.8
arica,santa-rosa,Santa Rosa,village,-18.45437,-70.07133,561,26.5
arica,saucache,Saucache,neighbourhood,-18.49022,-70.26662,94,5.9
arica,tierras-blancas,Tierras Blancas,neighbourhood,-18.45363,-70.29879,5,3.6
arica,valle-hermoso,Valle Hermoso,village,-18.40254,-70.26555,108,10.3
arica,villa-frontera,Villa Frontera,village,-18.40031,-70.31344,35,8.7
aysen,caleta-vidal,Caleta Vidal,locality,-45.25692,-73.43244,31,59.4
aysen,isla-del-diablo,Isla del Diablo,locality,-46.77949,-74.33088,5,198.4
aysen,litoral-austral,Litoral Austral,neighbourhood,-45.41189,-72.67997,11,2.0
aysen,pedro-aguirre-cerda,Pedro Aguirre Cerda,neighbourhood,-45.39405,-72.68956,10,1.0
aysen,puerto-aysen,Puerto Aysén,city,-45.40682,-72.69768,11,0.8
aysen,puerto-chacabuco,Puerto Chacabuco,village,-45.46277,-72.81824,15,11.6
aysen,puerto-slight,Puerto Slight,locality,-46.80406,-75.58225,23,271.6
aysen,sector-lagunillas,Sector Lagunillas,locality,-45.0352,-73.76955,111,93.1
aysen,villa-manihuales,Villa Mañihuales,village,-45.17283,-72.14698,146,50.1
buin,alto-jahuel,Alto Jahuel,town,-33.732,-70.68432,497,6.1
buin,amanecer-campesino,Amanecer Campesino,neighbourhood,-33.66272,-70.66404,587,11.2
buin,arturo-prat,Arturo Prat,neighbourhood,-33.72391,-70.74207,484,1.3
buin,cerrillos,Cerrillos,village,-33.76955,-70.70395,452,5.9
buin,cumbres-de-buin,Cumbres de Buin,neighbourhood,-33.73268,-70.72274,486,2.5
buin,el-recurso,El Recurso,village,-33.69094,-70.70307,542,6.4
buin,el-rulo,El Rulo,village,-33.67707,-70.66934,570,9.7
buin,jardines-de-linderos,Jardines de Linderos,neighbourhood,-33.7521,-70.73764,458,2.4
buin,la-siembra-1,La Siembra 1,neighbourhood,-33.74078,-70.74873,464,0.8
buin,las-vinas-de-buin,Las Viñas de Buin,neighbourhood,-33.74859,-70.75065,455,1.7
buin,linderos,Linderos,suburb,-33.76262,-70.73604,451,3.5
buin,maipo,Maipo,suburb,-33.73286,-70.78124,449,2.9
buin,parques-de-buin-sur,Parques de Buin Sur,neighbourhood,-33.71158,-70.74695,486,2.4
buin,valdivia-de-paine,Valdivia de Paine,village,-33.80903,-70.85922,347,13.1
buin,valle-tranquilo,Valle Tranquilo,neighbourhood,-33.73743,-70.76573,454,1.5
buin,villaseca-oriente,Villaseca Oriente,neighbourhood,-33.74348,-70.7367,469,1.7
buin,viluco,Viluco,village,-33.79262,-70.7803,397,7.2
buin,vinedos-de-buin,Viñedos de Buin,neighbourhood,-33.72528,-70.77334,455,2.3
bulnes,las-camellias,Las Camellias,neighbourhood,-36.74652,-72.28558,84,1.2
bulnes,santa-clara,Santa Clara,village,-36.82903,-72.3341,96,10.1
bulnes,santa-fe,Santa Fé,neighbourhood,-36.7387,-72.30995,78,1.1
bulnes,tres-esquinas,Tres Esquinas,village,-36.78848,-72.20882,125,9.5
cabildo,artificio,Artificio,village,-32.39787,-71.09451,233,4.1
cabildo,la-rinconada,La Rinconada,neighbourhood,-32.44142,-71.07957,188,2.1
cabildo,la-vega,La Vega,village,-32.44684,-70.94919,317,11.2
cabildo,la-vina,La Viña,village,-32.4252,-70.91409,360,14.3
cabildo,las-arenas,Las Arenas,locality,-32.31605,-70.68615,1087,37.8
cabildo,nueva-esperanza,Nueva Esperanza,neighbourhood,-32.41942,-71.05274,191,1.5
cabildo,villa-san-jose,Villa San José,village,-32.41514,-71.07188,200,1.4
cabo-de-hornos,caleta-aguada,Caleta Aguada,locality,-55.07285,-70.84091,0,206.2
cabo-de-hornos,caleta-brecknock,Caleta Brecknock,locality,-54.55115,-71.87715,2,276.7
cabo-de-hornos,caleta-canacus,Caleta Canacus,locality,-55.21971,-68.29861,9,53.8
cabo-de-hornos,caleta-contreras,Caleta Contreras,locality,-54.87352,-68.77585,17,74.4
cabo-de-hornos,caleta-domingo,Caleta Domingo,locality,-55.03946,-68.31707,12,46.2
cabo-de-hornos,caleta-evening,Caleta Evening,locality,-54.95918,-69.4799,0,119.0
cabo-de-hornos,caleta-lewaia,Caleta Lewaia,locality,-54.92961,-68.33888,0,46.1
cabo-de-hornos,caleta-molinare,Caleta Molinare,locality,-55.00048,-68.35235,0,47.5
cabo-de-hornos,caleta-sonia,Caleta Sonia,locality,-54.96038,-69.0105,2,89.1
cabo-de-hornos,caleta-tanswuani,Caleta Tanswuani,locality,-55.07256,-68.32724,18,47.9
cabo-de-hornos,casa-gringo,Casa Gringo,locality,-54.80277,-68.96304,64,87.4
cabo-de-hornos,kemoa,Kemoa,locality,-55.18735,-67.45775,1,30.0
cabo-de-hornos,peninsula-pasteur,Península Pasteur,locality,-55.27119,-68.28021,323,56.5
cabo-de-hornos,puerto-chico,Puerto Chico,locality,-55.09498,-70.61845,103,192.2
cabo-de-hornos,puerto-corriente,Puerto Corriente,locality,-54.98943,-68.36587,22,48.2
cabo-de-hornos,puerto-hondo,Puerto Hondo,locality,-55.0791,-70.03279,12,154.9
cabo-de-hornos,puerto-inutil,Puerto Inútil,locality,-54.98422,-68.20907,60,38.2
cabo-de-hornos,puerto-king,Puerto King,locality,-54.42282,-71.2217,0,238.6
cabo-de-hornos,puerto-micalvito,Puerto Micalvito,locality,-55.19551,-67.86741,12,33.2
cabo-de-hornos,puerto-paredes,Puerto Paredes,locality,-55.0913,-70.68297,26,196.3
cabo-de-hornos,puerto-williams,Puerto Williams,town,-54.93577,-67.60625,15,0.7
cabo-de-hornos,punta-carpintero,Punta Carpintero,locality,-55.2213,-68.21051,15,49.5
cabo-de-hornos,punta-moya,Punta Moya,locality,-54.91827,-68.23385,0,39.5
cabrero,charrua,Charrúa,village,-37.10038,-72.32503,149,10.0
cabrero,heroes-de-chile,Héroes de Chile,neighbourhood,-37.02883,-72.40742,130,0.8
cabrero,mi-sueno,Mi Sueño,neighbourhood,-37.03856,-72.39014,125,1.1
cabrero,monte-aguila,Monte Águila,town,-37.08788,-72.4385,117,7.0
calama,agua-larga,Agua Larga,locality,-22.00767,-68.3299,3941,79.6
calama,aimani,Aimani,locality,-21.61548,-68.66736,3336,97.9
calama,ayaviri,Ayaviri,locality,-22.0361,-68.09628,3926,97.8
calama,cabana,Cabaña,locality,-22.06456,-68.05959,4049,99.6
calama,calachus,Calachus,locality,-21.68353,-68.66215,3291,90.8
calama,calina,Calina,locality,-21.95538,-68.59554,3070,65.9
calama,campamento-azufrera-polan,Campamento Azufrera Polan,locality,-21.24191,-68.51765,4830,142.1
calama,cerritos-bayos,Cerritos Bayos,locality,-22.63916,-69.15046,2139,30.2
calama,chela,Chela,locality,-21.34956,-68.59893,3765,128.3
calama,chitigua,Chitigua,locality,-21.62071,-68.88632,3674,93.7
calama,chiuchiu,Chiuchiu,village,-22.34286,-68.65007,2523,31.4
calama,chulqui,Chulqui,locality,-22.2662,-68.18283,3275,79.6
calama,chunchurri,Chunchurri,neighbourhood,-22.47018,-68.91671,2269,1.4
calama,churqui,Churqui,locality,-21.91974,-68.59695,3053,69.3
calama,condoroma,Condoroma,locality,-21.70491,-68.65436,3275,88.8
calama,divisoco,Divisoco,locality,-22.2523,-68.43729,2771,55.5
calama,el-abra-chica,El Abra Chica,locality,-22.02101,-68.30802,3908,80.4
calama,el-medano,El Médano,locality,-22.06458,-68.2985,3765,78.4
calama,el-ojo-de-san-pedro,El Ojo de San Pedro,locality,-21.96667,-68.31667,3810,83.6
calama,el-peuco,El Peuco,neighbourhood,-22.48563,-68.91716,2264,2.8
calama,el-potrero,El Potrero,locality,-22.2557,-68.09588,3758,88.5
calama,el-sifon,El Sifón,locality,-22.29173,-68.34748,2991,62.6
calama,geyser-el-tatio,Geyser El Tatio,locality,-22.34164,-68.0118,4264,95.1
calama,gran-avenida-sur,Gran Avenida Sur,neighbourhood,-22.47134,-68.92926,2255,1.0
calama,isla-grande,Isla Grande,locality,-22.4,-68.68333,2489,26.0
calama,jalquinche,Jalquinche,neighbourhood,-22.44092,-68.89071,2329,4.4
calama,las-puntas,Las Puntas,locality,-22.35088,-68.20456,3431,75.3
calama,mina-el-abra,Mina El Abra,locality,-21.92178,-68.83207,3729,60.9
calama,nunez,Núñez,neighbourhood,-22.48866,-68.94248,2236,3.3
calama,pinchal,Pinchal,locality,-21.4533,-68.87564,3884,112.3
calama,polapi,Polapi,locality,-21.76705,-68.42815,3773,92.9
calama,portal-del-inca-v,Portal del Inca V,neighbourhood,-22.45222,-68.9506,2237,2.7
calama,ramadas,Ramadas,locality,-22.5,-69.1,1966,18.2
calama,salar-pampa-blanca,Salar Pampa Blanca,neighbourhood,-22.4474,-68.89997,2315,3.3
calama,santa-juana,Santa Juana,neighbourhood,-22.47851,-68.94881,2233,2.9
calama,tapiche,Tapiche,locality,-21.90053,-68.59863,3072,71.0
calama,topain,Topain,locality,-22.15807,-68.3239,3175,70.7
calama,vega-de-paniri,Vega de Paniri,locality,-22.15123,-68.27085,3249,75.9
calbuco,la-vega,La Vega,neighbourhood,-41.77602,-73.13144,6,0.6
calbuco,pargua,Pargua,village,-41.7915,-73.46034,12,27.7
calbuco,piedra-el-horno,Piedra El Horno,locality,-41.74303,-73.07612,12,5.3
calbuco,san-rafael,San Rafael,suburb,-41.75852,-73.14562,19,2.1
calbuco,texas,Texas,village,-41.75594,-73.15266,22,2.7
caldera,algarrobo,Algarrobo,locality,-27.0448,-70.57058,1042,24.5
caldera,bahia-inglesa,Bahía Inglesa,village,-27.10232,-70.85592,15,5.6
caldera,bahia-loreto,Bahía Loreto,neighbourhood,-27.07809,-70.839,11,2.5
caldera,calderilla,Calderilla,neighbourhood,-27.09401,-70.84903,4,4.4
caldera,galleguillos,Galleguillos,locality,-27.01926,-70.57348,906,24.7
caldera,majada-el-tomate,Majada El Tomate,locality,-27.38333,-70.88333,175,35.8
caldera,mirador-de-charito,Mirador de Charito,neighbourhood,-27.06378,-70.83417,35,1.8
caldera,nueva-caldera,Nueva Caldera,neighbourhood,-27.06728,-70.80105,25,1.5
caldera,playa-zapatilla,Playa Zapatilla,locality,-26.8958,-70.81203,22,19.0
calera-de-tango,calera-de-tango,Calera de Tango,town,-33.63094,-70.75932,505,5.7
calera-de-tango,san-ignacio,San Ignacio,village,-33.59967,-70.78559,469,6.3
calera-de-tango,villorrio-los-tilos,Villorrio Los Tilos,neighbourhood,-33.62873,-70.82244,444,2.4
calle-larga,alto-del-puerto,Alto del Puerto,village,-32.84473,-70.63578,774,0.6
calle-larga,el-pino,El Pino,neighbourhood,-32.87071,-70.65193,761,2.9
calle-larga,la-caldera,La Caldera,village,-32.87971,-70.60568,826,4.2
calle-larga,la-capilla-iii,La Capilla III,neighbourhood,-32.86164,-70.62656,780,1.4
calle-larga,las-parcelas-de-calle-larga,Las Parcelas de Calle Larga,neighbourhood,-32.84609,-70.61222,798,2.0
calle-larga,los-villares,Los Villares,village,-32.82526,-70.65855,747,3.6
calle-larga,valle-alegre,Valle Alegre,village,-32.85751,-70.66244,746,2.8
camarones,calaunsa,Calaunsa,locality,-18.87538,-69.99702,775,20.9
camarones,caritaya,Caritaya,locality,-19.01523,-69.33777,3649,55.6
camarones,conanoxa,Conanoxa,locality,-19.04318,-69.97601,464,11.9
camina,alto-camina,Alto Camiña,neighbourhood,-19.31102,-69.42687,2428,1.6
camina,altuza-alto,Altuza Alto,locality,-19.26427,-69.37929,3252,5.6
camina,paga,Paga,locality,-19.1,-69.4,3859,22.3
canela,canela-alta,Canela Alta,village,-31.39067,-71.38897,355,5.9
canela,canela-baja,Canela Baja,village,-31.39842,-71.45757,277,0.7
canela,cuesta-la-viuda,Cuesta La Viuda,locality,-31.27197,-71.15297,865,31.6
canela,huentelauquen-norte,Huentelauquén Norte,village,-31.57796,-71.53726,71,21.4
canela,huentelauquen-sur,Huentelauquén Sur,village,-31.60838,-71.52284,14,24.2
canela,maitencillo,Maitencillo,locality,-31.28879,-71.5934,260,18.4
canela,parque-eolico-canela-i,Parque Eólico Canela I,locality,-31.28856,-71.59657,257,18.6
canela,parque-eolico-canela-ii,Parque Eólico Canela II,locality,-31.2884,-71.59459,259,18.5
canela,parque-eolico-totoral,Parque Eólico Totoral,locality,-31.33031,-71.59452,180,15.8
canete,cayucupil,Cayucupil,village,-37.81192,-73.26535,53,10.4
canete,el-castillo,El Castillo,locality,-37.73951,-73.37,103,6.8
canete,estacion,Estación,neighbourhood,-37.80626,-73.40856,24,2.3
canete,huillinco-alto,Huillinco Alto,village,-37.75473,-73.37473,98,5.1
canete,lleu-lleu,Lleu-Lleu,neighbourhood,-37.7842,-73.38501,83,1.8
canete,lonconao,Lonconao,neighbourhood,-37.79166,-73.39286,70,1.2
canete,pedro-de-valdivia,Pedro de Valdivia,village,-37.7751,-73.37734,87,2.8
canete,puerto-peleco,Puerto Peleco,locality,-37.88495,-73.37201,22,9.5
canete,sargento-aguayo,Sargento Aguayo,neighbourhood,-37.80512,-73.394,65,1.1
canete,toldos,Toldos,locality,-37.81667,-73.13333,704,22.0
carahue,comunidad-mateo-nahuelpan,Comunidad Mateo Nahuelpán,locality,-38.71516,-73.42888,3,22.8
carahue,nehuentue,Nehuentúe,village,-38.74385,-73.4116,2,21.8
carahue,prados-de-san-francisco,Prados de San Francisco,neighbourhood,-38.71094,-73.14254,89,2.4
carahue,trovolhue,Trovolhue,village,-38.6303,-73.31562,21,15.1
cartagena,brisas-del-mar,Brisas del Mar,neighbourhood,-33.55554,-71.61087,90,1.2
cartagena,costa-azul,Costa Azul,suburb,-33.52136,-71.60534,5,3.2
cartagena,el-mirador,El Mirador,neighbourhood,-33.5504,-71.58947,116,1.0
cartagena,la-barcarola,La Barcarola,neighbourhood,-33.53224,-71.58754,28,2.3
cartagena,lo-abarca,Lo Abarca,village,-33.52133,-71.54414,27,6.1
cartagena,san-sebastian,San Sebastián,suburb,-33.52701,-71.59735,17,2.6
casablanca,alto-quintay,Alto Quintay,neighbourhood,-33.1793,-71.67526,46,28.5
casablanca,horcones-de-casablanca,Horcones de Casablanca,neighbourhood,-33.3119,-71.40802,259,1.0
casablanca,la-playa,La Playa,village,-33.2438,-71.45109,288,8.7
casablanca,la-vinilla-norte,La Vinilla Norte,village,-33.36073,-71.30202,304,11.7
casablanca,lagunillas,Lagunillas,village,-33.4458,-71.45266,194,14.7
casablanca,las-tunas,Las Tunas,neighbourhood,-33.32764,-71.41322,262,1.3
casablanca,parque-las-lomas,Parque Las Lomas,neighbourhood,-33.30941,-71.39644,287,2.0
casablanca,quintay,Quintay,village,-33.19428,-71.69655,60,29.4
casablanca,reserva-de-tunquen,Reserva de Tunquén,neighbourhood,-33.21221,-71.62152,269,22.3
casablanca,reserva-puro-caballo,Reserva Puro Caballo,neighbourhood,-33.42814,-71.41881,240,12.4
casablanca,terrazas-de-pitama,Terrazas de Pitama,neighbourhood,-33.26885,-71.4808,298,8.0
casablanca,villorrio-la-rotunda,Villorrio La Rotunda,neighbourhood,-33.30202,-71.40507,263,2.0
castro,club-aereo,Club Aéreo,neighbourhood,-42.48954,-73.77371,39,1.1
castro,gamboa-alto,Gamboa Alto,neighbourhood,-42.48295,-73.78305,95,1.5
castro,la-chacra,La Chacra,neighbourhood,-42.459,-73.78396,110,3.1
castro,llau-llao,Llau-Llao,neighbourhood,-42.43475,-73.76827,43,5.3
castro,manuel-rodriguez,Manuel Rodríguez,neighbourhood,-42.4725,-73.77851,88,1.6
castro,pid-pid,Pid Pid,village,-42.40455,-73.78266,145,8.8
castro,playa-tongoy,Playa Tongoy,locality,-42.47582,-73.7288,25,3.0
castro,punta-diamante,Punta Diamante,locality,-42.47204,-73.76416,9,1.2
castro,ten-ten,Ten Ten,neighbourhood,-42.45325,-73.77268,79,3.3
catemu,catemu,Catemu,town,-32.77842,-70.96334,416,17.4
catemu,chagres,Chagres,neighbourhood,-32.80565,-70.95789,415,20.4
catemu,el-cobre,El Cobre,village,-32.75178,-70.96541,463,14.6
catemu,el-nilhue,El Ñilhue,village,-32.71601,-70.91957,502,14.1
catemu,el-seco-alto,El Seco Alto,village,-32.73863,-70.96944,489,13.1
catemu,las-majadas,Las Majadas,locality,-32.63333,-70.86667,1237,15.6
catemu,las-varillas,Las Varillas,village,-32.75708,-70.94392,434,16.1
catemu,los-cerrillos,Los Cerrillos,village,-32.69233,-70.93103,465,11.6
catemu,los-mantos,Los Mantos,locality,-32.66667,-70.91667,808,11.5
catemu,reinoso,Reinoso,village,-32.78597,-70.89562,469,21.3
catemu,san-jose,San José,village,-32.78705,-70.91255,455,20.5
catemu,santa-margarita,Santa Margarita,village,-32.77451,-70.93349,446,18.3
cauquenes,alto-del-rio,Alto del Río,neighbourhood,-35.97178,-72.3279,150,4.3
cauquenes,curimanqui,Curimanqui,locality,-36.21667,-72.36667,285,28.4
cauquenes,el-llano,El Llano,locality,-35.96667,-72.15,246,11.7
cauquenes,los-acacios,Los Acacios,neighbourhood,-35.95052,-72.34011,157,5.9
cauquenes,los-conquistadores,Los Conquistadores,neighbourhood,-35.99046,-72.31374,151,3.7
cauquenes,los-robles,Los Robles,neighbourhood,-35.94904,-72.34619,174,6.5
cauquenes,quella,Quella,village,-36.05797,-72.09142,129,19.5
cauquenes,rocas-de-cauquenes,Rocas de Cauquenes,neighbourhood,-35.94875,-72.3509,170,6.9
cauquenes,san-valentin,San Valentín,neighbourhood,-35.97979,-72.31367,140,3.2
cauquenes,sauzal,Sauzal,village,-35.72098,-72.12697,192,31.1
cauquenes,valle-grande-ii,Valle Grande II,neighbourhood,-35.96059,-72.33925,169,5.5
cerrillos,buzeta,Buzeta,neighbourhood,-33.48073,-70.68936,512,1.0
cerrillos,san-alberto-de-cerrillos,San Alberto de Cerrillos,neighbourhood,-33.50052,-70.70035,515,1.9
cerro-navia,parque-industrial-costanera-sur,Parque Industrial Costanera Sur,neighbourhood,-33.42069,-70.77152,480,5.1
cerro-navia,perez-mascayano,Pérez Mascayano,neighbourhood,-33.43311,-70.72627,496,2.0
chaiten,bahia-pescadores,Bahía Pescadores,locality,-43.59015,-72.88528,2,76.0
chaiten,caleta-silva-palma,Caleta Silva Palma,locality,-43.59948,-72.92236,27,77.6
chaiten,chaiten-sur,Chaitén Sur,neighbourhood,-42.92522,-72.71098,8,0.7
chaiten,el-mirador,El Mirador,locality,-42.87739,-72.28957,500,34.5
chaiten,los-mallines,Los Mallines,locality,-42.85722,-72.21923,515,40.5
chaiten,puerto-escondido,Puerto Escondido,locality,-43.61769,-72.88004,70,78.9
chaiten,puerto-tictoc,Puerto Tictoc,locality,-43.5974,-72.94429,32,77.8
chaiten,puerto-yelcho,Puerto Yelcho,locality,-43.0097,-72.75146,10,10.6
chaiten,punta-auchemo,Punta Auchemó,locality,-43.02931,-72.85442,48,17.0
chaiten,punta-becerra,Punta Becerra,locality,-42.95045,-72.81206,71,9.1
chaiten,punta-carabantes,Punta Carabantes,locality,-43.04413,-72.74343,43,14.2
chaiten,punta-chulao,Punta Chulao,locality,-42.29575,-72.83292,2,70.1
chaiten,punta-errazuriz,Punta Errázuriz,locality,-43.00364,-72.76006,16,10.3
chaiten,punta-huerta,Punta Huerta,locality,-43.04392,-72.77757,12,14.9
chaiten,punta-navarro,Punta Navarro,locality,-42.96949,-72.78846,140,8.6
chaiten,punta-pilcomayo,Punta Pilcomayo,locality,-43.02298,-72.83622,37,15.5
chaiten,santa-juana,Santa Juana,locality,-42.88309,-72.35353,530,29.2
chaiten,vilcun,Vilcún,locality,-42.83507,-72.81653,14,12.8
chanaral,barquito,Barquito,neighbourhood,-26.35923,-70.64403,24,2.5
chanaral,carrizalillo,Carrizalillo,locality,-26.0231,-70.316,753,47.3
chanaral,el-jote,El Jote,locality,-26.09366,-70.14712,837,55.2
chanaral,el-salado,El Salado,village,-26.42137,-70.32027,410,31.2
chanaral,mina-ellana,Mina Ellana,locality,-26.10201,-70.25804,995,45.5
chanaral,mina-la-dichosa,Mina La Dichosa,locality,-26.23753,-70.21582,1092,42.3
chanaral,mina-la-suerte,Mina La Suerte,locality,-26.3383,-70.41448,584,20.7
chanaral,mina-los-juanitos,Mina Los Juanitos,locality,-26.57226,-70.10545,1130,57.2
chanaral,mina-manto-verde,Mina Manto Verde,locality,-26.56442,-70.32706,830,38.0
chanaral,mina-rosario,Mina Rosario,locality,-26.01783,-70.25845,709,51.6
chanaral,mina-rosario-2,Mina Rosario,locality,-26.04502,-70.13583,902,59.1
chanaral,mina-san-juan,Mina San Juan,locality,-26.60349,-70.316,949,41.7
chanaral,mina-san-manuel,Mina San Manuel,locality,-26.60991,-70.144,1509,55.8
chanaral,mina-tulipan,Mina Tulipán,locality,-26.39152,-70.30176,747,32.3
chanaral,paradero-jose-joaquin-perez,Paradero José Joaquín Pérez,locality,-25.98769,-69.91814,1171,80.9
chanaral,punta-negra,Punta Negra,locality,-26.39499,-70.41743,284,21.1
chanaral,punta-piedra-blanca,Punta Piedra Blanca,locality,-26.35172,-70.63738,5,1.6
chanco,la-vega,La Vega,village,-35.87558,-72.44622,248,17.7
chanco,pahuil,Pahuil,village,-35.61643,-72.57082,61,13.4
chanco,paraiso-colonial,Paraíso Colonial,neighbourhood,-35.74275,-72.53862,41,1.2
chepica,almacigo-las-palmas,Almacigo Las Palmas,locality,-34.85213,-71.49232,239,23.2
chepica,auquinco,Auquinco,village,-34.76215,-71.19631,222,8.6
chepica,candelaria-n1,Candelaria N1,locality,-34.8067,-71.43481,359,16.1
chepica,candelaria-n3,Candelaria N3,locality,-34.83221,-71.44628,270,18.5
chepica,chepica-abajo,Chépica Abajo,neighbourhood,-34.70753,-71.30007,186,3.3
chepica,la-mina,La Mina,village,-34.6966,-71.28394,187,4.1
chepica,la-orilla,La Orilla,neighbourhood,-34.74207,-71.18509,217,9.0
chepica,la-penuela,La Peñuela,locality,-34.85308,-71.53859,192,26.8
chepica,la-perez,La Pérez,locality,-34.85052,-71.51489,230,24.8
chepica,las-aranas,Las Arañas,village,-34.71484,-71.25228,197,3.5
chepica,los-mellizos,Los Mellizos,locality,-34.85156,-71.5567,173,28.2
chepica,los-tiuques,Los Tiuques,locality,-34.84894,-71.52769,207,25.8
chepica,paredones-de-auquinco,Paredones de Auquinco,village,-34.77661,-71.1627,234,12.0
chepica,rinconada-de-navarro,Rinconada de Navarro,village,-34.80458,-71.22112,209,9.7
chiguayante,chiguayante-sur,Chiguayante Sur,neighbourhood,-36.9311,-73.0308,28,2.0
chiguayante,cooperativa-biogas,Cooperativa Biogás,neighbourhood,-36.90095,-73.02741,24,2.0
chiguayante,las-palmas,Las Palmas,neighbourhood,-36.88965,-73.03525,22,3.4
chiguayante,las-vertientes,Las Vertientes,neighbourhood,-36.92538,-73.02033,21,1.0
chiguayante,leonera,Leonera,neighbourhood,-36.95595,-73.01409,31,4.4
chiguayante,los-altos-de-chiguayante,Los Altos de Chiguayante,neighbourhood,-36.92055,-73.03407,24,1.6
chiguayante,pablo-neruda,Pablo Neruda,neighbourhood,-36.93902,-73.02396,31,2.6
chiguayante,pedro-de-valdivia-alto,Pedro de Valdivia Alto,neighbourhood,-36.85987,-73.04609,71,6.8
chiguayante,plazas-del-sol,Plazas del Sol,neighbourhood,-36.94581,-73.01318,31,3.3
chiguayante,santa-elisa,Santa Elisa,neighbourhood,-36.91212,-73.01999,44,0.6
chiguayante,villuco,Villuco,neighbourhood,-36.88059,-73.03609,22,4.4
chile-chico,el-pedregal,El Pedregal,locality,-46.72389,-73.02941,252,101.4
chile-chico,los-calafates,Los Calafates,neighbourhood,-46.54883,-71.7223,219,1.4
chile-chico,puerto-guadal,Puerto Guadal,village,-46.84457,-72.70429,211,81.8
chillan,alonso-de-ercilla,Alonso de Ercilla,neighbourhood,-36.62873,-72.06657,138,4.1
chillan,ampliacion-puren,Ampliación Purén,neighbourhood,-36.61403,-72.0894,123,1.5
chillan,boyen-grande,Boyén Grande,neighbourhood,-36.6336,-72.07719,131,3.8
chillan,brisas-del-bicentenario,Brisas del Bicentenario,neighbourhood,-36.63576,-72.10073,116,3.2
chillan,capilla-cox,Capilla Cox,village,-36.55357,-71.97766,161,12.7
chillan,carlos-ibanez-del-campo,Carlos Ibáñez del Campo,neighbourhood,-36.60813,-72.11667,112,1.2
chillan,el-emboque,El Emboque,village,-36.63373,-72.02145,168,7.9
chillan,el-oratorio,El Oratorio,neighbourhood,-36.61779,-72.10262,120,1.2
chillan,huertos-de-chillan,Huertos de Chillán,neighbourhood,-36.62904,-72.03997,152,6.2
chillan,jardin-del-este,Jardín del Este,neighbourhood,-36.5874,-72.06241,139,4.2
chillan,las-araucarias,Las Araucarias,neighbourhood,-36.58205,-72.13521,115,4.0
chillan,las-malvas,Las Malvas,neighbourhood,-36.58831,-72.11775,116,2.4
chillan,las-mariposas,Las Mariposas,village,-36.64022,-71.98953,194,10.8
chillan,los-volcanes,Los Volcanes,neighbourhood,-36.62064,-72.08098,128,2.5
chillan,nevados-de-chillan,Nevados de Chillán,neighbourhood,-36.61384,-72.07181,133,2.9
chillan,parque-universitario,Parque Universitario,neighbourhood,-36.59788,-72.0623,138,3.8
chillan,pedro-lagos,Pedro Lagos,neighbourhood,-36.61854,-72.11603,114,1.7
chillan,portal-del-libertador,Portal del Libertador,neighbourhood,-36.58289,-72.09841,123,2.7
chillan,portal-del-sol,Portal del Sol,neighbourhood,-36.59158,-72.10151,122,1.7
chillan,porvenir,Porvenir,neighbourhood,-36.71526,-72.06411,190,12.6
chillan,quinchamali,Quinchamalí,village,-36.64842,-72.40338,46,27.2
chillan,quinquehua,Quinquehua,village,-36.54256,-71.88229,202,21.0
chillan,reloca,Reloca,village,-36.5505,-72.00358,153,10.9
chillan,rio-viejo,Río Viejo,neighbourhood,-36.62871,-72.09071,127,2.7
chillan,sargento-aldea,Sargento Aldea,neighbourhood,-36.60072,-72.10325,118,0.7
chillan,valle-central,Valle Central,neighbourhood,-36.58291,-72.07354,135,3.7
chillan-viejo,diego-portales,Diego Portales,neighbourhood,-36.63405,-72.12247,108,1.5
chillan-viejo,don-ambrosio,Don Ambrosio,neighbourhood,-36.62822,-72.10925,114,2.1
chillan-viejo,el-bajo,El Bajo,neighbourhood,-36.62894,-72.1334,104,0.7
chillan-viejo,los-fundadores,Los Fundadores,neighbourhood,-36.61687,-72.13793,102,0.9
chillan-viejo,rucapequen,Rucapequén,village,-36.67148,-72.27845,78,14.2
chimbarongo,codegua,Codegua,village,-34.77688,-70.94784,330,11.3
chimbarongo,el-cedronal,El Cedronal,neighbourhood,-34.70249,-70.95076,383,8.2
chimbarongo,el-rincon,El Rincón,village,-34.79672,-71.02497,285,9.9
chimbarongo,estacion-tinguiririca,Estación Tinguiririca,neighbourhood,-34.6449,-70.99364,360,8.3
chimbarongo,huemul,Huemul,village,-34.85234,-70.96946,327,17.2
chimbarongo,la-cuesta,La Cuesta,village,-34.66269,-71.00137,353,6.2
chimbarongo,la-lucana,La Lucana,village,-34.74569,-71.05882,281,4.4
chimbarongo,las-diucas,Las Diucas,neighbourhood,-34.65155,-70.95162,400,10.3
chimbarongo,las-mariposas,Las Mariposas,neighbourhood,-34.69515,-71.01597,331,2.7
chimbarongo,quicharco,Quicharco,village,-34.67921,-70.91924,432,11.5
chimbarongo,san-enrique-de-romeral,San Enrique de Romeral,village,-34.73128,-70.9896,335,5.3
chimbarongo,san-juan-de-la-sierra,San Juan de la Sierra,village,-34.69967,-70.92728,407,10.4
chimbarongo,santa-adela,Santa Adela,neighbourhood,-34.71359,-71.02864,313,1.2
chimbarongo,tinguiririca,Tinguiririca,village,-34.65365,-70.97155,381,8.8
cholchol,la-dehesa,La Dehesa,neighbourhood,-38.59473,-72.84282,30,0.9
cholchol,malalche-rincon,Malalche Rincón,locality,-38.55748,-72.94503,42,9.5
cholchol,repocura,Repocura,locality,-38.4954,-72.89843,52,12.4
chonchi,cruce-ex-rotonda-huitauque,Cruce Ex-Rotonda Huitauque,locality,-42.61038,-73.80233,77,2.9
chonchi,huillinco,Huillinco,village,-42.67468,-73.89762,2,11.7
cisnes,la-junta,La Junta,village,-43.97212,-72.4053,50,89.6
cisnes,piedra-del-gato,Piedra del Gato,locality,-44.6517,-72.38956,244,26.9
cisnes,puerto-cisnes,Puerto Cisnes,town,-44.72726,-72.68046,18,3.0
cisnes,puyuhuapi,Puyuhuapi,village,-44.32521,-72.55843,7,48.5
cisnes,uspallante,Uspallante,locality,-44.93863,-73.11909,10,39.1
cobquecura,buchupureo,Buchupureo,village,-36.07403,-72.77765,6,6.6
cobquecura,la-loberia,La Lobería,neighbourhood,-36.13309,-72.8033,4,1.8
cochamo,pueblo-hundido,Pueblo Hundido,neighbourhood,-41.49503,-72.29654,4,1.8
cochamo,rio-puelo,Río Puelo,village,-41.66428,-72.29622,14,18.3
cochrane,el-ciruelo,El Ciruelo,locality,-47.26257,-72.44939,203,9.4
cochrane,el-porvenir,El Porvenir,locality,-47.23997,-72.68422,435,8.5
cochrane,el-tacay,El Tacay,locality,-47.39365,-72.87366,75,27.5
cochrane,la-quema,La Quema,locality,-47.6,-73.1,284,55.2
cochrane,laguna-fria,Laguna Fría,locality,-47.42567,-72.4135,372,22.6
cochrane,los-leones,Los Leones,locality,-47.21385,-72.86945,619,22.8
cochrane,poco-a-poco,Poco a Poco,locality,-47.33342,-72.75555,426,16.3
cochrane,potrero-las-vacas,Potrero Las Vacas,locality,-47.0524,-72.39056,301,26.3
cochrane,puesto-tejuela,Puesto Tejuela,locality,-47.17676,-72.36613,452,17.8
cochrane,reserva-nacional-tamango,Reserva Nacional Tamango,locality,-47.24247,-72.52402,169,3.9
codegua,el-carmen,El Carmen,village,-34.08512,-70.6531,509,5.9
codegua,la-blanquina,La Blanquina,village,-34.07083,-70.66379,522,4.2
codegua,la-buitrera,La Buitrera,locality,-34.04548,-70.4912,1425,16.2
codegua,la-compania,La Compañía,village,-34.08,-70.68233,496,5.4
codegua,la-morera,La Morera,village,-34.09495,-70.675,490,6.9
codegua,lo-amparo,Lo Amparo,neighbourhood,-34.02409,-70.65711,559,1.4
codegua,los-silva-alto,Los Silva Alto,neighbourhood,-34.04306,-70.6501,573,1.9
coelemu,domingo-ortiz-de-rosas,Domingo Ortiz de Rosas,neighbourhood,-36.48486,-72.7093,23,0.7
coelemu,el-rosal,El Rosal,suburb,-36.50424,-72.71609,23,2.2
coelemu,perales,Perales,village,-36.42242,-72.86861,3,16.5
coelemu,ranguelmo,Ranguelmo,village,-36.57874,-72.76328,181,11.5
coelemu,rene-schneider,René Schneider,neighbourhood,-36.48983,-72.69551,17,0.7
coelemu,toroico,Toroico,locality,-36.49456,-72.78245,221,7.2
coihueco,bustamante,Bustamante,village,-36.58909,-71.76767,241,6.6
coihueco,carrizales,Carrizales,locality,-36.76667,-71.26667,802,53.2
coihueco,fundo-la-esperanza,Fundo La Esperanza,locality,-36.77953,-71.72664,602,20.5
coihueco,fundo-los-pellines,Fundo Los Pellines,locality,-36.82393,-71.6166,719,30.1
coihueco,fundo-san-isidro,Fundo San Isidro,locality,-36.54489,-71.65824,561,17.6
coihueco,la-vinita,La Viñita,village,-36.58683,-71.74946,254,8.2
coihueco,minas-del-prado,Minas del Prado,village,-36.66575,-71.70438,553,12.7
coihueco,san-antonio-de-cato,San Antonio de Cato,village,-36.53897,-71.83566,223,8.6
coihueco,talquipen,Talquipén,village,-36.61001,-71.92586,207,8.3
coinco,angostura,Angostura,neighbourhood,-34.26009,-70.95052,334,1.7
coinco,chillehue,Chillehue,neighbourhood,-34.29137,-70.98728,301,3.3
coinco,copequen,Copequén,village,-34.24977,-70.92599,357,4.2
coinco,copequen-sur,Copequén Sur,neighbourhood,-34.24841,-70.91518,363,5.1
coinco,el-cardal,El Cardal,neighbourhood,-34.27167,-70.96177,323,0.7
coinco,el-rulo,El Rulo,village,-34.30689,-71.01992,281,6.6
coinco,los-abedules-de-copequen,Los Abedules de Copequén,neighbourhood,-34.25435,-70.89085,392,7.1
colbun,brisas-del-lago,Brisas del Lago,neighbourhood,-35.70682,-71.31138,429,9.5
colbun,campo-lindo,Campo Lindo,neighbourhood,-35.69819,-71.26687,451,13.5
colbun,casa-de-lata,Casa de Lata,locality,-35.9663,-71.03447,1025,45.4
colbun,el-dayne,El Dayne,locality,-35.69501,-71.29341,436,11.1
colbun,las-vegas-de-jorquera,Las Vegas de Jorquera,locality,-36.20862,-71.02464,1818,66.7
colbun,loma-blanca,Loma Blanca,locality,-35.71906,-71.24621,482,15.5
colbun,los-peumos,Los Peumos,neighbourhood,-35.68802,-71.30223,420,10.4
colbun,maule-sur,Maule Sur,village,-35.63767,-71.39663,289,7.2
colbun,panimavida,Panimávida,village,-35.76237,-71.41889,201,6.9
colbun,parque-la-ponderosa,Parque La Ponderosa,neighbourhood,-35.7098,-71.32623,431,8.2
colbun,paso-rari,Paso Rari,village,-35.78776,-71.44322,178,10.0
colbun,quinamavida,Quinamávida,village,-35.81124,-71.43187,212,12.4
colbun,san-francisco,San Francisco,neighbourhood,-35.6955,-71.40776,254,0.9
colbun,san-francisco-de-rari,San Francisco de Rari,village,-35.80605,-71.45679,173,12.3
colbun,san-nicolas,San Nicolás,village,-35.73612,-71.42129,218,4.0
colbun,santa-rosa,Santa Rosa,neighbourhood,-35.76213,-71.43152,195,7.0
colchane,alpajere,Alpajere,locality,-19.15735,-69.2853,3855,69.1
colchane,anchicha,Anchicha,locality,-19.47805,-68.49737,3767,27.0
colchane,banaguano,Bañaguano,locality,-19.45,-68.45,3978,27.8
colchane,cachahuano,Cachahuano,locality,-19.26584,-68.72595,3856,9.1
colchane,cancosa,Cancosa,locality,-19.51725,-68.5716,4130,27.8
colchane,casiri,Casiri,locality,-19.38631,-68.62228,3717,12.5
colchane,chapi,Chapi,locality,-19.40592,-68.51719,3671,19.4
colchane,charviri,Charviri,locality,-19.55435,-68.5868,3860,31.5
colchane,chichura,Chichura,locality,-19.56766,-68.94555,4200,45.7
colchane,chinchillani,Chinchillani,locality,-19.08413,-68.88857,4224,33.7
colchane,chuayane,Chuayane,locality,-19.64749,-68.66246,4159,41.4
colchane,chullumpire,Chullumpire,locality,-19.52759,-68.96718,4270,44.3
colchane,churullo,Churullo,locality,-19.64778,-68.68386,4294,41.7
colchane,cuchuguano,Cuchuguano,locality,-19.59132,-68.57076,3945,35.9
colchane,cutiguano,Cutiguano,locality,-19.41583,-68.61018,3725,15.9
colchane,huanca,Huanca,locality,-19.56466,-68.87228,4130,40.4
colchane,irupata,Irupata,locality,-19.51692,-68.50131,3894,30.5
colchane,lupivinto,Lupivinto,locality,-19.28806,-68.68916,3750,5.4
colchane,machajullo,Machajullo,locality,-19.08609,-68.89105,4226,33.8
colchane,mucomucone,Mucomucone,locality,-19.04792,-68.92769,4278,39.4
colchane,pacoma,Pacoma,locality,-19.42174,-68.45933,3798,25.0
colchane,palca,Palca,locality,-19.11523,-69.14348,4016,55.8
colchane,pumire-azufreras,Pumire Azufreras,locality,-19.05,-69.05,4718,49.9
colchane,queniza,Queñiza,locality,-19.37128,-68.91195,4197,30.5
colchane,rincon-huanca,Rincón Huanca,locality,-19.57358,-68.89912,4397,42.9
colchane,saguani,Saguani,locality,-19.48441,-68.69062,3843,23.8
colchane,tacupa,Tacupa,locality,-19.44871,-68.64279,3755,19.3
colchane,tarcavire,Tarcavire,locality,-19.12055,-69.22152,3869,63.5
colchane,tilluma,Tilluma,locality,-19.39527,-68.52245,3670,18.1
colchane,tolaguano,Tolaguano,locality,-19.57702,-68.58534,3909,34.0
colchane,ullumalla,Ullumalla,locality,-19.5,-69.03333,4029,48.3
colchane,umina,Umiña,locality,-19.49952,-68.71561,3830,26.2
colchane,usiga,Usiga,locality,-19.32991,-68.61387,3696,6.6
colchane,usiga-chico,Usiga Chico,locality,-19.32081,-68.61945,3694,5.5
colchane,vilacollo,Vilacollo,locality,-19.3849,-68.54402,3680,15.8
colchane,vilquegmano,Vilquegmano,locality,-19.55747,-68.72419,4016,32.6
colina,ayres-de-chicureo,Ayres de Chicureo,neighbourhood,-33.20248,-70.6497,617,2.3
colina,banos-de-colina,Baños de Colina,locality,-33.18381,-70.59819,924,7.4
colina,borde-blanco,Borde Blanco,neighbourhood,-33.22991,-70.68489,555,3.2
colina,brisas-de-chicureo,Brisas de Chicureo,neighbourhood,-33.23718,-70.67237,556,3.9
colina,chacabuco,Chacabuco,village,-33.02856,-70.69079,706,19.4
colina,chamisero,Chamisero,village,-33.32183,-70.64759,605,13.5
colina,chicureo,Chicureo,town,-33.28365,-70.65338,556,9.3
colina,condores,Cóndores,neighbourhood,-33.26917,-70.65325,567,7.7
colina,el-colorado,El Colorado,village,-33.07394,-70.71789,633,14.8
colina,estancia-liray,Estancia Liray,neighbourhood,-33.21779,-70.68287,567,1.9
colina,jardines-de-esmeralda,Jardines de Esmeralda,neighbourhood,-33.18573,-70.65845,644,2.4
colina,la-reserva-de-chicureo,La Reserva de Chicureo,neighbourhood,-33.31798,-70.67453,580,12.9
colina,las-canteras,Las Canteras,village,-33.30624,-70.69491,514,11.7
colina,lo-arcaya,Lo Arcaya,village,-33.24366,-70.68564,545,4.7
colina,lo-seco,Lo Seco,neighbourhood,-33.19352,-70.67156,612,1.0
colina,los-ciruelos,Los Ciruelos,neighbourhood,-33.24339,-70.70783,533,5.5
colina,los-parrales,Los Parrales,neighbourhood,-33.21418,-70.6994,555,2.6
colina,piedra-roja,Piedra Roja,neighbourhood,-33.28007,-70.6409,577,9.2
colina,puerta-norte,Puerta Norte,neighbourhood,-33.19023,-70.6823,595,1.5
colina,quilapilun-alto,Quilapilún Alto,village,-33.09315,-70.67636,730,12.1
colina,san-luis,San Luis,neighbourhood,-33.21896,-70.66381,581,2.1
colina,santa-elena,Santa Elena,village,-33.21567,-70.73239,535,5.6
colina,santa-filomena,Santa Filomena,neighbourhood,-33.21076,-70.65757,596,1.9
colina,santa-marta-de-liray,Santa Marta de Liray,village,-33.23997,-70.73674,519,7.1
colina,valle-norte,Valle Norte,neighbourhood,-33.30891,-70.66092,549,11.9
colina,valle-verde,Valle Verde,neighbourhood,-33.18376,-70.67246,618,2.1
collipulli,el-esfuerzo,El Esfuerzo,neighbourhood,-37.78604,-72.46866,182,18.5
collipulli,maica,Maica,locality,-37.89901,-72.29206,262,13.6
collipulli,mininco,Mininco,village,-37.7951,-72.47323,187,17.6
collipulli,reduccion-maica,Reducción Maica,locality,-37.89795,-72.24897,319,17.2
coltauco,cuesta-idahue,Cuesta Idahue,village,-34.34131,-71.15635,234,6.9
coltauco,el-almendro,El Almendro,suburb,-34.28137,-71.06203,268,4.1
coltauco,el-parral,El Parral,suburb,-34.26835,-71.05699,271,5.3
coltauco,lo-de-cuevas,Lo de Cuevas,village,-34.23207,-70.99911,313,12.0
coltauco,loreto-molino,Loreto - Molino,village,-34.26226,-71.01503,297,8.9
coltauco,puren,Purén,village,-34.26263,-71.07225,274,4.9
coltauco,rinconada-de-idahue,Rinconada de Idahue,village,-34.29039,-71.14793,265,4.5
coltauco,rinconada-de-parral,Rinconada de Parral,village,-34.24172,-71.07339,342,6.9
combarbala,cogoti,Cogotí,village,-31.0885,-70.95574,861,12.5
combarbala,cogoti-2,Cogotí,locality,-31.02597,-71.04791,668,15.6
combarbala,comunidad-jimenez-y-tapia,Comunidad Jiménez y Tapia,locality,-31.04743,-71.03802,717,13.3
combarbala,la-ligua,La Ligua,village,-31.04089,-71.0425,710,14.0
combarbala,la-represita,La Represita,locality,-31.03719,-70.92047,1264,19.0
combarbala,las-tortolas,Las Tórtolas,locality,-30.93033,-71.09877,825,26.7
combarbala,los-molles,Los Molles,locality,-30.98385,-71.09394,691,20.8
combarbala,majada-de-zorra,Majada de Zorra,locality,-30.94202,-71.10571,758,25.5
combarbala,quilitapia,Quilitapia,village,-31.11751,-71.1598,825,11.8
combarbala,san-marcos,San Marcos,village,-30.95524,-71.06972,540,23.6
concepcion,aguita-de-la-perdiz,Agüita de la Perdiz,neighbourhood,-36.83514,-73.03866,35,1.4
concepcion,altos-de-palomares,Altos de Palomares,neighbourhood,-36.81962,-72.98587,13,5.8
concepcion,cerro-amarillo,Cerro Amarillo,neighbourhood,-36.82318,-73.05593,18,0.7
concepcion,cerro-el-golf,Cerro El Golf,neighbourhood,-36.80929,-73.06304,35,2.3
concepcion,cerro-la-polvora,Cerro La Pólvora,neighbourhood,-36.80905,-73.03736,31,2.3
concepcion,chaimavida,Chaimávida,village,-36.85798,-72.87385,73,16.1
concepcion,costanera,Costanera,neighbourhood,-36.8269,-73.07013,12,1.8
concepcion,el-pino,El Pino,village,-36.84141,-72.92328,61,11.4
concepcion,jardines-de-andalien,Jardines de Andalién,neighbourhood,-36.80103,-73.02945,9,3.4
concepcion,jardines-de-antilhue,Jardines de Antilhue,neighbourhood,-36.778,-73.05146,8,5.4
concepcion,juan-bosco,Juan Bosco,neighbourhood,-36.82001,-73.03556,14,1.5
concepcion,juan-riquelme-garay,Juan Riquelme Garay,village,-36.80149,-72.95507,17,8.9
concepcion,la-araucana,La Araucana,neighbourhood,-36.83947,-73.00262,18,4.5
concepcion,lo-mendez,Lo Méndez,neighbourhood,-36.80086,-73.04971,13,2.9
concepcion,lomas-de-andalien,Lomas de Andalién,village,-36.81696,-72.85858,98,17.1
concepcion,lomas-de-san-andres,Lomas de San Andrés,neighbourhood,-36.79213,-73.05781,11,3.9
concepcion,lomas-de-san-sebastian,Lomas de San Sebastián,neighbourhood,-36.78023,-73.04909,7,5.2
concepcion,los-lirios,Los Lirios,neighbourhood,-36.82534,-73.01811,11,2.9
concepcion,los-queules,Los Queules,neighbourhood,-36.83219,-73.01062,13,3.6
concepcion,miraflores,Miraflores,neighbourhood,-36.81566,-73.07763,9,2.7
concepcion,pedro-de-valdivia-bajo,Pedro de Valdivia Bajo,neighbourhood,-36.84026,-73.05655,11,1.6
concepcion,san-jorge,San Jorge,village,-36.81497,-72.9413,72,9.8
concepcion,teniente-merino-2,Teniente Merino 2,neighbourhood,-36.79341,-73.03824,10,3.9
concepcion,terrazas-de-collao-1,Terrazas de Collao 1,neighbourhood,-36.82246,-73.0033,11,4.2
concepcion,torreones-de-bellavista,Torreones de Bellavista,neighbourhood,-36.78286,-73.03504,29,5.1
concepcion,tres-pascualas,Tres Pascualas,neighbourhood,-36.81224,-73.04794,17,1.6
concepcion,valle-verde-palomares,Valle Verde Palomares,neighbourhood,-36.82917,-72.99341,21,5.1
concepcion,vilumanque,Vilumanque,neighbourhood,-36.78508,-73.01812,11,5.5
conchali,baron-de-juras-reales,Barón de Juras Reales,neighbourhood,-33.39379,-70.68244,506,7.8
conchali,conchali,Conchalí,suburb,-33.39603,-70.67084,514,7.2
concon,bosques-de-montemar,Bosques de Montemar,neighbourhood,-32.94074,-71.54209,108,3.6
concon,caserio-lomas-de-concon,Caserío Lomas de Concón,locality,-32.97973,-71.43535,189,10.3
concon,concon-sur,Concón Sur,neighbourhood,-32.93374,-71.53295,64,2.4
concon,costa-brava,Costa Brava,neighbourhood,-32.9296,-71.54922,36,3.4
concon,laderas-de-montemar,Laderas de Montemar,neighbourhood,-32.94325,-71.52848,146,3.2
concon,nueva-concon,Nueva Concón,neighbourhood,-32.93034,-71.51512,78,1.5
constitucion,agua-buena,Agua Buena,locality,-35.33014,-72.14252,493,24.9
constitucion,caleta-pellines,Caleta Pellines,neighbourhood,-35.47577,-72.50443,0,17.7
constitucion,carrizalillo,Carrizalillo,locality,-35.18333,-72.18333,254,27.0
constitucion,centinela,Centinela,suburb,-35.34449,-72.40054,32,1.9
constitucion,centro,Centro,suburb,-35.33196,-72.41181,11,0.5
constitucion,cerro-alto,Cerro Alto,suburb,-35.34045,-72.41697,83,0.8
constitucion,chacarillas,Chacarillas,suburb,-35.34163,-72.423,35,1.1
constitucion,costa-blanca,Costa Blanca,neighbourhood,-35.50931,-72.524,26,21.9
constitucion,el-espino,El Espino,locality,-35.19008,-72.21168,273,24.5
constitucion,el-puente,El Puente,locality,-35.31807,-72.21775,437,18.1
constitucion,guanacos,Guanacos,locality,-35.32039,-72.20636,520,19.1
constitucion,junquillar,Junquillar,village,-35.27287,-72.34611,9,9.3
constitucion,los-huesos,Los Huesos,locality,-35.38333,-72.25,488,16.1
constitucion,los-molinos,Los Molinos,suburb,-35.34406,-72.41887,59,1.2
constitucion,mancha-de-relbun,Mancha de Relbún,locality,-35.19895,-72.23934,273,22.0
constitucion,papirua,Papirúa,village,-35.50028,-72.5185,34,20.7
constitucion,pellines-alto,Pellines Alto,neighbourhood,-35.48641,-72.50661,55,18.9
constitucion,puertas-verdes,Puertas Verdes,village,-35.38145,-72.3862,289,6.0
constitucion,putu,Putú,village,-35.21255,-72.28525,12,18.0
constitucion,san-ramon,San Ramón,village,-35.41761,-72.33823,396,11.8
constitucion,san-ramon-sur,San Ramón Sur,village,-35.41612,-72.35127,379,11.0
constitucion,santa-olga,Santa Olga,village,-35.45083,-72.27929,271,18.0
constitucion,vaqueria,Vaquería,neighbourhood,-35.20389,-72.27981,17,19.0
constitucion,villa-copihue,Villa Copihue,suburb,-35.33122,-72.4296,100,1.2
contulmo,calebu,Calebu,village,-37.9565,-73.22991,15,4.8
contulmo,el-peral,El Peral,neighbourhood,-38.02627,-73.2324,52,2.9
contulmo,los-notros,Los Notros,locality,-37.91036,-73.28156,73,10.8
contulmo,sector-agua-de-los-padres,Sector Agua de los Padres,locality,-38.01232,-73.24044,41,1.5
copiapo,alto-del-palomar,Alto del Palomar,neighbourhood,-27.39236,-70.32454,406,3.0
copiapo,barros-luco,Barros Luco,locality,-27.66074,-70.55639,486,39.5
copiapo,borgono,Borgoño,neighbourhood,-27.35241,-70.34389,372,1.9
copiapo,cancha-de-carretas,Cancha de Carretas,locality,-26.83333,-69.68333,2764,87.4
copiapo,cardones,Cardones,locality,-27.40844,-70.65291,166,32.0
copiapo,carrera-pinto,Carrera Pinto,locality,-27.08333,-69.93333,1653,50.5
copiapo,carrizo,Carrizo,locality,-28.11667,-70.1,2245,86.5
copiapo,catorcemil,Catorcemil,locality,-26.9,-69.65,3195,85.1
copiapo,cerro-blanco,Cerro Blanco,locality,-28.0255,-70.13894,2086,75.7
copiapo,chanar,Chañar,locality,-27.2959,-70.62887,380,30.3
copiapo,chulo,Chulo,locality,-27.31639,-70.16377,651,17.6
copiapo,el-cobre,El Cobre,neighbourhood,-27.37624,-70.32496,394,1.3
copiapo,el-palomar,El Palomar,suburb,-27.38335,-70.33185,394,1.9
copiapo,estacion-juan-godoy,Estación Juan Godoy,locality,-27.22664,-70.13319,919,25.1
copiapo,estacion-llampos,Estacion Llampos,locality,-27.17065,-70.01537,1432,38.2
copiapo,ingenio,Ingenio,locality,-27.11667,-69.93333,1627,48.2
copiapo,la-cortadera,La Cortadera,locality,-27.00206,-69.64413,2268,79.2
copiapo,llanos-de-la-candelaria,Llanos de la Candelaria,neighbourhood,-27.38416,-70.2938,472,4.3
copiapo,los-llanos,Los Llanos,neighbourhood,-27.40762,-70.28283,436,6.7
copiapo,los-marayes,Los Marayes,locality,-27.46667,-69.7,2852,63.4
copiapo,mina-anima,Mina Ánima,locality,-27.18909,-69.91759,1245,45.5
copiapo,mina-elsie,Mina Elsie,locality,-27.2059,-69.86612,1806,49.4
copiapo,mina-venado-sur,Mina Venado Sur,locality,-27.27317,-69.97431,1322,36.9
copiapo,mineral-chanarcillo,Mineral Chañarcillo,locality,-27.81226,-70.41486,879,50.2
copiapo,molle-bajo,Molle Bajo,locality,-27.85157,-70.31627,1269,54.0
copiapo,monte-amargo,Monte Amargo,locality,-27.35026,-70.7177,136,38.1
copiapo,ojanco-nuevo,Ojanco Nuevo,locality,-27.49743,-70.37814,800,15.2
copiapo,paipote,Paipote,suburb,-27.41473,-70.27498,444,7.8
copiapo,pantanillo,Pantanillo,locality,-27.1029,-69.15045,3794,120.5
copiapo,polvareda,Polvareda,locality,-28.00197,-70.16256,1689,72.6
copiapo,punta-de-diaz,Punta de Díaz,locality,-28.04386,-70.60343,437,79.9
copiapo,punta-negra,Punta Negra,neighbourhood,-27.40231,-70.2914,429,5.7
copiapo,puquios,Puquios,locality,-27.16002,-69.8898,1241,49.4
copiapo,rosario,Rosario,neighbourhood,-27.3768,-70.33883,390,1.3
copiapo,san-fernando,San Fernando,suburb,-27.39319,-70.29897,422,4.4
copiapo,san-pedro,San Pedro,village,-27.32266,-70.5363,228,20.7
copiapo,santa-elvira,Santa Elvira,neighbourhood,-27.38476,-70.31751,404,2.5
copiapo,tamberia,Tambería,locality,-26.8397,-69.15687,3948,130.3
copiapo,valle-fertil,Valle Fértil,locality,-27.28333,-70.53333,766,21.9
copiapo,yerba-buena,Yerba Buena,locality,-28.04446,-70.25339,1164,75.8
coquimbo,altos-de-la-herradura,Altos de La Herradura,neighbourhood,-29.99268,-71.34842,46,4.5
coquimbo,altos-del-mirador,Altos del Mirador,neighbourhood,-29.98634,-71.32083,66,4.0
coquimbo,bosque-oriente,Bosque Oriente,neighbourhood,-29.9715,-71.24664,117,9.0
coquimbo,brisas-de-penuelas,Brisas de Peñuelas,neighbourhood,-29.95126,-71.27686,23,5.9
coquimbo,caleta-los-pescadores-de-penuelas,Caleta Los Pescadores de Peñuelas,neighbourhood,-29.95338,-71.30018,4,3.6
coquimbo,cantera-alta,Cantera Alta,neighbourhood,-29.97847,-71.2889,88,5.5
coquimbo,cerrillos,Cerrillos,village,-30.07044,-71.24382,123,15.9
coquimbo,cielos-del-valle,Cielos del Valle,neighbourhood,-29.97543,-71.25412,116,8.4
coquimbo,cruz-de-cana,Cruz de Caña,village,-30.02394,-71.2094,179,14.7
coquimbo,el-carmen,El Carmen,village,-30.03178,-71.25428,119,11.9
coquimbo,el-penon,El Peñón,village,-30.13695,-71.21857,163,23.4
coquimbo,el-rincon,El Rincón,locality,-30.30405,-71.59988,5,46.4
coquimbo,el-santuario-de-penuelas,El Santuario de Peñuelas,neighbourhood,-29.95934,-71.29018,32,4.7
coquimbo,esfuerzo-campesino,Esfuerzo Campesino,village,-30.05527,-71.25085,122,14.1
coquimbo,guanaqueros,Guanaqueros,village,-30.1977,-71.42201,18,28.4
coquimbo,guayacan,Guayacán,neighbourhood,-29.96809,-71.34708,17,1.9
coquimbo,humedal-el-culebron,Humedal El Culebrón,locality,-29.96152,-71.32237,3,1.8
coquimbo,jardin-del-mar,Jardín del Mar,neighbourhood,-29.9451,-71.28903,5,4.8
coquimbo,la-cantera,La Cantera,suburb,-29.97521,-71.29972,64,4.4
coquimbo,la-hacienda,La Hacienda,locality,-30.12301,-71.36783,4,19.1
coquimbo,la-herradura,La Herradura,suburb,-29.98605,-71.36303,19,4.4
coquimbo,la-herradura-oriente,La Herradura Oriente,neighbourhood,-29.98856,-71.35103,35,4.1
coquimbo,la-pampilla,La Pampilla,neighbourhood,-29.95882,-71.35303,46,1.6
coquimbo,las-torres,Las Torres,suburb,-29.98066,-71.33479,43,3.1
coquimbo,lengua-de-vaca,Lengua de Vaca,locality,-30.25,-71.63333,24,43.5
coquimbo,lomas-de-san-ramon,Lomas de San Ramón,neighbourhood,-29.96197,-71.24438,112,9.1
coquimbo,padre-hurtado,Padre Hurtado,village,-30.02038,-71.26441,112,10.3
coquimbo,palmas-de-san-ramon-iv,Palmas de San Ramón IV,neighbourhood,-29.98054,-71.24326,119,9.6
coquimbo,panul,Panul,locality,-30.01376,-71.39542,24,8.7
coquimbo,parte-alta,Parte Alta,suburb,-29.94885,-71.34583,104,0.9
coquimbo,penuelas-alto,Peñuelas Alto,suburb,-29.95509,-71.26565,55,7.0
coquimbo,penuelas-bajo,Peñuelas Bajo,suburb,-29.96282,-71.30082,21,3.7
coquimbo,punta-mira,Punta Mira,suburb,-29.99346,-71.32766,68,4.6
coquimbo,rincon-la-maladita,Rincon la Maladita,locality,-30.34871,-71.35837,252,44.0
coquimbo,rinconada,Rinconada,suburb,-30.00795,-71.3348,89,6.1
coquimbo,san-bernardo,San Bernardo,locality,-30.37201,-71.31131,601,46.6
coquimbo,san-juan,San Juan,suburb,-29.9733,-71.32578,44,2.5
coquimbo,sindempart,Sindempart,suburb,-29.98328,-71.34291,38,3.4
coquimbo,tierras-blancas,Tierras Blancas,suburb,-29.96588,-71.25587,105,8.0
coquimbo,tongoy,Tongoy,town,-30.25722,-71.49286,3,36.9
coquimbo,totoralillo,Totoralillo,village,-30.06389,-71.36635,108,12.6
coquimbo,tres-villas,Tres Villas,village,-30.01347,-71.26415,130,9.8
coquimbo,triunfo-campesino-san-rafael,Triunfo Campesino - San Rafael,village,-30.00955,-71.2577,113,10.0
coquimbo,valles-del-sauce,Valles del Sauce,neighbourhood,-30.00385,-71.32497,88,5.8
coronel,altos-de-coronel,Altos de Coronel,neighbourhood,-37.02506,-73.1375,31,1.0
coronel,asentamiento-escuadron,Asentamiento Escuadrón,neighbourhood,-36.96294,-73.13869,6,6.0
coronel,buena-vista,Buena Vista,neighbourhood,-36.98611,-73.14796,6,3.6
coronel,calabozo,Calabozo,neighbourhood,-37.00094,-73.13804,7,1.8
coronel,caleta-ingles-bajo,Caleta Inglés Bajo,neighbourhood,-36.98267,-73.52897,24,35.3
coronel,escuadron-oriente,Escuadrón Oriente,neighbourhood,-36.97537,-73.13579,5,4.6
coronel,escuadron-sur,Escuadrón Sur,neighbourhood,-36.98206,-73.16546,7,4.8
coronel,esperanza-unida,Esperanza Unida,neighbourhood,-37.02713,-73.12634,53,1.3
coronel,huertos-familiares,Huertos Familiares,neighbourhood,-36.99131,-73.16917,7,4.3
coronel,laurie,Laurie,neighbourhood,-37.03641,-73.1431,4,2.4
coronel,maule,Maule,neighbourhood,-37.00209,-73.18625,6,5.0
coronel,moises-silva,Moisés Silva,neighbourhood,-36.98807,-73.15371,8,3.7
coronel,nuevo-amanecer,Nuevo Amanecer,neighbourhood,-37.01519,-73.15941,6,2.3
coronel,palomares,Palomares,neighbourhood,-37.02619,-73.17637,20,4.0
coronel,parque-la-posada,Parque La Posada,neighbourhood,-36.96012,-73.15025,6,6.5
coronel,pocuro,Pocuro,neighbourhood,-36.97163,-73.14776,5,5.2
coronel,puerto-sur,Puerto Sur,village,-37.04804,-73.51371,21,33.9
coronel,schwager,Schwager,suburb,-37.01669,-73.1789,7,4.0
corral,la-aguada,La Aguada,neighbourhood,-39.89905,-73.42213,18,1.5
corral,manzano,Manzano,locality,-39.93345,-73.33352,7,9.8
corral,piriguita,Piriguita,locality,-39.9152,-73.26926,28,14.2
corral,romaza,Romaza,locality,-39.95,-73.31667,0,12.0
coyhaique,balmaceda,Balmaceda,village,-45.90939,-71.69972,519,47.3
coyhaique,bano-de-ovejas,Baño de Ovejas,locality,-45.57104,-72.02512,325,3.4
coyhaique,las-horquetas,Las Horquetas,locality,-45.98049,-71.95535,785,46.3
coyhaique,recta-foitzick,Recta Foitzick,neighbourhood,-45.59098,-72.07976,326,2.4
coyhaique,valle-simpson,Valle Simpson,village,-45.7133,-72.0798,355,15.8
cunco,campo-argentino,Campo Argentino,locality,-39.02663,-71.57957,1670,41.1
cunco,choroico,Choroico,village,-38.99883,-72.29384,220,24.3
cunco,colonia-caupolican-oriente,Colonia Caupolicán Oriente,locality,-38.84211,-72.10482,639,10.3
cunco,escritores-de-chile,Escritores de Chile,neighbourhood,-38.94567,-72.03498,361,3.2
cunco,heroes-de-chile,Héroes de Chile,neighbourhood,-38.92916,-72.01794,371,1.9
cunco,las-hortensias,Las Hortensias,village,-38.94155,-72.15405,293,10.8
cunco,los-laureles,Los Laureles,village,-38.98904,-72.2488,244,20.3
cunco,primer-coironal,Primer Coironal,locality,-39.04953,-71.54473,1233,44.7
cunco,quecherehue,Quecherehue,locality,-38.99586,-72.06084,361,9.1
cunco,trapalco,Trapalco,locality,-38.95541,-71.86833,660,14.9
curacautin,barbecho-del-diablo,Barbecho del Diablo,locality,-38.34179,-71.62322,1500,24.9
curacautin,buena-vista,Buena Vista,locality,-38.33848,-71.71294,1213,18.2
curacautin,fundo-la-sombra,Fundo La Sombra,locality,-38.46145,-71.75957,680,11.2
curacautin,malalcahuello,Malalcahuello,village,-38.47517,-71.58159,932,26.7
curacavi,alvarado,Alvarado,village,-33.46825,-71.07034,173,10.6
curacavi,cerrillos,Cerrillos,village,-33.45443,-71.02837,182,12.8
curacavi,los-panguiles,Los Panguiles,village,-33.43517,-71.02904,196,11.9
curacavi,miraflores,Miraflores,village,-33.41247,-71.05572,189,8.9
curacavi,pataguilla,Patagüilla,village,-33.48876,-70.99648,194,17.3
curacavi,pataguilla-el-bosque,Patagüilla El Bosque,village,-33.50526,-70.99608,203,18.5
curanilahue,buena-esperanza,Buena Esperanza,locality,-37.42314,-73.24027,548,10.8
curanilahue,cerro-verde,Cerro Verde,neighbourhood,-37.47184,-73.33717,182,1.3
curanilahue,el-dos,El Dos,neighbourhood,-37.48667,-73.34498,139,2.3
curanilahue,el-potrerillo,El Potrerillo,locality,-37.5,-73.11667,697,20.9
curanilahue,miraflores,Miraflores,neighbourhood,-37.48584,-73.32767,137,2.9
curanilahue,navidad,Navidad,neighbourhood,-37.47136,-73.354,125,0.6
curanilahue,paso-quila,Paso Quila,locality,-37.60563,-73.15207,765,23.3
curanilahue,portal-de-curanilahue,Portal de Curanilahue,neighbourhood,-37.46,-73.3627,122,1.3
curanilahue,san-jose-de-colico,San José de Colico,village,-37.36742,-73.33904,138,11.1
curanilahue,san-pablo,San Pablo,locality,-37.49755,-73.29059,173,6.3
curarrehue,altos-de-panqui,Altos De Panqui,locality,-39.26376,-71.50164,912,11.9
curarrehue,catripulli,Catripulli,village,-39.34763,-71.70628,372,10.6
curarrehue,el-lite,El Lite,locality,-39.07495,-71.51484,1076,31.1
curarrehue,el-michay,El Michay,locality,-39.07605,-71.51653,1066,31.0
curarrehue,los-quesos,Los Quesos,locality,-39.07444,-71.52102,1086,31.1
curarrehue,segundo-coironal,Segundo Coironal,locality,-39.04378,-71.5448,1277,34.2
curarrehue,tello,Tello,locality,-39.07529,-71.50951,1014,31.2
curepto,gualleco,Gualleco,village,-35.24578,-71.98172,100,18.3
curepto,gualleco-alto,Gualleco Alto,neighbourhood,-35.25559,-71.97808,140,19.5
curepto,huaquen,Huaquén,village,-35.11644,-71.69478,73,29.5
curepto,loma-blanca,Loma Blanca,locality,-35.2,-72.13333,149,16.8
curico,araucania,Araucanía,neighbourhood,-34.98174,-71.25964,197,1.9
curico,banos-las-yeguas,Baños Las Yeguas,locality,-35.37182,-70.57194,1975,74.3
curico,conavicoop,Conavicoop,neighbourhood,-34.96875,-71.22032,222,2.5
curico,don-hernan,Don Hernán,neighbourhood,-34.92973,-71.19548,237,7.4
curico,don-sebastian-de-rauquen,Don Sebastián de Rauquén,neighbourhood,-34.96033,-71.21179,229,3.8
curico,el-maiten,El Maitén,village,-35.05686,-71.2201,248,8.1
curico,electrificacion,Electrificación,neighbourhood,-34.98689,-71.24803,204,0.8
curico,fundo-los-correa,Fundo Los Correa,locality,-34.94114,-71.21396,223,5.4
curico,jardines-de-rauquen,Jardines de Rauquén,neighbourhood,-34.96642,-71.20086,238,4.1
curico,la-marqueza,La Marqueza,neighbourhood,-34.97518,-71.23977,210,1.1
curico,la-palmera,La Palmera,village,-35.12781,-71.14886,357,17.9
curico,las-pitras,Las Pitras,neighbourhood,-34.97296,-71.27041,191,3.1
curico,los-castanos,Los Castaños,village,-35.08266,-71.2072,280,11.2
curico,los-cristales,Los Cristales,village,-34.98383,-71.18248,243,5.2
curico,los-niches,Los Niches,village,-35.06303,-71.17134,276,10.6
curico,parque-zapallar,Parque Zapallar,neighbourhood,-34.99226,-71.21756,214,2.1
curico,prosperidad,Prosperidad,neighbourhood,-34.99448,-71.25516,200,1.8
curico,puesto-del-medio,Puesto del Medio,locality,-35.35641,-70.51554,2393,77.7
curico,rucatremu,Rucatremu,neighbourhood,-34.98064,-71.22065,219,1.8
curico,san-alberto,San Alberto,village,-35.0202,-71.21697,222,4.4
curico,santa-fe,Santa Fe,neighbourhood,-34.96514,-71.23821,210,2.3
curico,santa-ines,Santa Inés,neighbourhood,-34.9941,-71.24034,208,1.0
curico,sarmiento,Sarmiento,suburb,-34.93876,-71.2003,235,6.3
curico,tutuquen-bajo,Tutuquén Bajo,village,-34.97922,-71.33828,162,9.0
curico,union-comunal,Unión Comunal,neighbourhood,-35.0022,-71.24678,198,2.0
curico,villa-cordillera,Villa Cordillera,village,-35.17813,-71.12111,425,24.0
curico,vista-hermosa,Vista Hermosa,village,-34.91528,-71.16228,291,10.5
dalcahue,bellavista,Bellavista,neighbourhood,-42.37463,-73.64427,41,0.6
dalcahue,el-bosque,El Bosque,neighbourhood,-42.37907,-73.66042,42,1.1
dalcahue,pulutauco,Pulutauco,neighbourhood,-42.36624,-73.65981,135,1.8
diego-de-almagro,cajoncito,Cajoncito,locality,-26.7,-69.61667,2790,56.9
diego-de-almagro,campamento-gorbea,Campamento Gorbea,locality,-25.48222,-68.97444,4157,145.7
diego-de-almagro,corrales-del-juncalito,Corrales del Juncalito,locality,-26.51896,-68.93062,3829,112.7
diego-de-almagro,cortadero,Cortadero,locality,-26.38458,-69.43323,2793,61.5
diego-de-almagro,el-pino,El Pino,locality,-26.85218,-69.62315,2858,68.7
diego-de-almagro,el-salto,El Salto,locality,-26.66667,-69.68333,2433,49.4
diego-de-almagro,el-salvador,El Salvador,town,-26.24621,-69.62597,2235,44.3
diego-de-almagro,estacion-empalme,Estacion Empalme,locality,-26.41235,-70.13532,648,9.9
diego-de-almagro,finca-agua-dulce,Finca Agua Dulce,locality,-26.43333,-69.51667,2441,53.6
diego-de-almagro,inca-de-oro,Inca de Oro,village,-26.75497,-69.90491,1586,45.5
diego-de-almagro,indio-muerto,Indio Muerto,locality,-26.23333,-69.56667,2643,50.4
diego-de-almagro,la-abundancia,La Abundancia,locality,-26.54966,-69.72651,2065,38.1
diego-de-almagro,la-fortuna,La Fortuna,locality,-26.35024,-70.04303,1063,2.0
diego-de-almagro,la-guanaca,La Guanaca,locality,-26.53333,-69.6,3110,48.5
diego-de-almagro,la-tranquita,La Tranquita,locality,-26.66667,-69.53333,3002,61.3
diego-de-almagro,los-sapos,Los Sapos,locality,-26.46667,-69.51667,2811,54.3
diego-de-almagro,mina-el-carmen,Mina El Carmen,locality,-26.34576,-70.14863,890,10.1
diego-de-almagro,mina-silvita,Mina Silvita,locality,-26.30858,-70.15519,1002,12.3
diego-de-almagro,mineral-el-salvador,Mineral El Salvador,locality,-26.2491,-69.565,2730,50.1
diego-de-almagro,mocobi,Mocobí,locality,-26.6,-69.48333,3507,62.1
diego-de-almagro,pasto-cerrado,Pasto Cerrado,locality,-26.39091,-69.48545,2178,56.3
diego-de-almagro,pedernales,Pedernales,locality,-26.36927,-69.27292,3432,77.4
diego-de-almagro,pedro-montt,Pedro Montt,locality,-26.18333,-69.98333,1060,21.4
diego-de-almagro,planta-el-carmen,Planta El Carmen,locality,-26.39362,-70.17736,718,13.0
diego-de-almagro,pozo-del-indio,Pozo del Indio,locality,-26.20681,-69.55256,2459,52.7
diego-de-almagro,santa-fe,Santa Fe,locality,-26.41774,-70.18393,580,14.5
donihue,agua-de-las-masas,Agua de Las Masas,locality,-34.16406,-70.89058,810,10.4
donihue,california,California,village,-34.21908,-70.92728,366,4.0
donihue,cerrillos,Cerrillos,neighbourhood,-34.25367,-70.99078,332,3.2
donihue,el-frutillar,El Frutillar,locality,-34.17725,-70.92363,567,7.4
donihue,el-naranjillo,El Naranjillo,locality,-34.15088,-70.93148,1319,9.7
donihue,el-pedregal,El Pedregal,neighbourhood,-34.20014,-70.8941,393,7.6
donihue,la-ollada,La Ollada,locality,-34.1543,-70.93672,1219,9.2
donihue,lo-miranda,Lo Miranda,town,-34.18964,-70.89065,399,8.5
donihue,los-lagos,Los Lagos,neighbourhood,-34.20966,-70.9016,385,6.5
donihue,paso-de-piedra,Paso de Piedra,locality,-34.1877,-70.94666,578,5.4
donihue,paso-el-comandante,Paso El Comandante,locality,-34.17875,-70.9465,738,6.3
donihue,plazuela,Plazuela,village,-34.1923,-70.9095,396,7.0
donihue,rinconada-de-donihue,Rinconada de Doñihue,village,-34.20662,-70.9435,369,3.7
el-bosque,el-cobre-imperial,El Cobre / Imperial,neighbourhood,-33.57678,-70.66611,592,1.1
el-bosque,las-palmeras,Las Palmeras,neighbourhood,-33.5516,-70.67375,571,1.8
el-bosque,mercedes-valdes-de-barros-luco,Mercedes Valdés de Barros Luco,neighbourhood,-33.5487,-70.6769,566,2.2
el-carmen,16-de-julio,16 de Julio,neighbourhood,-36.89849,-72.00581,252,1.7
el-carmen,casa-piedra,Casa Piedra,locality,-36.87707,-71.67137,922,31.5
el-monte,altos-del-monte,Altos del Monte,neighbourhood,-33.67333,-70.98686,292,3.0
el-monte,el-paico,El Paico,suburb,-33.68894,-71.04892,250,3.0
el-monte,el-paico-alto,El Paico Alto,village,-33.66127,-71.04626,274,3.7
el-monte,lo-chacon,Lo Chacón,suburb,-33.68692,-71.0236,267,0.8
el-monte,pedro-de-valdivia,Pedro de Valdivia,neighbourhood,-33.68378,-70.99295,287,2.2
el-quisco,isla-negra,Isla Negra,suburb,-33.44027,-71.68056,36,4.8
el-quisco,punta-de-tralca,Punta de Tralca,suburb,-33.4254,-71.69174,37,2.9
el-tabo,cooperativa-el-bosque-de-castilla,Cooperativa El Bosque de Castilla,neighbourhood,-33.44739,-71.6739,35,0.7
el-tabo,guaylandia,Guaylandia,locality,-33.4673,-71.64368,40,2.9
el-tabo,las-cruces,Las Cruces,town,-33.49965,-71.62386,5,6.8
el-tabo,los-molles,Los Molles,neighbourhood,-33.49947,-71.59843,14,8.4
el-tabo,paso-del-rosario,Paso del Rosario,locality,-33.48284,-71.48254,194,17.5
ercilla,las-aguilas,Las Águilas,neighbourhood,-38.06878,-72.37015,312,2.4
ercilla,pailahueque,Pailahueque,village,-38.13211,-72.32146,368,10.6
ercilla,pidima,Pidima,village,-38.01642,-72.42608,278,5.3
ercilla,reduccion-temucuicui,Reducción Temucuicui,locality,-38.09408,-72.43344,279,6.6
estacion-central,chuchunco,Chuchunco,neighbourhood,-33.46395,-70.68454,515,1.4
florida,copiulemu,Copiulemu,village,-36.89433,-72.80702,216,15.2
florida,tapihue,Tapihue,neighbourhood,-36.82785,-72.67875,260,1.6
freire,quepe,Quepe,village,-38.86788,-72.61318,96,9.3
freire,radal,Radal,village,-38.98505,-72.39157,161,21.3
freire,sendero-del-aguila-iii,Sendero del Águila III,neighbourhood,-38.95944,-72.62518,103,1.3
freirina,agua-dulce,Agua Dulce,locality,-28.95,-71.48333,89,64.5
freirina,almireses,Almireses,locality,-28.99643,-71.0545,633,55.2
freirina,capote,Capote,locality,-28.31402,-70.94884,706,23.7
freirina,chanar-quemado,Chañar Quemado,locality,-28.38152,-70.85034,771,24.9
freirina,el-higirio,El Higirio,locality,-28.93668,-71.25405,386,51.9
freirina,el-hinojo,El Hinojo,locality,-28.93598,-71.30719,348,53.9
freirina,espantajas,Espantajas,locality,-28.82583,-71.42138,49,50.1
freirina,la-coquimbana,La Coquimbana,locality,-28.36667,-70.85,663,25.9
freirina,la-higuera,La Higuera,locality,-28.78333,-71.15,862,32.5
freirina,la-laja,La Laja,locality,-29.15,-71.05,1370,72.3
freirina,labrar,Labrar,locality,-28.81667,-71.18333,579,37.0
freirina,las-perdices,Las Perdices,locality,-28.7648,-71.01468,1117,29.9
freirina,leoncito,Leoncito,locality,-28.4,-71.01667,451,12.1
freirina,los-barros,Los Barros,locality,-29.06667,-71.01667,894,63.2
freirina,maitencillo,Maitencillo,village,-28.52915,-70.92872,247,13.9
freirina,palermo,Palermo,locality,-28.85,-71.1,1155,39.1
freirina,pellejos,Pellejos,locality,-28.59552,-71.01294,588,11.8
freirina,penita,Peñita,locality,-28.74969,-71.35952,62,39.8
freirina,planta-concentradora-astillas,Planta Concentradora Astillas,locality,-28.29754,-70.8781,516,29.1
freirina,san-juan,San Juan,locality,-28.79935,-71.15052,646,34.3
freirina,totora,Totora,locality,-28.59211,-71.10697,589,11.0
freirina,vicuna-mackenna,Vicuña Mackenna,village,-28.51393,-71.05523,124,1.9
fresia,pablo-neruda,Pablo Neruda,neighbourhood,-41.14849,-73.42056,147,0.5
fresia,tegualda,Tegualda,village,-41.03914,-73.41172,150,12.7
frutillar,casma,Casma,village,-41.00713,-73.12329,124,14.2
frutillar,cruce-los-copihues,Cruce Los Copihues,locality,-40.99038,-73.12404,116,16.0
frutillar,frutillar-alto,Frutillar Alto,suburb,-41.12535,-73.0584,148,0.2
frutillar,la-reserva-de-frutillar,La Reserva de Frutillar,neighbourhood,-41.06016,-73.05994,135,7.3
frutillar,los-faldeos-de-frutillar,Los Faldeos de Frutillar,neighbourhood,-41.11505,-73.02518,138,3.2
frutillar,mirador-de-frutillar,Mirador de Frutillar,neighbourhood,-41.10372,-73.03992,162,3.0
frutillar,nueva-esperanza,Nueva Esperanza,neighbourhood,-41.1162,-73.05304,151,1.2
frutillar,parcelas-de-frutillar,Parcelas de Frutillar,neighbourhood,-41.07317,-73.08513,130,6.2
frutillar,parque-mozart,Parque Mozart,neighbourhood,-41.15055,-72.98913,105,6.6
frutillar,patagonia-virgin,Patagonia Virgin,neighbourhood,-41.1519,-73.00968,78,5.2
frutillar,pichi-lagunita,Pichi Lagunita,locality,-41.15604,-72.96797,95,8.4
frutillar,portal-los-manzanos,Portal Los Manzanos,neighbourhood,-41.11313,-73.04201,155,2.1
frutillar,praderas-de-frutillar,Praderas de Frutillar,neighbourhood,-41.13384,-73.05195,157,1.1
frutillar,punta-larga,Punta Larga,locality,-41.16635,-72.96265,111,9.4
futrono,llifen,Llifén,village,-40.20013,-72.25961,86,14.1
futrono,los-manios,Los Mañios,neighbourhood,-40.12346,-72.38365,144,1.8
futrono,nontuela,Nontuela,village,-40.05752,-72.54848,259,15.2
futrono,pampa-pilmaiquen,Pampa Pilmaiquén,locality,-39.93692,-71.90272,755,47.6
futrono,puerto-futrono,Puerto Futrono,neighbourhood,-40.13981,-72.39428,64,0.9
galvarino,llufquentue,Llufquentué,locality,-38.49018,-72.73889,49,10.7
galvarino,los-mallines,Los Mallines,neighbourhood,-38.40988,-72.79018,43,1.3
galvarino,nielol,Ñielol,locality,-38.44307,-72.66911,181,11.0
general-lagos,azufrera-tacora,Azufrera Tacora,locality,-17.69738,-69.80069,4826,35.0
general-lagos,calvariune,Calvariune,locality,-17.55129,-69.51765,4145,2.5
general-lagos,chislluta,Chislluta,locality,-17.55473,-69.52467,4129,2.9
general-lagos,guacolla,Guacolla,locality,-17.74948,-69.3954,4148,23.2
general-lagos,pamputa,Pamputa,locality,-17.87753,-69.69845,3978,40.5
general-lagos,suriplaza,Suriplaza,locality,-17.86032,-69.46469,4721,32.9
general-lagos,tambo-de-cosapilla,Tambo de Cosapilla,locality,-17.95,-69.3,4220,47.6
general-lagos,viluyo,Viluyo,locality,-17.81162,-69.68882,4064,33.8
general-lagos,visviri,Visviri,village,-17.59477,-69.48155,4075,3.7
gorbea,altos-del-donguil,Altos del Donguil,neighbourhood,-39.09528,-72.66945,94,1.3
gorbea,lastarria,Lastarria,village,-39.23646,-72.67293,97,15.2
gorbea,los-notros,Los Notros,neighbourhood,-39.0978,-72.69136,91,0.7
gorbea,quitratue,Quitratúe,village,-39.15581,-72.66013,89,6.5
graneros,cuarta-hijuela,Cuarta Hijuela,neighbourhood,-34.08294,-70.74322,463,2.6
graneros,jardines-de-graneros,Jardines de Graneros,neighbourhood,-34.07036,-70.71789,479,1.0
graneros,nuevos-campos,Nuevos Campos,village,-34.12094,-70.68477,484,7.4
guaitecas,caleta-granizo,Caleta Granizo,locality,-43.84942,-73.76032,12,4.3
guaitecas,melinka,Melinka,village,-43.89752,-73.7464,20,1.9
guaitecas,puerto-ballena,Puerto Ballena,locality,-44.1355,-73.45487,82,35.8
guaitecas,puerto-barrientos,Puerto Barrientos,locality,-43.89178,-74.09187,4,28.7
guaitecas,punta-arpones,Punta Arpones,locality,-43.82381,-74.12729,7,32.3
guaitecas,punta-cabras,Punta Cabras,locality,-43.89043,-73.73648,5,0.8
guaitecas,punta-patgui,Punta Patgui,locality,-43.81518,-74.11514,2,31.5
guaitecas,punta-puquitin,Punta Puquitin,locality,-43.82143,-73.77527,3,7.7
hijuelas,calle-chepica,Calle Chépica,village,-32.87735,-71.10043,310,10.6
hijuelas,la-sombra,La Sombra,village,-32.82501,-71.05987,333,10.4
hijuelas,los-pinos,Los Pinos,village,-32.82642,-71.03136,351,13.0
hijuelas,rabuco,Rabuco,village,-32.85021,-71.11803,291,7.2
hualaihue,banos-cahuelmo,Baños Cahuelmó,locality,-42.25368,-72.37359,9,36.7
hualaihue,contao,Contao,village,-41.80246,-72.7187,10,24.0
hualaihue,correntada-del-toro,Correntada del Toro,locality,-42.5,-72.25,56,64.5
hualaihue,hornopiren,Hornopirén,town,-41.96605,-72.47068,13,18.5
hualaihue,la-horqueta-correntada-del-toro,La Horqueta Correntada del Toro,locality,-42.48378,-72.29744,35,60.9
hualaihue,pasaje-navarro,Pasaje Navarro,neighbourhood,-41.95527,-72.46315,32,19.4
hualane,bellavista,Bellavista,neighbourhood,-34.97849,-71.79355,62,1.0
hualane,estadio,Estadio,neighbourhood,-34.9718,-71.80581,33,0.5
hualane,la-huerta,La Huerta,village,-35.08947,-71.65714,81,18.4
hualane,santa-rosa,Santa Rosa,neighbourhood,-34.98958,-71.76922,51,3.6
hualpen,boca-norte,Boca Norte,locality,-36.80831,-73.17333,2,8.5
hualpen,caleta-lenga,Caleta Lenga,village,-36.76721,-73.17136,0,8.0
hualpen,colon-9000,Colón 9000,neighbourhood,-36.80186,-73.0847,7,2.1
hualpen,curanilahue-ii,Curanilahue II,neighbourhood,-36.79147,-73.09369,11,1.3
hualpen,el-triangulo,El Triángulo,neighbourhood,-36.77997,-73.11508,9,2.9
hualpen,la-piedra,La Piedra,locality,-36.77069,-73.2072,29,11.1
hualpen,las-americas,Las Américas,neighbourhood,-36.80071,-73.10114,5,2.5
hualpen,los-cuervos,Los Cuervos,locality,-36.75366,-73.18276,51,9.5
hualpen,padre-hurtado,Padre Hurtado,neighbourhood,-36.79346,-73.11716,5,3.2
hualpen,parque-central,Parque Central,neighbourhood,-36.79305,-73.08173,5,1.1
hualqui,agua-del-obispo,Agua del Obispo,locality,-36.96749,-72.96694,113,2.7
hualqui,camposanto,Camposanto,neighbourhood,-36.97702,-72.92848,34,0.9
hualqui,la-cruzada,La Cruzada,locality,-36.96762,-72.98922,95,4.6
hualqui,las-lagunillas,Las Lagunillas,locality,-37.03449,-72.96321,55,6.9
hualqui,parque-castano,Parque Castaño,neighbourhood,-36.96716,-72.9426,39,1.0
hualqui,periquillo,Periquillo,neighbourhood,-36.96278,-72.95475,39,2.1
hualqui,quilacoya,Quilacoya,village,-37.05454,-72.96285,27,9.0
hualqui,recreo,Recreo,locality,-37.08931,-72.93652,46,12.6
hualqui,rosario,Rosario,locality,-37.08483,-72.9536,53,12.2
hualqui,santa-josefina,Santa Josefina,neighbourhood,-36.96395,-72.92952,36,1.5
hualqui,santa-matilde,Santa Matilde,locality,-37.16428,-72.89378,55,21.3
hualqui,santa-rosa,Santa Rosa,locality,-37.02287,-72.91875,81,5.5
hualqui,talcamavida,Talcamávida,village,-37.16247,-72.90764,58,20.9
huara,agua-santa,Agua Santa,locality,-19.88227,-69.8785,1156,15.0
huara,alto-caleta-buena,Alto Caleta Buena,locality,-19.88604,-70.11436,741,37.4
huara,arenal,Arenal,locality,-19.58789,-70.17199,626,59.8
huara,banos-de-chusmisa,Baños de Chusmisa,locality,-19.7,-69.13333,4025,72.6
huara,caleta-buena,Caleta Buena,locality,-19.88085,-70.13168,0,39.3
huara,carmen,Carmen,locality,-19.91782,-69.97815,1103,22.8
huara,chapire,Chapire,locality,-19.65418,-69.13161,3843,75.0
huara,chintuya,Chintuya,locality,-19.76783,-69.42865,1872,41.7
huara,cumbre,Cumbre,locality,-19.64958,-70.07034,1191,47.5
huara,curana,Curaña,locality,-19.80268,-69.67576,1265,20.6
huara,dolores,Dolores,locality,-19.67729,-69.94536,1121,37.2
huara,el-alto-de-junin,El Alto de Junín,locality,-19.66181,-70.15754,669,53.1
huara,fundicion,Fundición,locality,-19.8508,-69.06422,3486,74.6
huara,geoglifos-de-tiliviche,Geoglifos de Tiliviche,locality,-19.54313,-69.96633,1091,51.5
huara,gualchaya,Gualchaya,locality,-19.78754,-69.20775,2496,61.7
huara,huarcaza,Huarcaza,locality,-19.66259,-69.15043,3632,72.8
huara,jarza,Jarza,locality,-19.4795,-70.03477,759,61.0
huara,lagarto,Lagarto,locality,-19.96754,-69.86958,1171,10.8
huara,mapocho,Mapocho,locality,-20.08507,-69.74651,1073,13.3
huara,misticsa,Misticsa,locality,-19.58913,-69.37665,1961,58.5
huara,negreiros,Negreiros,locality,-19.85932,-69.84824,1144,14.7
huara,nivel,Nivel,locality,-19.58401,-70.08954,1111,54.3
huara,oficina-abra,Oficina Abra,locality,-19.88887,-69.79157,1149,9.0
huara,oficina-amelia,Oficina Amelia,locality,-19.84537,-69.8575,1146,16.5
huara,oficina-aurora,Oficina Aurora,locality,-19.8374,-69.86016,1143,17.4
huara,oficina-california,Oficina California,locality,-19.67759,-70.05002,1165,43.7
huara,oficina-camina,Oficina Camiña,locality,-19.71853,-69.91925,1133,31.9
huara,oficina-carolina,Oficina Carolina,locality,-19.67836,-70.03484,1137,42.6
huara,oficina-compania,Oficina Compañía,locality,-19.62742,-69.97775,1126,43.7
huara,oficina-constancia,Oficina Constancia,locality,-20.00997,-69.77668,1108,4.9
huara,oficina-democracia,Oficina Democracia,locality,-19.86869,-69.86886,1145,15.3
huara,oficina-enriqueta,Oficina Enriqueta,locality,-19.65002,-69.96339,1123,40.8
huara,oficina-hervatska,Oficina Hervatska,locality,-19.67154,-69.98309,1139,39.9
huara,oficina-irene,Oficina Irene,locality,-19.86778,-69.85888,1153,14.6
huara,oficina-jazpampa,Oficina Jazpampa,locality,-19.57191,-70.02313,1146,51.4
huara,oficina-josefina,Oficina Josefina,locality,-19.87261,-69.82524,1147,12.1
huara,oficina-la-patria,Oficina La Patria,locality,-19.75472,-69.93527,1138,29.4
huara,oficina-maroussia,Oficina Maroussia,locality,-19.98515,-69.81242,1147,5.2
huara,oficina-mercedes,Oficina Mercedes,locality,-19.85571,-69.85952,1145,15.7
huara,oficina-porvenir,Oficina Porvenir,locality,-19.71207,-69.93243,1129,33.2
huara,oficina-primitiva,Oficina Primitiva,locality,-19.91573,-69.8033,1155,6.8
huara,oficina-progreso,Oficina Progreso,locality,-19.87178,-69.83409,1146,12.7
huara,oficina-puntunchara,Oficina Puntunchara,locality,-19.88521,-69.84154,1145,12.0
huara,oficina-ramirez,Oficina Ramírez,locality,-20.05194,-69.74329,1085,9.8
huara,oficina-recuerdo,Oficina Recuerdo,locality,-19.74487,-69.93991,1137,30.6
huara,oficina-reducto,Oficina Reducto,locality,-19.78695,-69.89731,1138,24.2
huara,oficina-rosario-de-huara,Oficina Rosario de Huara,locality,-19.97546,-69.79844,1126,3.5
huara,oficina-rosario-de-huara-2,Oficina Rosario de Huara,locality,-19.89092,-69.85321,1147,12.4
huara,oficina-san-antonio,Oficina San Antonio,locality,-19.61203,-69.99776,1111,46.3
huara,oficina-san-jorge,Oficina San Jorge,locality,-19.9578,-69.81396,1120,5.0
huara,oficina-santa-rita,Oficina Santa Rita,locality,-19.70107,-69.97177,1124,36.5
huara,oficina-santa-rosa,Oficina Santa Rosa,locality,-20.00052,-69.78155,1115,4.1
huara,oficina-santiago,Oficina Santiago,locality,-20.05143,-69.76562,1107,9.4
huara,oficina-sloga,Oficina Sloga,locality,-19.69694,-70.00212,1125,38.8
huara,oficina-transito,Oficina Tránsito,locality,-19.8862,-69.8167,1148,10.4
huara,oficina-tres-marias,Oficina Tres Marías,locality,-19.94228,-69.81228,1122,5.5
huara,oficina-trinidad,Oficina Trinidad,locality,-19.54971,-70.08395,1037,57.0
huara,oficina-union,Oficina Unión,locality,-19.69683,-69.95496,1122,35.9
huara,oficina-valparaiso,Oficina Valparaíso,locality,-19.95199,-69.82965,1114,6.8
huara,pisagua-viejo,Pisagua Viejo,locality,-19.55971,-70.20646,15,64.5
huara,rosita,Rosita,locality,-19.89032,-69.80355,1149,9.3
huara,sacramento,Sacramento,locality,-19.65871,-69.96132,1127,39.8
huara,salitrera-aguada,Salitrera Aguada,locality,-19.77684,-69.9097,1136,25.9
huara,salitrera-huascar,Salitrera Huáscar,locality,-19.74934,-69.91484,1137,28.7
huara,san-francisco,San Francisco,locality,-19.70072,-69.93217,1126,34.3
huara,san-roberto,San Roberto,locality,-19.58455,-70.12947,996,57.0
huara,santa-catalina,Santa Catalina,locality,-19.72472,-69.91238,1132,30.9
huara,tiquiina,Tiquiina,locality,-19.55791,-69.25684,2694,70.1
huara,zapiga,Zapiga,locality,-19.63984,-69.96446,1118,41.8
huasco,barranquilla,Barranquilla,locality,-28.15,-71.13333,308,34.3
huasco,challe,Challe,locality,-28.21667,-71.05,269,30.6
huasco,chorillos,Chorillos,locality,-28.15,-70.9,261,45.5
huasco,huasco-bajo,Huasco Bajo,village,-28.47466,-71.17755,38,4.7
huasco,la-reserva-de-huasco,La Reserva de Huasco,neighbourhood,-28.46371,-71.21442,15,1.5
huasco,los-colorados,Los Colorados,locality,-28.31667,-70.81667,533,41.8
huasco,mina-carrizal-alto,Mina Carrizal Alto,locality,-28.08618,-70.90349,542,50.8
huasco,nueva-generacion,Nueva Generación,neighbourhood,-28.47044,-71.22568,54,2.4
huasco,portezuelo,Portezuelo,locality,-28.1,-70.91667,551,48.8
huasco,punta-de-rieles,Punta de Rieles,locality,-28.3,-70.81667,522,42.5
huechuraba,alto-huechuraba,Alto Huechuraba,neighbourhood,-33.35041,-70.67199,499,0.5
huechuraba,ciudad-empresarial,Ciudad Empresarial,neighbourhood,-33.3898,-70.61836,514,6.3
huechuraba,haras-de-huechuraba-iv,Haras de Huechuraba IV,neighbourhood,-33.34408,-70.67577,522,1.1
huechuraba,la-pincoya,La Pincoya,neighbourhood,-33.36612,-70.63356,544,3.6
huechuraba,portada-de-huechuraba,Portada de Huechuraba,neighbourhood,-33.36302,-70.6691,499,1.5
illapel,angelmo,Angelmó,neighbourhood,-31.62653,-71.1541,357,1.5
illapel,asiento-viejo,Asiento Viejo,village,-31.60932,-71.12896,395,4.5
illapel,bellavista,Bellavista,locality,-31.67511,-71.24209,323,8.4
illapel,el-mirador,El Mirador,neighbourhood,-31.63265,-71.17763,395,0.9
illapel,las-canas,Las Cañas,village,-31.73119,-71.25627,332,13.8
illapel,las-majaditas,Las Majaditas,neighbourhood,-31.62613,-71.16613,401,0.8
illapel,los-loros,Los Loros,locality,-31.75472,-71.10311,364,14.9
independencia,centro-civico-juan-antonio-rios,Centro Cívico Juan Antonio Ríos,neighbourhood,-33.41897,-70.67168,531,0.8
independencia,poblaciones-obreras-de-la-plaza-chacabuco,Poblaciones Obreras de la Plaza Chacabuco,neighbourhood,-33.40767,-70.65661,532,1.1
iquique,chanavayita,Chanavayita,village,-20.70268,-70.18742,13,54.5
iquique,guanillos,Guanillos,locality,-21.20029,-70.0935,4,109.8
iquique,mares-del-sur,Mares del Sur,neighbourhood,-20.25921,-70.13188,19,5.5
iquique,pabellon-de-pica,Pabellón de Pica,locality,-20.90696,-70.13604,1,77.1
iquique,punta-negra,Punta Negra,locality,-20.16439,-70.15043,37,5.5
isla-de-maipo,la-islita,La Islita,village,-33.74132,-70.86256,360,3.6
isla-de-maipo,la-villita,La Villita,neighbourhood,-33.77402,-70.90296,334,2.7
isla-de-maipo,las-mercedes,Las Mercedes,village,-33.78469,-70.89147,338,3.9
isla-de-maipo,llaveria,Llavería,village,-33.73265,-70.96029,283,5.9
isla-de-maipo,portal-lo-guerra,Portal Lo Guerra,neighbourhood,-33.74457,-70.89975,330,0.6
isla-de-maipo,san-antonio-de-naltagua,San Antonio de Naltagua,village,-33.73358,-71.02295,260,11.5
isla-de-maipo,san-vicente-de-naltagua,San Vicente de Naltagua,village,-33.72812,-70.98811,266,8.5
isla-de-maipo,valle-la-reserva,Valle La Reserva,neighbourhood,-33.75767,-70.90811,328,1.1
isla-de-pascua,a-rauhiva,ŋa Rauhiva,locality,-27.09142,-109.28304,5,9.1
isla-de-pascua,ahu-haa-kioe,Ahu Haŋa Kioe,locality,-27.13392,-109.427,7,7.6
isla-de-pascua,ahu-kino-kino,Ahu Kino Kino,locality,-27.05697,-109.37346,43,2.9
isla-de-pascua,ahu-moroki,Ahu Moroki,locality,-27.12797,-109.37571,202,5.0
isla-de-pascua,ahu-o-hei-para,Ahu o Hei Para,locality,-27.14461,-109.383,152,6.9
isla-de-pascua,ahu-te-peu,Ahu Te Peu,locality,-27.10084,-109.41237,44,4.2
isla-de-pascua,ana-tamakia,Ana Tamakia,locality,-27.19191,-109.43169,187,13.3
isla-de-pascua,ana-te-pahu,Ana Te Pahu,locality,-27.11154,-109.4041,93,4.3
isla-de-pascua,ana-vi-hetu-u,Ana Vi Hetu'u,locality,-27.14167,-109.42725,2,8.3
isla-de-pascua,ara-horea,Ara Horeŋa,locality,-27.19257,-109.43437,187,13.5
isla-de-pascua,ava-o-kiri,Ava O Kiri,locality,-27.08614,-109.31617,60,5.8
isla-de-pascua,bosque-de-mama-piru,Bosque de Mama Piru,locality,-27.12022,-109.23743,120,14.2
isla-de-pascua,haa-hahave,Haŋa Hahave,locality,-27.1691,-109.39038,14,9.7
isla-de-pascua,haa-hemu,Haŋa Hemu,locality,-27.16757,-109.38309,9,9.4
isla-de-pascua,haa-parera,Haŋa Parera,locality,-27.16754,-109.38425,25,9.4
isla-de-pascua,haa-poukura,Haŋa Poukura,locality,-27.16671,-109.38142,9,9.3
isla-de-pascua,haa-tavari,Haŋa Tavari,locality,-27.05751,-109.37089,35,2.9
isla-de-pascua,hanga-roa,Hanga Roa,town,-27.14812,-109.42734,17,8.9
isla-de-pascua,hao-turi,Hao Turi,locality,-27.18894,-109.42901,181,12.9
isla-de-pascua,hare-o-mati,Hare o Mati,locality,-27.19141,-109.4358,106,13.4
isla-de-pascua,hare-uri,Hare Uri,locality,-27.125,-109.35779,166,4.9
isla-de-pascua,hatu-opuna,Hatu Opuna,locality,-27.09397,-109.41056,10,3.7
isla-de-pascua,hatu-po-puna,Hatu Po Puna,locality,-27.09033,-109.403,148,2.9
isla-de-pascua,hau-koka,Hau Koka,locality,-27.18181,-109.43663,114,12.5
isla-de-pascua,hoa-aa-vaka-a-tua-poi,Hoa Aŋa Vaka a Tua Poi,locality,-27.1462,-109.33647,28,8.0
isla-de-pascua,humu-koka,Humu Koka,locality,-27.14003,-109.28989,15,10.5
isla-de-pascua,inu-inu,Inu Inu,locality,-27.19267,-109.4384,45,13.7
isla-de-pascua,kai-rarapa,Kai Rarapa,locality,-27.1545,-109.40986,105,8.6
isla-de-pascua,ko-ana-kio,Ko Ana Kio,locality,-27.16539,-109.42521,65,10.4
isla-de-pascua,ko-karava-taoraha,Ko Karava Taoraha,locality,-27.15681,-109.41123,89,8.9
isla-de-pascua,ko-te-aheru,Ko Te Aheru,locality,-27.16878,-109.39853,65,9.8
isla-de-pascua,ko-te-ava-raa-a-uka-a-toroke-hau,Ko Te Ava Raŋa a Uka a Toroke Hau,locality,-27.10961,-109.36208,277,3.2
isla-de-pascua,ko-te-haka-pa,Ko Te Haka Pa,locality,-27.15997,-109.40383,112,9.0
isla-de-pascua,ko-te-hare-te-reia-taki,Ko Te Hare Te Reiŋa Taki,locality,-27.18742,-109.42533,295,12.6
isla-de-pascua,ko-te-he-hatu-mata-a,Ko Te He Hatu Mata'a,locality,-27.1671,-109.40927,119,9.9
isla-de-pascua,ko-te-ka-reva-reva,Ko Te Ka Reva Reva,locality,-27.16139,-109.38796,75,8.8
isla-de-pascua,ko-te-kitoa,Ko Te Kitoŋa,locality,-27.16764,-109.39529,36,9.6
isla-de-pascua,ko-te-kope-iti-iti-a-mai-taki,Ko Te Kope Iti Iti a Mai Taki,locality,-27.18388,-109.43943,148,12.9
isla-de-pascua,ko-te-maea-hono-a-hotu-matu-a,Ko Te Maea Hono a Hotu Matu'a,locality,-27.18851,-109.42545,303,12.7
isla-de-pascua,ko-te-miro-o-one,Ko Te Miro O'one,locality,-27.14282,-109.36716,138,6.7
isla-de-pascua,ko-te-niu,Ko Te Niu,locality,-27.08966,-109.40842,8,3.4
isla-de-pascua,ko-te-o-one-tea,Ko Te O'one Tea,locality,-27.16879,-109.3917,14,9.6
isla-de-pascua,ko-te-pahu-auke,Ko Te Pahu Auke,locality,-27.17238,-109.40085,42,10.2
isla-de-pascua,ko-te-pei,Ko Te Pei,locality,-27.15445,-109.38373,83,8.0
isla-de-pascua,ko-te-puna-a-a-ro-poki,Ko Te Puna Ŋa Ŋa Ro Poki,locality,-27.16439,-109.39015,50,9.1
isla-de-pascua,ko-te-puna-ariki-tuu,Ko Te Puna Ariki Tuu,locality,-27.1694,-109.39812,19,9.8
isla-de-pascua,ko-te-rea-heva,Ko Te Reŋa Heva,neighbourhood,-27.14506,-109.4159,63,8.0
isla-de-pascua,ko-te-toparia,Ko Te Toparia,locality,-27.19083,-109.43095,116,13.2
isla-de-pascua,ma-ea-mahoru,Ma'ea Mahoru,locality,-27.12292,-109.40047,128,5.1
isla-de-pascua,ma-ua-roa,Ma'uŋa Roa,locality,-27.13384,-109.35242,136,6.0
isla-de-pascua,manavai-kauha,Manavai Kauha,locality,-27.13544,-109.38691,153,5.9
isla-de-pascua,manavai-tokerau,Manavai Tokerau,locality,-27.15084,-109.40152,177,8.0
isla-de-pascua,mata-te-pari,Mata Te Pari,locality,-27.11799,-109.23336,28,14.5
isla-de-pascua,mataveri,Mataveri,suburb,-27.16198,-109.43715,39,10.7
isla-de-pascua,motu-hitara,Motu Hitara,locality,-27.17093,-109.39764,34,10.0
isla-de-pascua,motu-kau,Motu Kau,locality,-27.05895,-109.36548,0,2.9
isla-de-pascua,motu-mariu,Motu Mariu,locality,-27.14152,-109.32395,16,8.2
isla-de-pascua,motu-oru,Motu Oru,locality,-27.16621,-109.36118,5,9.3
isla-de-pascua,motu-papa,Motu Papa,locality,-27.14678,-109.33096,11,8.3
isla-de-pascua,motu-rau-nuku,Motu Rau Nuku,locality,-27.06003,-109.35752,10,3.1
isla-de-pascua,motu-taka-taka,Motu Taka Taka,locality,-27.08806,-109.40674,10,3.2
isla-de-pascua,nuku,Nuku,locality,-27.08898,-109.40759,15,3.3
isla-de-pascua,o-hanana-kou,O Hanana Kou,locality,-27.09649,-109.41059,49,3.8
isla-de-pascua,o-hurari,O Hurari,locality,-27.08655,-109.39544,229,2.1
isla-de-pascua,oroihe,Oroihe,locality,-27.12985,-109.29159,39,9.7
isla-de-pascua,oroo,ʻŌroŋo,locality,-27.18927,-109.44322,283,13.6
isla-de-pascua,pa-iti,Pā Iti,locality,-27.18659,-109.44628,11,13.5
isla-de-pascua,pa-nui,Pā Nui,locality,-27.18332,-109.44709,35,13.2
isla-de-pascua,papa-vaka-petroglifos,Papa Vaka Petroglifos,locality,-27.09106,-109.2946,9,8.0
isla-de-pascua,petroglyphs,Petroglyphs,locality,-27.19031,-109.44248,254,13.6
isla-de-pascua,piko-mahore,Piko Mahore,locality,-27.09387,-109.2808,6,9.4
isla-de-pascua,poike,Poike,locality,-27.1092,-109.25475,309,12.2
isla-de-pascua,pu-aua,Pū Aua,locality,-27.17614,-109.44891,0,12.7
isla-de-pascua,puha,Puha,locality,-27.14854,-109.39388,135,7.5
isla-de-pascua,puku-a-aha-aha,Puku Ŋa Aha Aha,locality,-27.13859,-109.37198,192,6.2
isla-de-pascua,puku-mariri,Puku Mariri,locality,-27.1759,-109.43378,237,11.8
isla-de-pascua,puku-purei,Puku Purei,locality,-27.14127,-109.38211,191,6.5
isla-de-pascua,puku-rai-uka,Puku Raŋi Uka,locality,-27.14554,-109.4018,188,7.4
isla-de-pascua,puku-rau-tea,Puku Rau Tea,locality,-27.15981,-109.39001,86,8.6
isla-de-pascua,puku-toa,Puku Toa,locality,-27.14578,-109.37936,132,7.0
isla-de-pascua,rano-mariku,Rano Mariku,locality,-27.09657,-109.35688,340,2.3
isla-de-pascua,rano-raraku,Rano Raraku,locality,-27.12208,-109.2885,76,9.6
isla-de-pascua,raraia,Raraŋia,locality,-27.12212,-109.27794,21,10.5
isla-de-pascua,riu-o-hatu,Riu o Hatu,locality,-27.15892,-109.40504,99,8.9
isla-de-pascua,romo,Romo,locality,-27.14859,-109.33627,13,8.2
isla-de-pascua,rua-reo-reo,Rua Reŋo Reŋo,locality,-27.17816,-109.44972,0,12.9
isla-de-pascua,rua-tuvi,Rua Tuvi,neighbourhood,-27.15941,-109.34748,9,8.9
isla-de-pascua,tama,Tama,locality,-27.14102,-109.29331,8,10.3
isla-de-pascua,tamaria,Tamaria,locality,-27.15629,-109.41045,96,8.8
isla-de-pascua,te-he-ruru-o-te-patiri,Te He Ruru o Te Patiri,locality,-27.11749,-109.34529,144,4.8
isla-de-pascua,te-hu,Te Hu,locality,-27.14092,-109.28657,1,10.8
isla-de-pascua,te-kohu-uri,Te Kohu Uri,locality,-27.13952,-109.36503,147,6.3
isla-de-pascua,te-maa,Te Maŋa,locality,-27.19092,-109.44462,24,13.8
isla-de-pascua,te-nui,Te Nui,locality,-27.08971,-109.4002,184,2.6
isla-de-pascua,te-ohiro,Te Ohiro,locality,-27.18917,-109.44597,0,13.7
isla-de-pascua,te-pora,Te Pora,neighbourhood,-27.10772,-109.41941,0,5.2
isla-de-pascua,te-raha,Te Raha,locality,-27.14107,-109.30182,3,9.7
isla-de-pascua,te-reva-reva,Te Reva Reva,locality,-27.13531,-109.3628,152,5.9
isla-de-pascua,te-vae-roa,Te Vae Roa,locality,-27.1883,-109.42911,163,12.8
isla-de-pascua,te-vai,Te Vai,locality,-27.14121,-109.30136,3,9.7
isla-de-pascua,tere-vaka,Tere Vaka,locality,-27.08733,-109.37986,499,0.7
isla-de-pascua,ti-i-ti-i,Ti'i Ti'i,locality,-27.12207,-109.40336,127,5.1
isla-de-pascua,toariki,Toŋariki,locality,-27.12562,-109.27679,7,10.8
isla-de-pascua,toromiro-para,Toromiro Para,locality,-27.15343,-109.40659,105,8.4
isla-de-pascua,tuta-e,Tuta'e,locality,-27.13973,-109.31904,16,8.4
isla-de-pascua,unai,Unai,locality,-27.05906,-109.38518,34,2.9
isla-de-pascua,ura-uraa-te-mahina,Ura-uraŋa te Mahina,locality,-27.14936,-109.34294,25,8.0
isla-de-pascua,vae-o-te-tahiri,Vae o Te Tahiri,locality,-27.12291,-109.35817,167,4.7
isla-de-pascua,vai-a-mei,Vai A Mei,neighbourhood,-27.1214,-109.42112,36,6.2
isla-de-pascua,vai-a-ori,Vai a Ori,locality,-27.15981,-109.39208,88,8.7
isla-de-pascua,vai-atare-raro,Vai Atare Raro,locality,-27.18973,-109.42587,313,12.9
isla-de-pascua,vai-atare-rua,Vai Atare Ruŋa,locality,-27.19078,-109.42682,309,13.0
isla-de-pascua,vai-hetuke-tuna,Vai Hetuke Tuna,locality,-27.18383,-109.43233,106,12.5
isla-de-pascua,vai-hopu-manu,Vai Hopu Manu,locality,-27.18484,-109.43145,106,12.6
isla-de-pascua,vai-moai,Vai-Moai,locality,-27.13816,-109.30694,5,9.1
isla-de-pascua,vai-paoaoa,Vai Paoaoa,locality,-27.18593,-109.43046,106,12.7
isla-de-pascua,vai-pikea-uri,Vai Pikea Uri,neighbourhood,-27.15089,-109.42231,42,8.9
isla-de-pascua,vai-puku-puku,Vai Puku Puku,locality,-27.15597,-109.40135,114,8.5
isla-de-pascua,vai-roa,Vai Roa,locality,-27.12752,-109.40206,140,5.6
isla-de-pascua,vai-rou,Vai Rou,locality,-27.14204,-109.3672,135,6.6
isla-de-pascua,vai-tata-kokoma,Vai Tata Kokoma,locality,-27.12597,-109.38167,214,4.8
isla-de-pascua,vakaroa,Vakaroa,locality,-27.12076,-109.23553,40,14.4
juan-fernandez,camino-labrado,Camino Labrado,locality,-33.72763,-80.7932,339,178.7
juan-fernandez,el-cementerio,El Cementerio,locality,-33.74558,-80.81346,977,180.7
juan-fernandez,el-hombre,El Hombre,locality,-33.76248,-80.81742,504,181.2
juan-fernandez,el-volcan,El Volcán,locality,-33.73664,-80.7951,561,178.9
juan-fernandez,ensenada-tolken,Ensenada Tolken,locality,-33.72695,-80.80903,0,180.2
juan-fernandez,la-garrafa,La Garrafa,locality,-33.72604,-80.79885,305,179.2
juan-fernandez,la-mancha-blanca,La Mancha Blanca,locality,-33.77242,-80.82789,0,182.3
juan-fernandez,la-plancha-de-zinc,La Plancha de Zinc,locality,-33.77105,-80.82459,145,181.9
juan-fernandez,morro-la-finada,Morro La Finada,locality,-33.72724,-80.80555,4,179.8
juan-fernandez,piedra-amarilla,Piedra Amarilla,locality,-33.7246,-80.79835,62,179.2
juan-fernandez,plan-chucha,Plan Chucha,locality,-33.74181,-80.78398,432,178.0
juan-fernandez,plan-del-jarro,Plan del Jarro,locality,-33.73013,-80.78594,318,178.0
juan-fernandez,plan-negro,Plan Negro,locality,-33.73104,-80.77783,223,177.3
juan-fernandez,quebrada-del-iman,Quebrada del Imán,locality,-33.74622,-80.81471,997,180.8
juan-fernandez,quebrada-del-tongo,Quebrada del Tongo,locality,-33.79886,-80.79994,282,180.0
juan-fernandez,rodriguez-alto,Rodríguez Alto,locality,-33.7507,-80.81541,1059,180.9
juan-fernandez,rodriguez-bajo,Rodríguez Bajo,locality,-33.75115,-80.83116,35,182.4
juan-fernandez,san-juan-bautista,San Juan Bautista,village,-33.63573,-78.83132,9,3.9
la-calera,artificio,Artificio,suburb,-32.77259,-71.19253,213,2.6
la-calera,pachacama,Pachacama,village,-32.83876,-71.14746,271,8.9
la-calera,pachacamita,Pachacamita,village,-32.81864,-71.17508,261,5.5
la-cisterna,buenos-aires,Buenos Aires,neighbourhood,-33.53463,-70.6788,555,1.4
la-cisterna,lo-ovalle,Lo Ovalle,neighbourhood,-33.51878,-70.65022,565,2.2
la-estrella,chuchunco,Chuchunco,neighbourhood,-34.20177,-71.64747,210,1.8
la-florida,alto-macul,Alto Macul,neighbourhood,-33.51312,-70.53413,768,5.1
la-florida,antigua-florida,Antigua Florida,neighbourhood,-33.53615,-70.58267,619,2.1
la-florida,arturo-prat,Arturo Prat,neighbourhood,-33.52958,-70.60086,605,3.9
la-florida,bellavista-de-la-florida,Bellavista de La Florida,neighbourhood,-33.51716,-70.60361,590,5.0
la-florida,el-esfuerzo,El Esfuerzo,neighbourhood,-33.51514,-70.54913,685,4.2
la-florida,el-rodeo,El Rodeo,neighbourhood,-33.56115,-70.60567,633,3.8
la-florida,jardin-de-la-vina,Jardín de la Viña,neighbourhood,-33.53504,-70.55154,670,2.2
la-florida,lago-lanalhue,Lago Lanalhue,neighbourhood,-33.51153,-70.59329,587,4.9
la-florida,los-quillayes,Los Quillayes,neighbourhood,-33.56563,-70.58916,648,2.7
la-florida,san-jorge,San Jorge,neighbourhood,-33.55721,-70.58347,643,1.8
la-florida,santa-irene-de-lo-canas,Santa Irene de Lo Cañas,neighbourhood,-33.52078,-70.56315,633,3.3
la-florida,santa-maria,Santa María,neighbourhood,-33.51953,-70.57431,611,3.5
la-florida,santa-sofia-de-macul,Santa Sofía de Macul,neighbourhood,-33.51115,-70.52251,879,6.0
la-florida,vicente-valdes,Vicente Valdés,neighbourhood,-33.52712,-70.58765,607,3.2
la-higuera,caleta-hornos,Caleta Hornos,village,-29.62224,-71.28614,17,13.7
la-higuera,caleta-los-corrales,Caleta Los Corrales,neighbourhood,-29.25009,-71.46256,2,33.7
la-higuera,chanar,Chañar,locality,-29.17572,-70.91772,1141,49.4
la-higuera,chignoles,Chignoles,locality,-29.43333,-70.76667,1476,49.0
la-higuera,el-duraznito,El Duraznito,locality,-29.46667,-70.65,1985,59.8
la-higuera,el-salto,El Salto,locality,-29.48333,-70.6,2230,64.6
la-higuera,el-temblador,El Temblador,locality,-29.47856,-71.30908,0,4.7
la-higuera,la-higuera,La Higuera,village,-29.51159,-71.2015,580,6.4
la-higuera,la-totorita,La Totorita,locality,-29.55,-70.7,2145,55.1
la-higuera,las-breas,Las Breas,locality,-29.5,-70.68333,1569,56.5
la-higuera,llano-choros,Llano Choros,locality,-29.23974,-71.38544,41,31.1
la-higuera,palo-blanco,Palo Blanco,locality,-29.25,-70.83333,825,50.4
la-higuera,pedernales,Pedernales,locality,-29.3,-70.61667,2157,66.8
la-higuera,pirita,Pirita,locality,-29.48192,-70.95806,757,29.9
la-higuera,puerto-cruz-grande,Puerto Cruz Grande,locality,-29.45227,-71.31365,0,7.0
la-higuera,punta-colorada,Punta Colorada,village,-29.35396,-71.01788,397,29.1
la-higuera,punta-de-choros,Punta de Choros,village,-29.24707,-71.46162,13,33.9
la-higuera,tabaco-alto,Tabaco Alto,locality,-29.13333,-70.58333,2308,77.8
la-ligua,el-carmen,El Carmen,village,-32.47577,-71.18721,91,5.1
la-ligua,el-cobre,El Cobre,neighbourhood,-32.45893,-71.23107,122,1.1
la-ligua,el-rayado,El Rayado,neighbourhood,-32.45514,-71.24779,74,1.6
la-ligua,el-trapiche,El Trapiche,village,-32.31973,-71.29028,69,15.4
la-ligua,la-canela,La Canela,village,-32.3625,-71.15897,153,11.8
la-ligua,la-higuera,La Higuera,village,-32.48161,-71.17933,97,6.1
la-ligua,las-parcelas-de-longotoma,Las Parcelas de Longotoma,village,-32.39476,-71.37523,30,14.8
la-ligua,los-molles,Los Molles,village,-32.23957,-71.51367,21,35.3
la-ligua,los-quinquelles,Los Quinquelles,village,-32.29051,-71.47087,19,28.6
la-ligua,perales,Perales,locality,-32.31117,-71.46142,83,26.5
la-ligua,pichicuy,Pichicuy,village,-32.34067,-71.45603,15,24.3
la-ligua,placilla,Placilla,village,-32.44788,-71.28503,26,5.0
la-ligua,pulmahue,Pulmahue,neighbourhood,-32.44568,-71.22412,47,0.8
la-ligua,puyancon,Puyancón,village,-32.30974,-71.21471,107,15.6
la-ligua,valle-hermoso,Valle Hermoso,village,-32.43769,-71.21073,67,2.4
la-pintana,6-de-mayo,6 de Mayo,neighbourhood,-33.57694,-70.65516,602,3.6
la-pintana,el-sol,El Sol,neighbourhood,-33.57666,-70.64424,613,2.7
la-pintana,gabriela-mistral,Gabriela Mistral,neighbourhood,-33.58415,-70.63661,624,1.8
la-pintana,la-platina,La Platina,neighbourhood,-33.57904,-70.61875,635,0.5
la-pintana,mirador-del-sol,Mirador del Sol,neighbourhood,-33.5672,-70.62638,620,2.0
la-reina,lynch-norte,Lynch Norte,neighbourhood,-33.44879,-70.56602,629,1.5
la-reina,paidahue-oriente,Paidahue Oriente,neighbourhood,-33.4474,-70.51519,857,3.2
la-serena,agua-salada,Agua Salada,locality,-29.85967,-71.22918,136,5.3
la-serena,alfalfares,Alfalfares,neighbourhood,-29.90348,-71.23234,39,1.9
la-serena,algarrobito,Algarrobito,village,-29.94111,-71.14705,123,11.0
la-serena,alto-oriente-ii,Alto Oriente II,neighbourhood,-29.88123,-71.21413,124,4.4
la-serena,altovalsol,Altovalsol,village,-29.94061,-71.12051,167,13.4
la-serena,brisas-del-elqui,Brisas del Elqui,neighbourhood,-29.94292,-71.26896,21,4.8
la-serena,caleta-san-pedro,Caleta San Pedro,village,-29.87754,-71.27192,5,3.4
la-serena,ceres,Ceres,neighbourhood,-29.92527,-71.19764,146,5.8
la-serena,ciudad-de-los-llanos-i,Ciudad de Los Llanos I,neighbourhood,-29.87398,-71.22347,120,4.2
la-serena,el-milagro,El Milagro,suburb,-29.94597,-71.24577,99,4.8
la-serena,el-rosario,El Rosario,village,-29.97915,-71.09157,223,17.6
la-serena,el-tofo,El Tofo,neighbourhood,-29.88336,-71.22703,78,3.2
la-serena,faldeos-de-la-florida-iii,Faldeos de La Florida III,neighbourhood,-29.93167,-71.20543,144,5.5
la-serena,gabriela-mistral,Gabriela Mistral,village,-29.97316,-71.08858,185,17.6
la-serena,hibiscus-de-cisternas,Hibiscus de Cisternas,neighbourhood,-29.94725,-71.25709,72,5.0
la-serena,huachalalume,Huachalalume,village,-29.97616,-71.22196,155,8.7
la-serena,islon,Islón,village,-29.89706,-71.18528,91,6.5
la-serena,jardines-de-pinamar,Jardines de Pinamar,neighbourhood,-29.88647,-71.24711,24,1.9
la-serena,juan-soldado,Juan Soldado,locality,-29.8337,-71.26176,13,7.7
la-serena,la-antena,La Antena,suburb,-29.91195,-71.22437,125,2.9
la-serena,la-arboleda,La Arboleda,neighbourhood,-29.91941,-71.23062,125,2.8
la-serena,la-florida,La Florida,suburb,-29.9204,-71.21156,136,4.4
la-serena,la-pampa,La Pampa,suburb,-29.93253,-71.25779,20,3.4
la-serena,lambert,Lambert,village,-29.84326,-71.12044,203,14.3
la-serena,las-companias,Las Compañías,suburb,-29.8764,-71.238,83,3.2
la-serena,las-rojas,Las Rojas,village,-29.97426,-71.06067,230,20.1
la-serena,lomas-de-bellavista,Lomas de Bellavista,neighbourhood,-29.95998,-71.23029,102,6.7
la-serena,los-torreones,Los Torreones,neighbourhood,-29.86816,-71.2459,48,3.9
la-serena,maki-payi,Maki Payi,neighbourhood,-29.889,-71.26269,5,1.8
la-serena,mirador-de-ceres,Mirador de Ceres,neighbourhood,-29.94941,-71.20162,211,7.1
la-serena,monardez,Monardez,neighbourhood,-29.93238,-71.18471,157,7.3
la-serena,pelicana,Pelícana,village,-29.98779,-71.0085,297,25.3
la-serena,placilla,Placilla,locality,-29.69786,-70.82026,1435,47.5
la-serena,puerta-del-mar,Puerta del Mar,neighbourhood,-29.89978,-71.26445,8,1.2
la-serena,punta-golf,Punta Golf,neighbourhood,-29.83454,-71.27822,9,8.0
la-serena,quebrada-de-talca,Quebrada de Talca,village,-30.01003,-71.0374,278,23.9
la-serena,san-joaquin,San Joaquín,suburb,-29.93103,-71.24341,112,3.3
la-serena,umbrales-norte-verde,Umbrales Norte Verde,neighbourhood,-29.94611,-71.23406,111,5.1
la-serena,vegas-sur,Vegas Sur,locality,-29.91457,-71.26717,6,2.0
la-union,caleta-lameguapi,Caleta Lameguapi,locality,-40.19728,-73.70332,0,53.8
la-union,carimahuida,Carimahuida,locality,-40.23113,-73.69882,232,52.8
la-union,el-maiten,El Maitén,neighbourhood,-40.30154,-73.04657,71,3.1
la-union,iansa-1,Iansa 1,neighbourhood,-40.29926,-73.07749,21,0.6
la-union,puerto-nuevo,Puerto Nuevo,village,-40.24575,-72.58529,115,42.5
la-union,villorrio-1,Villorrio 1,neighbourhood,-40.23673,-72.59343,112,42.0
lago-ranco,ignao,Ignao,village,-40.33099,-72.55479,227,4.9
lago-verde,el-frio,El Frío,locality,-44.45,-71.28333,940,50.8
lago-verde,los-mallines,Los Mallines,locality,-43.97585,-71.85853,878,29.6
lago-verde,puerto-los-morros,Puerto Los Morros,locality,-44.56667,-71.23333,856,61.0
lago-verde,puerto-los-patos,Puerto Los Patos,locality,-44.56667,-71.2,836,63.1
laguna-blanca,monte-alto,Monte Alto,locality,-52.53317,-70.96664,266,71.7
laguna-blanca,parador-laguna-blanca,Parador Laguna Blanca,locality,-52.79979,-71.19062,29,78.4
laguna-blanca,puesto-bishop,Puesto Bishop,locality,-52.13288,-71.40673,216,37.1
laguna-blanca,puesto-bus,Puesto Bus,locality,-52.29726,-71.45203,413,32.0
laguna-blanca,puesto-el-bano,Puesto El Baño,locality,-52.09982,-70.97774,288,66.2
laguna-blanca,puesto-lagunita,Puesto Lagunita,locality,-52.12172,-71.17153,182,52.8
laguna-blanca,puesto-morro-chico,Puesto Morro Chico,locality,-52.04863,-71.55365,179,33.4
laguna-blanca,puesto-palermo,Puesto Palermo,locality,-52.06246,-71.42683,178,39.4
laguna-blanca,puesto-piedra,Puesto Piedra,locality,-52.22732,-70.97212,226,64.4
laguna-blanca,puesto-pioneros,Puesto Pioneros,locality,-52.02676,-71.54078,172,35.7
laguna-blanca,puesto-toyaike,Puesto Toyaike,locality,-52.19678,-71.04727,210,59.5
laguna-blanca,refugio-de-arrieros,Refugio de Arrieros,locality,-52.28058,-71.34779,264,38.9
laja,altos-del-laja,Altos del Laja,neighbourhood,-37.26266,-72.70484,83,0.6
laja,nueva-esperanza,Nueva Esperanza,neighbourhood,-37.27618,-72.70702,70,1.2
laja,nuevo-amanecer,Nuevo Amanecer,neighbourhood,-37.28052,-72.69691,80,1.6
laja,santa-elena,Santa Elena,village,-37.3516,-72.53408,113,17.5
lampa,batuco,Batuco,town,-33.23005,-70.80853,486,10.4
lampa,batuco-entel,Batuco-Entel,locality,-33.2386,-70.7983,489,10.7
lampa,chicauma,Chicauma,village,-33.30353,-70.74209,487,14.8
lampa,dona-rosario,Doña Rosario,neighbourhood,-33.32758,-70.76393,480,13.6
lampa,el-lucero,El Lucero,village,-33.25657,-70.8803,498,3.5
lampa,estacion-colina,Estación Colina,village,-33.2807,-70.75592,493,13.4
lampa,fundo-santa-carolina,Fundo Santa Carolina,locality,-33.18811,-70.80743,513,13.6
lampa,jardines-de-la-estacion,Jardines de la Estación,neighbourhood,-33.28995,-70.76895,490,12.2
lampa,lo-castro,Lo Castro,village,-33.29338,-70.78637,484,10.6
lampa,manuel-plaza-i,Manuel Plaza I,neighbourhood,-33.2919,-70.88813,500,1.5
lampa,parque-empresarial-valle-grande,Parque Empresarial Valle Grande,neighbourhood,-33.31391,-70.75724,482,13.7
lampa,parque-industrial-norte-bueno,Parque Industrial Norte Bueno,neighbourhood,-33.32218,-70.7245,488,16.9
lampa,parque-industrial-puerta-norte,Parque Industrial Puerta Norte,neighbourhood,-33.30122,-70.75651,486,13.5
lampa,santa-maria,Santa María,neighbourhood,-33.32474,-70.74695,482,14.9
lampa,santa-teresita-de-lisieux,Santa Teresita de Lisieux,neighbourhood,-33.26548,-70.77,494,12.2
lampa,sol-de-septiembre,Sol de Septiembre,village,-33.30522,-70.85462,484,4.9
lampa,valle-grande,Valle Grande,suburb,-33.32452,-70.75263,482,14.4
lampa,valle-norte-5,Valle Norte 5,neighbourhood,-33.33527,-70.77065,476,13.3
lanco,malalhue,Malalhue,village,-39.5404,-72.50913,152,24.9
las-cabras,cocalan,Cocalán,village,-34.20785,-71.27695,126,10.9
las-cabras,el-carmen,El Carmen,village,-34.25524,-71.38504,128,8.0
las-cabras,el-durazno,El Durazno,village,-34.16058,-71.3119,151,15.5
las-cabras,el-manzano,El Manzano,village,-34.1794,-71.39987,119,15.4
las-cabras,huaso-memo,Huaso Memo,neighbourhood,-34.17365,-71.46707,134,19.7
las-cabras,la-cebada,La Cebada,village,-34.21034,-71.31501,124,10.0
las-cabras,llallauquen,Llallauquén,village,-34.22099,-71.43904,110,14.3
las-cabras,los-aromos,Los Aromos,village,-34.17261,-71.3747,117,15.1
las-cabras,rapelco,Rapelco,neighbourhood,-34.20572,-71.46173,114,17.0
las-cabras,ruca-rapel,Ruca Rapel,neighbourhood,-34.1514,-71.47627,123,22.1
las-cabras,santa-ines,Santa Inés,village,-34.09421,-71.37395,117,23.5
las-cabras,santa-margarita,Santa Margarita,suburb,-34.15846,-71.39554,114,17.3
las-condes,colon-oriente,Colón Oriente,neighbourhood,-33.41627,-70.53382,726,4.6
las-condes,cumbres-de-san-damian,Cumbres de San Damián,neighbourhood,-33.38964,-70.49749,934,8.5
las-condes,el-golf,El Golf,neighbourhood,-33.41394,-70.59229,650,0.9
las-condes,el-remanso,El Remanso,neighbourhood,-33.41801,-70.52139,890,5.8
las-condes,gran-bretana,Gran Bretaña,neighbourhood,-33.39866,-70.54245,733,4.3
las-condes,la-hoyada,La Hoyada,neighbourhood,-33.36466,-70.48807,866,10.6
las-condes,los-descubridores,Los Descubridores,neighbourhood,-33.41941,-70.5647,675,1.8
las-condes,los-dominicos,Los Dominicos,neighbourhood,-33.40773,-70.54235,718,3.9
las-condes,los-frailes,Los Frailes,neighbourhood,-33.37636,-70.51186,812,8.0
las-condes,nueva-las-condes,Nueva Las Condes,neighbourhood,-33.4053,-70.57262,680,1.6
las-condes,quinchamali,Quinchamalí,neighbourhood,-33.37184,-70.49719,878,9.4
las-condes,renacimiento-italiano,Renacimiento Italiano,neighbourhood,-33.40171,-70.5512,717,3.4
las-condes,san-carlos-de-apoquindo,San Carlos de Apoquindo,neighbourhood,-33.40126,-70.51729,855,6.4
las-condes,san-damian,San Damián,neighbourhood,-33.38114,-70.5221,790,6.9
las-condes,sanhattan,Sanhattan,neighbourhood,-33.41371,-70.60417,627,2.0
las-condes,vaticano,Vaticano,neighbourhood,-33.42723,-70.58247,640,1.2
las-condes,vital-apoquindo,Vital Apoquindo,neighbourhood,-33.42549,-70.53338,722,4.7
lautaro,dollinco,Dollinco,locality,-38.53283,-72.38039,244,4.8
lautaro,isidoro-burgos,Isidoro Burgos,neighbourhood,-38.63479,-72.44477,168,11.8
lautaro,malpichahue,Malpichahue,locality,-38.50557,-72.48876,219,5.4
lautaro,mirador-de-volcanes,Mirador de Volcanes,neighbourhood,-38.51788,-72.42416,217,1.6
lautaro,pillanlelbun,Pillanlelbún,village,-38.63592,-72.45258,169,12.0
lautaro,samuel-fuentes,Samuel Fuentes,neighbourhood,-38.51597,-72.4375,216,1.5
lautaro,san-arturo,San Arturo,neighbourhood,-38.53417,-72.4434,207,0.9
lautaro,santa-ana,Santa Ana,neighbourhood,-38.54573,-72.43948,201,1.9
lautaro,santa-guadalupe,Santa Guadalupe,neighbourhood,-38.53507,-72.42502,209,1.1
lautaro,ultracautin,Ultracautín,neighbourhood,-38.54504,-72.42463,212,2.0
lebu,cerro-la-cruz,Cerro La Cruz,locality,-38.34572,-73.94888,8,85.7
lebu,isla-del-trabajo,Isla del Trabajo,locality,-38.41158,-73.93463,5,92.4
lebu,loberia,Lobería,locality,-38.31848,-73.95581,14,83.0
lebu,pehuen,Pehuén,village,-37.66975,-73.53713,198,12.4
lebu,poblacion-lebu,"""Población """"Lebu""""""",neighbourhood,-37.60745,-73.65733,4,0.3
lebu,santa-rosa,Santa Rosa,village,-37.64679,-73.62317,178,5.0
lebu,trancalco,Trancalco,village,-37.6465,-73.59899,214,6.4
licanten,duao,Duao,village,-34.89544,-72.17892,6,19.0
licanten,el-esfuerzo,El Esfuerzo,neighbourhood,-34.97715,-71.98585,32,1.5
licanten,el-penon,El Peñón,neighbourhood,-34.98229,-72.18095,5,16.5
licanten,el-peral,El Peral,locality,-34.93063,-72.08568,393,9.8
licanten,felipe-cubillos-sigall,Felipe Cubillos Sigall,neighbourhood,-34.88578,-72.16612,0,18.6
licanten,iloca,Iloca,village,-34.93366,-72.18016,4,17.3
licanten,la-higuera,La Higuera,locality,-34.91667,-72.15,70,15.6
limache,alfredo-nazar,Alfredo Nazar,neighbourhood,-32.99531,-71.27882,79,1.4
limache,la-gloria,La Gloria,neighbourhood,-33.02274,-71.2548,131,5.1
limache,la-victoria,La Victoria,village,-32.92773,-71.42421,23,14.5
limache,limache-viejo,Limache Viejo,suburb,-33.00728,-71.26004,94,3.4
limache,limachito,Limachito,neighbourhood,-33.00433,-71.28262,119,2.3
limache,maitenes-alto,Maitenes Alto,neighbourhood,-32.98685,-71.23561,187,4.5
limache,parcelas-cajon-de-lebu,Parcelas Cajón de Lebu,neighbourhood,-33.03313,-71.35258,199,8.5
limache,san-francisco-de-limache,San Francisco de Limache,suburb,-32.98617,-71.27381,99,0.9
limache,tabolango,Tabolango,village,-32.92854,-71.36843,62,10.0
limache,tomas-de-cerro-colorado,Tomas de Cerro Colorado,neighbourhood,-33.01335,-71.28558,190,3.3
linares,agua-de-los-ricos,Agua de los Ricos,locality,-36.0905,-71.17828,885,46.6
linares,alto-del-nabo,Alto del Nabo,locality,-35.96776,-71.45883,421,18.5
linares,alto-naciente,Alto Naciente,neighbourhood,-35.92328,-71.40502,312,19.4
linares,bajo-las-lastimas,Bajo Las Lástimas,locality,-36.19751,-71.06947,1472,61.6
linares,banos-la-gloria,Baños La Gloria,locality,-36.07533,-71.11332,1314,50.6
linares,cajon-del-rucio,Cajón del Rucio,locality,-36.03826,-71.07039,1674,52.1
linares,cascada-las-animas,Cascada Las Ánimas,locality,-36.03993,-71.19636,985,42.1
linares,curva-de-putagan,Curva de Putagán,neighbourhood,-35.79578,-71.66037,123,7.9
linares,huapi,Huapi,suburb,-35.86542,-71.59668,162,2.2
linares,las-gallegos,Las Gallegos,locality,-36.17694,-71.08792,1311,58.8
linares,las-obras,Las Obras,village,-35.80801,-71.65747,128,6.8
linares,las-toscas,Las Toscas,locality,-36.09907,-71.3115,947,38.2
linares,lascano,Lascano,locality,-36.20827,-71.06403,1733,62.7
linares,llanuras-de-montana,Llanuras de Montaña,neighbourhood,-35.92602,-71.41703,300,18.6
linares,los-pelambres,Los Pelambres,locality,-36.21426,-71.05396,1884,63.8
linares,los-quiques,Los Quiques,locality,-36.14736,-71.10698,1133,55.5
linares,palmilla,Palmilla,village,-35.80826,-71.73916,110,13.4
linares,parque-los-cipreces,Parque Los Cipreces,neighbourhood,-35.83547,-71.61824,144,2.1
linares,parque-poblacion-leon-prado,Parque Población Leon Prado,neighbourhood,-35.83463,-71.60188,149,1.3
linares,piedras-extendidas,Piedras Extendidas,locality,-36.18566,-71.08639,1331,59.6
linares,placilla,Placilla,locality,-36.09071,-71.18776,883,45.9
linares,puente-sifon,Puente Sifón,locality,-35.77662,-71.79453,95,19.3
linares,puerta-norte,Puerta Norte,neighbourhood,-35.83035,-71.58409,152,2.1
linares,punta-el-rucio,Punta El Rucio,locality,-36.04282,-71.08041,1724,51.5
linares,san-antonio,San Antonio,village,-35.86736,-71.55162,181,4.8
linares,san-victor-alamos,San Víctor Álamos,village,-35.88547,-71.48141,228,11.4
linares,vado-nacimiento,Vado Nacimiento,locality,-36.15851,-71.09372,1230,57.2
linares,vado-palacios,Vado Palacios,locality,-36.10402,-71.14128,988,50.2
linares,valles-de-linares,Valles de Linares,neighbourhood,-35.86074,-71.57634,168,2.6
linares,vara-gruesa,Vara Gruesa,village,-35.83023,-71.51456,172,7.7
linares,veranada-el-estadio,Veranada El Estadio,locality,-36.04318,-71.07768,1664,51.7
litueche,el-alto,El Alto,locality,-34.0821,-71.6639,368,7.5
litueche,el-rosario,El Rosario,neighbourhood,-34.11672,-71.73127,250,0.2
litueche,los-cornillos,Los Cornillos,locality,-34.20456,-71.73644,314,9.8
litueche,los-maquis,Los Maquis,locality,-34.1373,-71.89879,217,15.4
litueche,los-quillayes,Los Quillayes,locality,-34.1506,-71.90292,207,16.1
llanquihue,aires-del-sur,Aires del Sur,neighbourhood,-41.25555,-73.04731,124,2.6
llanquihue,altos-del-lago,Altos del Lago,neighbourhood,-41.2544,-73.0204,106,0.6
llanquihue,los-pellines,Los Pellines,village,-41.19183,-73.06689,139,7.7
llanquihue,portal-del-lago,Portal del Lago,neighbourhood,-41.24451,-73.01403,105,0.6
llanquihue,totoral,Totoral,locality,-41.20871,-73.03231,69,4.8
llay-llay,el-porvenir,El Porvenir,village,-32.8674,-70.95027,389,2.5
llay-llay,el-roble,El Roble,village,-32.87247,-70.95906,391,2.6
llay-llay,las-penas,Las Peñas,village,-32.87152,-70.92413,405,4.6
llay-llay,llaillay,Llaillay,town,-32.84297,-70.95265,389,1.5
llay-llay,los-loros,Los Loros,village,-32.86007,-70.89548,415,6.7
llay-llay,santa-rosa,Santa Rosa,village,-32.87696,-70.95426,395,3.2
lo-barnechea,el-golf-de-manquehue,El Golf de Manquehue,neighbourhood,-33.33848,-70.55562,867,3.8
lo-barnechea,el-huinganal,El Huinganal,neighbourhood,-33.34148,-70.50986,895,1.1
lo-barnechea,jardin-la-dehesa,Jardín La Dehesa,neighbourhood,-33.3655,-70.52942,810,2.1
lo-barnechea,la-ermita,La Ermita,neighbourhood,-33.36493,-70.50473,818,2.0
lo-barnechea,las-pataguas,Las Pataguas,neighbourhood,-33.35161,-70.53455,831,1.7
lo-barnechea,lomas-de-la-dehesa,Lomas de La Dehesa,neighbourhood,-33.34295,-70.52719,864,1.3
lo-barnechea,los-hornitos,Los Hornitos,locality,-33.28229,-70.30401,2386,21.1
lo-barnechea,los-maitenes,Los Maitenes,locality,-33.31667,-70.36667,1723,14.4
lo-barnechea,los-nogales,Los Nogales,neighbourhood,-33.33131,-70.532,900,2.5
lo-barnechea,los-trapenses,Los Trapenses,neighbourhood,-33.34262,-70.54613,853,2.9
lo-barnechea,manquehue-oriente,Manquehue Oriente,neighbourhood,-33.3574,-70.54502,827,2.8
lo-barnechea,paso-marchant,Paso Marchant,locality,-33.26646,-70.35046,2003,18.0
lo-barnechea,planchada,Planchada,locality,-33.28333,-70.35,1831,17.2
lo-barnechea,potrero-grande,Potrero Grande,locality,-33.42757,-70.2925,2456,22.5
lo-barnechea,pueblito-de-lo-barnechea,Pueblito de Lo Barnechea,neighbourhood,-33.35459,-70.50771,833,1.0
lo-barnechea,santuario-del-valle,Santuario del Valle,neighbourhood,-33.32301,-70.54809,884,4.2
lo-barnechea,valle-escondido,Valle Escondido,neighbourhood,-33.34728,-70.49045,953,2.5
lo-barnechea,valle-la-dehesa,Valle La Dehesa,neighbourhood,-33.33039,-70.51983,937,2.2
lo-espejo,jose-maria-caro-rodriguez,José María Caro Rodríguez,neighbourhood,-33.51594,-70.69799,528,2.6
lo-espejo,pueblo-lo-espejo,Pueblo Lo Espejo,neighbourhood,-33.53197,-70.69404,542,2.1
loncoche,huiscapi,Huiscapi,village,-39.29747,-72.40293,253,21.3
loncoche,la-paz,La Paz,village,-39.40967,-72.71072,89,8.2
loncoche,las-americas,Las Américas,neighbourhood,-39.37919,-72.63178,107,1.4
loncoche,los-copihues,Los Copihues,neighbourhood,-39.36191,-72.63745,110,0.6
loncoche,vista-hermosa,Vista Hermosa,neighbourhood,-39.36479,-72.62293,112,0.9
longavi,bajos-de-chacay,Bajos de Chacay,locality,-36.15151,-71.44001,627,30.0
longavi,banos-de-longavi,Baños de Longaví,locality,-36.37072,-71.15274,1357,65.5
longavi,barracas-longavi,Barracas Longaví,neighbourhood,-35.96365,-71.69072,144,0.7
longavi,casa-de-tabla,Casa de Tabla,locality,-36.16816,-71.09304,1278,57.6
longavi,casa-la-gringa,Casa La Gringa,locality,-36.0988,-71.20483,795,45.5
longavi,catastral-el-nevado,Catastral El Nevado,neighbourhood,-36.02275,-71.63427,168,7.6
longavi,catastral-san-manuel,Catastral San Manuel,neighbourhood,-35.94693,-71.68652,134,2.2
longavi,la-calle,La Calle,locality,-36.15482,-71.09925,1209,56.5
longavi,la-conquista,La Conquista,village,-35.98716,-71.71552,148,3.7
longavi,la-quinta,La Quinta,village,-36.05404,-71.56596,192,14.3
longavi,las-motas,Las Motas,locality,-35.89127,-71.64399,149,9.1
longavi,los-cristales,Los Cristales,village,-36.01215,-71.65172,159,5.8
longavi,miraflores,Miraflores,village,-35.91726,-71.64799,149,6.3
longavi,paine,Paine,village,-36.01426,-71.70516,155,5.6
lonquimay,bernardo-nanco,Bernardo Nanco,locality,-38.33635,-71.43909,1495,20.9
lonquimay,cruzaco,Cruzaco,locality,-38.77487,-71.2292,1152,38.0
lonquimay,lonquimay,Lonquimay,town,-38.45407,-71.37063,921,12.2
lonquimay,puesto-care,Puesto Care,locality,-38.58111,-71.04834,1365,23.0
los-alamos,antihuala,Antihuala,village,-37.66754,-73.39042,139,8.8
los-alamos,caupolican,Caupolicán,neighbourhood,-37.63161,-73.45085,168,2.2
los-alamos,cerro-alto,Cerro Alto,suburb,-37.6146,-73.41365,164,4.7
los-alamos,la-araucana,La Araucana,neighbourhood,-37.64291,-73.39116,171,7.3
los-alamos,los-canelos,Los Canelos,neighbourhood,-37.62299,-73.46392,170,0.7
los-alamos,los-rios,Los Ríos,village,-37.55533,-73.41743,162,8.1
los-alamos,quillaitun,Quillaitún,neighbourhood,-37.62655,-73.43147,153,3.3
los-alamos,san-alfonso,San Alfonso,locality,-37.71135,-73.17242,793,28.0
los-alamos,tres-pinos,Tres Pinos,suburb,-37.62731,-73.41118,156,5.0
los-andes,aires-de-aconcagua,Aires de Aconcagua,neighbourhood,-32.85485,-70.60245,807,2.4
los-andes,alto-de-la-posada,Alto de la Posada,locality,-32.87562,-70.20616,1931,36.9
los-andes,cancha-pelada,Cancha Pelada,locality,-32.82987,-70.08659,3342,47.8
los-andes,caracoles,Caracoles,locality,-32.82644,-70.09516,3232,47.0
los-andes,codelco-andina,Codelco Andina,locality,-33.14446,-70.25873,3538,46.9
los-andes,el-juncal,El Juncal,locality,-32.86667,-70.16667,2123,40.5
los-andes,el-penon,El Peñón,locality,-32.87902,-70.20933,1907,36.7
los-andes,el-sauce,El Sauce,village,-32.83805,-70.53781,903,5.7
los-andes,jardin-de-los-villares,Jardín de los Villares,neighbourhood,-32.83083,-70.62257,792,2.3
los-andes,la-pulperia,La Pulpería,locality,-32.89119,-70.22461,1776,35.5
los-andes,laderas-de-santa-rosa,Laderas de Santa Rosa,neighbourhood,-32.85592,-70.58412,838,2.8
los-andes,las-vizcachas,Las Vizcachas,village,-32.85482,-70.50635,963,8.9
los-andes,montes-andinos,Montes Andinos,neighbourhood,-32.83497,-70.57143,857,2.5
los-andes,ojos-de-agua,Ojos de Agua,locality,-32.86235,-70.17332,2117,39.8
los-andes,parada-caracoles,Parada Caracoles,locality,-32.83757,-70.09212,3087,47.3
los-andes,paso-internacional-los-libertadores,Paso Internacional Los Libertadores,locality,-32.82819,-70.09264,3174,47.2
los-andes,piscicultura,Piscicultura,neighbourhood,-32.93208,-70.28265,1542,31.4
los-andes,rio-blanco,Río Blanco,village,-32.90968,-70.30387,1417,28.8
los-andes,sendero-de-los-andes,Sendero de Los Andes,neighbourhood,-32.81724,-70.61332,796,2.3
los-andes,valle-andino,Valle Andino,neighbourhood,-32.84219,-70.58284,839,1.7
los-angeles,almirante-latorre,Almirante Latorre,neighbourhood,-37.45876,-72.35273,141,1.3
los-angeles,altos-del-retiro-sur,Altos del Retiro Sur,neighbourhood,-37.48295,-72.3699,143,2.1
los-angeles,chacayal-sur,Chacayal Sur,village,-37.45112,-72.14121,236,18.7
los-angeles,curamonte,Curamonte,neighbourhood,-37.44622,-72.39318,134,4.6
los-angeles,el-avellano,El Avellano,suburb,-37.4469,-72.33541,151,3.0
los-angeles,el-bolson,El Bolsón,neighbourhood,-37.45582,-72.37862,123,2.9
los-angeles,el-peral,El Peral,village,-37.48483,-72.21574,184,12.1
los-angeles,el-portal-de-alberto,El Portal de Alberto,neighbourhood,-37.44921,-72.35921,133,2.5
los-angeles,el-resbalon,El Resbalón,locality,-37.4852,-72.39129,136,3.8
los-angeles,guayali,Guayalí,neighbourhood,-37.46451,-72.34516,134,0.9
los-angeles,las-delicias-alto,Las Delicias Alto,village,-37.54197,-72.29081,139,9.6
los-angeles,las-lomas,Las Lomas,neighbourhood,-37.4543,-72.2895,162,5.8
los-angeles,millantu,Millantú,village,-37.3975,-72.62002,79,25.1
los-angeles,paillihue,Paillihue,suburb,-37.48668,-72.33968,139,2.1
los-angeles,portal-manso-de-velasco,Portal Manso de Velasco,neighbourhood,-37.48199,-72.3291,142,2.4
los-angeles,quinta-las-cruces,Quinta Las Cruces,neighbourhood,-37.44933,-72.34868,137,2.4
los-angeles,san-carlos-de-puren,San Carlos de Purén,village,-37.59558,-72.2765,147,15.4
los-angeles,san-jose,San José,neighbourhood,-37.46571,-72.31813,151,3.0
los-angeles,santa-fe,Santa Fe,village,-37.46613,-72.58293,81,20.4
los-angeles,santiago-bueras,Santiago Bueras,neighbourhood,-37.46301,-72.37045,138,1.9
los-angeles,valle-de-la-luna,Valle de la Luna,neighbourhood,-37.49015,-72.3542,132,2.2
los-angeles,virquenco,Virquenco,village,-37.4573,-72.49897,97,13.1
los-lagos,antilhue,Antilhue,village,-39.80599,-72.95797,12,11.7
los-lagos,folilco,Folilco,village,-39.87112,-72.66815,116,14.3
los-lagos,las-lajas,Las Lajas,neighbourhood,-39.85553,-72.82655,30,0.8
los-muermos,canitas,Cañitas,village,-41.30079,-73.45314,81,11.3
los-sauces,el-fortin,El Fortín,neighbourhood,-37.98313,-72.82741,125,1.9
los-sauces,saboya,Saboya,locality,-38.00774,-72.80343,111,5.3
los-sauces,santa-ines,Santa Inés,neighbourhood,-37.98129,-72.8452,121,1.9
los-sauces,trintre,Trintre,village,-37.92377,-72.74339,102,9.2
los-vilos,caimanes,Caimanes,village,-31.93245,-71.13461,460,36.2
los-vilos,casuto,Casuto,locality,-31.82199,-71.42698,690,12.1
los-vilos,el-gauchal,El Gauchal,locality,-31.76667,-71.46667,356,15.6
los-vilos,guanguali,Guangualí,village,-32.13342,-71.37386,89,29.2
los-vilos,la-mostaza,La Mostaza,locality,-31.86667,-71.43333,31,8.7
los-vilos,los-azules,Los Azules,locality,-31.75,-71.48333,89,17.0
los-vilos,pichidangui,Pichidangui,village,-32.13964,-71.52716,17,26.7
los-vilos,quilimari,Quilimarí,village,-32.12103,-71.50316,40,24.6
los-vilos,valle-de-pupio,Valle de Pupío,locality,-31.86755,-71.47822,8,5.1
lota,lota-alto,Lota Alto,suburb,-37.08281,-73.16142,56,1.4
lota,lota-bajo,Lota Bajo,suburb,-37.09293,-73.15572,6,0.2
lota,miramar,Miramar,neighbourhood,-37.07792,-73.15075,52,1.9
lota,polvorin,Polvorín,neighbourhood,-37.07572,-73.14809,20,2.2
lumaco,capitan-pastene,Capitán Pastene,town,-38.19332,-72.99248,206,8.2
lumaco,la-ilusion,La Ilusión,neighbourhood,-38.16652,-72.90812,58,2.0
lumaco,tranaman,Tranamán,locality,-38.26014,-72.9935,297,14.0
machali,adobes-de-nogales,Adobes de Nogales,neighbourhood,-34.20211,-70.6669,584,2.6
machali,camino-a-machali,Camino a Machalí,suburb,-34.17313,-70.68474,534,3.3
machali,cerrillos,Cerrillos,locality,-34.25,-70.4,1119,24.3
machali,coya,Coya,village,-34.20469,-70.53098,837,11.3
machali,ecoparque-las-palmas,Ecoparque Las Palmas,neighbourhood,-34.17255,-70.64935,552,1.1
machali,el-alamo,El Álamo,neighbourhood,-34.20208,-70.51615,833,12.6
machali,el-cajon,El Cajón,neighbourhood,-34.19132,-70.63079,615,2.1
machali,el-guindal,El Guindal,neighbourhood,-34.19551,-70.64515,611,1.5
machali,el-manzanal,El Manzanal,locality,-34.23333,-70.48333,868,16.4
machali,el-palquial,El Palquial,neighbourhood,-34.16952,-70.66067,538,1.7
machali,el-polo-de-machali,El Polo de Machalí,neighbourhood,-34.18853,-70.67452,558,2.3
machali,la-juanita,La Juanita,locality,-34.14983,-70.27782,2089,34.5
machali,la-placilla,La Placilla,locality,-34.41667,-70.13333,2538,54.2
machali,la-reserva-de-machali,La Reserva de Machalí,neighbourhood,-34.18256,-70.68545,545,3.2
machali,la-vinilla,La Vinilla,neighbourhood,-34.17575,-70.63831,590,1.4
machali,las-cayanas,Las Cayanas,locality,-34.24263,-70.32589,1477,30.6
machali,los-huertos-de-machali,Los Huertos de Machalí,neighbourhood,-34.18408,-70.69655,541,4.2
machali,nogales,Nogales,suburb,-34.20861,-70.65789,595,3.0
machali,parque-san-andres,Parque San Andrés,neighbourhood,-34.17096,-70.67257,536,2.4
machali,portones-de-machali,Portones de Machalí,neighbourhood,-34.16192,-70.66729,525,2.7
machali,sewell,Sewell,village,-34.08488,-70.38294,2140,27.0
macul,los-husares,Los Húsares,neighbourhood,-33.49132,-70.6096,563,1.0
mafil,pidey,Pidey,neighbourhood,-39.66306,-72.95577,25,1.5
mafil,renacer,Renacer,neighbourhood,-39.66247,-72.94889,26,1.4
maipu,alto-el-rosal,Alto El Rosal,neighbourhood,-33.47946,-70.76238,471,4.2
maipu,cabo-de-hornos,Cabo de Hornos,neighbourhood,-33.50586,-70.75254,488,1.8
maipu,el-maiten,El Maitén,village,-33.5128,-70.82662,442,5.6
maipu,la-flor-de-maipu,La Flor de Maipú,neighbourhood,-33.50975,-70.77452,465,1.1
maipu,la-sinfonia,La Sinfonía,neighbourhood,-33.4908,-70.76067,471,2.9
maipu,llanos-de-maipu-ii,Llanos de Maipú II,neighbourhood,-33.54676,-70.76166,490,3.4
maipu,los-bosquinos,Los Bosquinos,neighbourhood,-33.53524,-70.78707,461,2.8
maipu,los-nogales,Los Nogales,neighbourhood,-33.5245,-70.76772,474,0.9
maipu,los-renovales,Los Renovales,neighbourhood,-33.51505,-70.75274,482,1.3
maipu,portal-del-bosque,Portal del Bosque,neighbourhood,-33.54588,-70.7881,464,3.8
maipu,santa-ana-de-chena,Santa Ana de Chena,neighbourhood,-33.56106,-70.7637,492,4.9
maipu,santa-maria-de-maipu,Santa María de Maipú,neighbourhood,-33.49146,-70.77708,462,3.0
malloa,caracoles,Caracoles,village,-34.42128,-70.93883,269,3.4
malloa,corcolen,Corcolén,village,-34.40902,-71.00033,249,6.5
malloa,el-rosedal,El Rosedal,neighbourhood,-34.45042,-70.89443,270,5.1
malloa,entre-vinas,Entre Viñas,locality,-34.49381,-70.84175,411,11.1
malloa,la-gruta,La Gruta,neighbourhood,-34.43364,-70.94823,276,1.8
malloa,las-truchas,Las Truchas,neighbourhood,-34.4508,-70.95315,254,0.3
malloa,limahue,Limahue,village,-34.46391,-70.92389,264,2.9
malloa,panquehue,Panquehue,village,-34.40927,-70.92571,277,5.0
malloa,pelequen,Pelequén,village,-34.46605,-70.89562,274,5.3
malloa,puntilla-de-panquehue,Puntilla de Panquehue,village,-34.41141,-70.91287,283,5.5
malloa,valdovinos,Valdovinos,neighbourhood,-34.44377,-70.93502,277,1.5
marchihue,marchigue,Marchigüe,town,-34.40009,-71.61828,139,0.3
marchihue,polcura,Polcura,locality,-34.31667,-71.66667,201,10.0
marchihue,rinconada-de-alcones,Rinconada de Alcones,village,-34.35401,-71.73521,180,11.7
maria-elena,bomba-vergara,Bomba Vergara,locality,-22.45019,-69.44981,1295,24.9
maria-elena,cerrillos,Cerrillos,locality,-22.28068,-69.8672,1376,22.0
maria-elena,chacance,Chacance,locality,-22.39653,-69.56045,1237,12.1
maria-elena,grutas,Grutas,locality,-21.95426,-69.61386,1064,44.3
maria-elena,guacate,Guacate,locality,-22.51667,-69.3,1531,42.0
maria-elena,jose-francisco-vergara,José Francisco Vergara,locality,-22.45988,-69.62162,1296,13.1
maria-elena,la-parte,La Parte,locality,-21.68156,-69.52965,816,75.7
maria-elena,los-dones,Los Dones,locality,-22.70677,-69.77336,1550,41.2
maria-elena,los-dones-2,Los Dones,locality,-22.78565,-69.78206,1441,49.9
maria-elena,lynch,Lynch,locality,-22.73966,-69.7298,1501,43.8
maria-elena,miraje,Miraje,locality,-22.50377,-69.56808,1293,19.9
maria-elena,nacara,Nacara,locality,-22.51667,-69.23333,1582,48.2
maria-elena,oficina-buena-esperanza,Oficina Buena Esperanza,locality,-22.01892,-69.61807,1086,37.2
maria-elena,oficina-empresa,Oficina Empresa,locality,-22.03746,-69.62075,1085,35.1
maria-elena,oficina-iberia,Oficina Iberia,locality,-21.94272,-69.59346,1046,45.9
maria-elena,oficina-prosperidad,Oficina Prosperidad,locality,-21.9769,-69.60732,1060,41.9
maria-elena,oficina-rica-aventura,Oficina Rica Aventura,locality,-21.98653,-69.6074,1062,40.9
maria-elena,oficina-santa-ana,Oficina Santa Ana,locality,-22.12311,-69.58753,1118,26.5
maria-elena,oficina-santa-fe,Oficina Santa Fe,locality,-21.86553,-69.56311,1048,54.9
maria-elena,oficina-toco,Oficina Toco,locality,-22.08426,-69.60493,1107,30.2
maria-elena,parque-del-loa,Parque del Loa,locality,-22.34982,-69.56598,1181,10.4
maria-elena,puntilla,Puntilla,locality,-22.02532,-69.74139,1304,36.9
maria-elena,santa-isabel,Santa Isabel,locality,-22.07584,-69.60109,1117,31.2
maria-elena,santa-teresa,Santa Teresa,locality,-21.97386,-69.58665,1054,42.6
maria-elena,tranque-sloman,Tranque Sloman,locality,-21.85277,-69.51502,971,57.5
maria-elena,tupiza,Tupiza,locality,-22.3126,-69.73852,1282,8.5
maria-elena,union-candelaria,Union Candelaria,locality,-22.18128,-69.59826,1140,20.0
maria-pinto,chorombo-alto,Chorombo Alto,village,-33.50311,-71.25693,163,11.9
maria-pinto,chorombo-bajo,Chorombo Bajo,village,-33.54338,-71.22216,143,8.3
maria-pinto,las-mercedes,Las Mercedes,village,-33.49458,-71.20138,165,7.6
maria-pinto,los-rulos,Los Rulos,village,-33.46479,-71.08104,170,9.0
maria-pinto,malalhue,Malalhue,village,-33.49182,-71.16803,164,5.6
maria-pinto,san-enrique,San Enrique,village,-33.47105,-71.11449,174,7.1
maria-pinto,santa-emilia,Santa Emilia,village,-33.46929,-71.10523,174,7.6
maria-pinto,villa-santa-luisa,Villa Santa Luisa,village,-33.45705,-71.09587,204,9.2
mariquina,ciruelos,Ciruelos,village,-39.54122,-72.86638,44,8.2
mariquina,estacion-mariquina,Estación Mariquina,village,-39.56487,-72.93172,38,3.8
mariquina,mehuin,Mehuín,village,-39.44265,-73.21297,5,24.1
mariquina,pelchuquin,Pelchuquín,village,-39.62433,-73.0772,21,13.7
mariquina,pon-pon,Pon Pon,neighbourhood,-39.525,-72.81583,50,12.6
mariquina,san-jose-de-la-mariquina,San José de La Mariquina,town,-39.53945,-72.96108,27,0.1
maule,callejones,Callejones,village,-35.51362,-71.63792,129,6.0
maule,camino-a-querquel,Camino a Querquel,village,-35.48428,-71.75767,75,7.5
maule,cantera-del-maule,Cantera del Maule,locality,-35.55408,-71.70945,100,2.5
maule,cardenal-samore,Cardenal Samoré,neighbourhood,-35.52031,-71.68512,114,2.0
maule,carlos-gonzalez,Carlos González,neighbourhood,-35.45923,-71.7055,86,8.3
maule,chacarillas,Chacarillas,village,-35.48012,-71.65612,121,7.1
maule,dona-antonia,Doña Antonia,neighbourhood,-35.46325,-71.67476,98,8.1
maule,la-campina,La Campina,neighbourhood,-35.46225,-71.66243,102,8.6
maule,los-nogales,Los Nogales,neighbourhood,-35.48,-71.7459,71,7.2
maule,maule-norte,Maule Norte,village,-35.45303,-71.68611,92,9.0
maule,pedro-nolasco,Pedro Nolasco,village,-35.55086,-71.63789,131,5.9
maule,piedras-blancas,Piedras Blancas,neighbourhood,-35.49736,-71.66831,120,4.9
maule,pueblecillo,Pueblecillo,village,-35.54127,-71.69811,112,0.9
maule,valle-del-maule,Valle del Maule,neighbourhood,-35.51679,-71.69864,115,1.8
maullin,carelmapu,Carelmapu,village,-41.74804,-73.70611,7,17.1
maullin,la-pasada,La Pasada,village,-41.60299,-73.59663,5,1.5
maullin,lepihue,Lepihué,village,-41.60164,-73.58335,1,2.2
maullin,quenuir,Quenuir,village,-41.56419,-73.67705,12,8.7
mejillones,rinconada-de-mejillones,Rinconada de Mejillones,neighbourhood,-23.09912,-70.47933,0,3.0
melipeuco,caren-ruminani,Caren-Rumiñañi,locality,-38.93532,-71.54882,1450,16.2
melipeuco,ruminane,Rumiñañe,locality,-38.92272,-71.60261,787,11.7
melipilla,altos-del-maiten,Altos del Maitén,neighbourhood,-33.6784,-71.17567,175,3.7
melipilla,bollenar,Bollenar,town,-33.56965,-71.21196,152,12.9
melipilla,carmen-bajo,Carmen Bajo,village,-33.72341,-71.19441,159,4.6
melipilla,chacra-san-pedro,Chacra San Pedro,neighbourhood,-33.69065,-71.20605,162,1.0
melipilla,chocalan,Chocalán,village,-33.72443,-71.21033,147,4.3
melipilla,cholqui,Cholqui,village,-33.78139,-71.14268,179,12.6
melipilla,codigua,Codigua,village,-33.75786,-71.32389,108,12.9
melipilla,el-pimiento,El Pimiento,village,-33.57326,-70.98223,252,24.9
melipilla,hermanos-carrera,Hermanos Carrera,village,-33.60565,-71.10834,219,13.3
melipilla,huechun-bajo,Huechún Bajo,village,-33.71136,-71.28758,131,7.3
melipilla,los-poetas,Los Poetas,neighbourhood,-33.68584,-71.22942,166,1.4
melipilla,pabellon,Pabellón,village,-33.7508,-71.19653,152,7.4
melipilla,pomaire,Pomaire,village,-33.65015,-71.15121,194,7.1
melipilla,prados-de-melipilla,Prados de Melipilla,neighbourhood,-33.68362,-71.19895,169,1.5
melipilla,puangue,Puangue,village,-33.66534,-71.31255,149,9.3
melipilla,quebrada-seca,Quebrada Seca,locality,-33.60247,-71.08051,235,15.5
melipilla,san-jose,San José,village,-33.611,-71.22338,160,8.3
melipilla,san-ramon,San Ramón,village,-33.56822,-71.16976,158,13.7
melipilla,santa-clara,Santa Clara,village,-33.58151,-71.08344,183,16.8
melipilla,santa-elvira,Santa Elvira,neighbourhood,-33.6686,-71.21476,165,1.9
melipilla,santa-rosa,Santa Rosa,village,-33.65767,-71.27729,155,6.6
melipilla,santa-teresa,Santa Teresa,village,-33.57844,-71.01712,215,21.8
melipilla,santa-victoria,Santa Victoria,village,-33.58486,-71.05317,197,18.7
melipilla,sargento-candelaria,Sargento Candelaria,village,-33.58785,-71.21724,161,10.9
melipilla,sol-del-valle,Sol del Valle,neighbourhood,-33.67806,-71.23733,160,2.3
molina,bajo-los-romeros,Bajo Los Romeros,village,-35.14849,-71.24031,290,7.1
molina,buena-union,Buena Unión,village,-35.13016,-71.26395,266,4.2
molina,don-hilario,Don Hilario,neighbourhood,-35.1118,-71.29303,240,1.1
molina,don-horacio,Don Horacio,neighbourhood,-35.05972,-71.26213,229,7.1
molina,el-bolson,El Bolsón,locality,-35.49686,-70.90425,1672,56.1
molina,el-progreso,El Progreso,neighbourhood,-35.13181,-71.29057,248,2.5
molina,itahue,Itahue,village,-35.13333,-71.35635,229,5.1
molina,lontue,Lontué,town,-35.05491,-71.27456,218,7.1
molina,oscar-bonilla,Óscar Bonilla,neighbourhood,-35.07525,-71.25911,240,6.0
molina,pichingal,Pichingal,village,-35.11661,-71.21355,298,8.4
molina,piedra-azul,Piedra Azul,neighbourhood,-35.11289,-71.27292,252,3.0
molina,region-del-maule,Región del Maule,neighbourhood,-35.10581,-71.30197,231,0.9
molina,san-jorge-de-romeral,San Jorge de Romeral,village,-35.15464,-71.19734,332,10.9
molina,tres-esquinas,Tres Esquinas,village,-35.16867,-71.21395,315,10.4
molina,valle-del-indio,Valle del Indio,locality,-35.49538,-70.88364,1805,57.2
monte-patria,agua-del-carmen,Agua del Carmen,locality,-30.77606,-71.06031,462,15.9
monte-patria,bocatoma,Bocatoma,locality,-30.74579,-70.41964,2522,49.6
monte-patria,caren,Carén,village,-30.85209,-70.76997,720,24.4
monte-patria,chanaral-alto,Chañaral Alto,village,-30.88648,-71.01541,502,23.9
monte-patria,chilecito,Chilecito,village,-30.75299,-70.84355,580,11.6
monte-patria,el-palqui,El Palqui,town,-30.76798,-70.94334,433,9.5
monte-patria,el-polvo,El Polvo,locality,-31.14519,-70.57401,2240,61.7
monte-patria,el-tome-alto,El Tomé Alto,village,-30.8165,-70.97488,427,15.3
monte-patria,guanta,Guanta,locality,-30.61694,-70.62098,2825,30.8
monte-patria,huana,Huana,neighbourhood,-30.70596,-70.95942,411,3.5
monte-patria,huatulame,Huatulame,village,-30.83798,-70.97866,451,17.7
monte-patria,juntas,Juntas,village,-30.71127,-70.88093,517,5.9
monte-patria,la-arena,La Arena,locality,-30.73333,-70.53333,1676,38.6
monte-patria,las-mollacas,Las Mollacas,locality,-30.75818,-70.68887,1097,24.8
monte-patria,panguecillo,Panguecillo,locality,-30.78083,-70.56083,1648,37.2
monte-patria,potrero-el-pingo,Potrero El Pingo,locality,-30.56667,-70.65,2124,30.1
monte-patria,tulahuen,Tulahuén,village,-30.96494,-70.76873,982,35.0
mostazal,angostura,Angostura,village,-33.93716,-70.71369,430,5.3
mostazal,el-conquistador,El Conquistador,neighbourhood,-33.96834,-70.71091,462,1.9
mostazal,el-roble,El Roble,neighbourhood,-34.01165,-70.71518,487,3.4
mostazal,la-punta,La Punta,town,-34.01,-70.64858,552,5.6
mostazal,o-higgins-de-pilay,O'Higgins de Pilay,village,-33.94727,-70.64772,584,6.3
mostazal,patria-nueva,Patria Nueva,neighbourhood,-33.98972,-70.71453,472,1.5
mostazal,peuco,Peuco,village,-33.9569,-70.64327,579,6.0
mostazal,san-francisco-de-mostazal,San Francisco de Mostazal,town,-33.9799,-70.71217,466,1.2
mostazal,violeta-parra,Violeta Parra,neighbourhood,-33.92722,-70.70945,458,6.3
mulchen,cuesta-esperanza,Cuesta Esperanza,locality,-37.83986,-72.38899,183,19.4
mulchen,mirador-de-loma-verde,Mirador de Loma Verde,neighbourhood,-37.70333,-72.25124,168,2.2
mulchen,pichibureo,Pichibureo,locality,-37.82931,-71.94843,563,28.0
nacimiento,bocatoma,Bocatoma,locality,-37.49897,-72.6145,46,4.6
nacimiento,camellones,Camellones,locality,-37.46229,-72.70325,240,5.3
nacimiento,cerro-alto,Cerro Alto,locality,-37.43738,-72.72455,459,8.6
nacimiento,cerro-alto-2,Cerro Alto 2,locality,-37.4598,-72.72244,236,6.6
nacimiento,el-progreso,El Progreso,neighbourhood,-37.50448,-72.657,53,1.0
nacimiento,el-quitral,El Quitral,locality,-37.48746,-72.83942,112,15.3
nacimiento,huingan,Huingán,locality,-37.52695,-72.64248,62,3.7
nacimiento,la-despensa,La Despensa,locality,-37.50537,-72.69424,72,2.5
nacimiento,la-permuta,La Permuta,locality,-37.55905,-72.73097,210,8.7
nacimiento,las-golondrinas,Las Golondrinas,locality,-37.45522,-72.68787,50,5.3
nacimiento,lomas-de-san-francisco-2,Lomas de San Francisco 2,neighbourhood,-37.4931,-72.68437,79,1.7
nacimiento,los-barros,Los Barros,locality,-37.60566,-72.94205,589,27.0
nacimiento,malloa,Malloa,locality,-37.47401,-72.81137,146,13.1
nacimiento,menir,Meñir,locality,-37.56629,-72.76134,334,11.1
nacimiento,mirador,Mirador,locality,-37.5419,-72.71032,376,6.0
nacimiento,monterrey,Monterrey,locality,-37.32099,-72.72869,142,20.6
nacimiento,papal,Papal,locality,-37.43912,-72.73865,432,9.3
nacimiento,pichun,Pichún,locality,-37.47564,-72.75902,62,8.6
nacimiento,polonia,Polonia,locality,-37.51992,-72.80316,102,12.2
nacimiento,roble-guacho,Roble Guacho,locality,-37.56863,-72.73668,313,9.8
nacimiento,san-antonio-1,San Antonio 1,locality,-37.49235,-72.73087,346,5.7
nacimiento,san-antonio-2,San Antonio 2,locality,-37.4992,-72.7065,118,3.5
nacimiento,san-luis,San Luis,locality,-37.59193,-72.69928,187,10.6
nacimiento,san-miguel,San Miguel,locality,-37.5222,-72.70336,150,4.1
nacimiento,san-pedro-de-pichun,San Pedro de Pichún,locality,-37.52217,-72.77972,119,10.3
nacimiento,santa-cruz-de-coya,Santa Cruz de Coya,locality,-37.35414,-72.7479,151,17.7
nancagua,cunaco,Cunaco,village,-34.64998,-71.28134,185,6.2
nancagua,puquillay-alto,Puquillay Alto,village,-34.67343,-71.18085,213,3.4
nancagua,puquillay-bajo,Puquillay Bajo,village,-34.68415,-71.20011,205,2.5
nancagua,san-gregorio,San Gregorio,village,-34.65491,-71.25816,192,4.0
natales,caleta-grau,Caleta Grau,locality,-49.34034,-74.41065,15,297.8
natales,caleta-hoskyn,Caleta Hoskyn,locality,-48.9439,-74.41405,40,338.1
natales,caleta-level,Caleta Level,locality,-49.11804,-74.35585,7,318.6
natales,caleta-lucas,Caleta Lucas,locality,-49.00059,-74.40716,19,332.1
natales,caleta-lucrecia,Caleta Lucrecia,locality,-49.51186,-74.26614,12,276.1
natales,caleta-zorro,Caleta Zorro,locality,-52.0656,-73.0105,0,50.1
natales,cerro-pancho,Cerro Pancho,locality,-51.68688,-72.49206,98,5.4
natales,endesa,Endesa,neighbourhood,-51.73114,-72.48633,37,2.1
natales,juan-pablo-ii,Juan Pablo II,neighbourhood,-51.74082,-72.49183,12,1.9
natales,ladrilleros,Ladrilleros,locality,-51.83417,-72.72558,1,18.2
natales,octavio-castro,Octavio Castro,neighbourhood,-51.72011,-72.49434,24,2.1
natales,paso-del-vuelto,Paso del Vuelto,locality,-49.82192,-73.85045,729,232.3
natales,paso-laurita-casas-viejas,Paso Laurita – Casas Viejas,locality,-51.68468,-72.29869,240,16.0
natales,puerto-gray,Puerto Gray,locality,-48.91905,-74.3134,0,337.9
natales,puerto-micaela,Puerto Micaela,locality,-49.51186,-74.27101,0,276.3
natales,puerto-natales,Puerto Natales,city,-51.7262,-72.506,17,1.1
natales,punta-kirke-sur,Punta Kirke Sur,locality,-52.10102,-73.12067,25,58.2
natales,punta-porpoise,Punta Porpoise,locality,-50.7408,-74.51969,48,177.8
natales,terranova,Terranova,neighbourhood,-51.7385,-72.47723,33,2.8
natales,vertedero,Vertedero,locality,-49.11583,-74.39032,0,319.9
navidad,el-boldo,El Boldo,neighbourhood,-34.01674,-71.86154,174,9.6
navidad,el-macal,El Macal,locality,-34.04753,-71.78783,277,13.4
navidad,el-potrero,El Potrero,locality,-33.99547,-71.78761,228,8.1
navidad,la-boca,La Boca,village,-33.92428,-71.84627,48,1.6
navidad,la-chepica,La Chépica,locality,-34.04297,-71.93397,200,15.3
navidad,la-cruz,La Cruz,neighbourhood,-33.95074,-71.7342,21,9.3
navidad,la-vega-de-pupuya,La Vega de Pupuya,village,-33.989,-71.8807,6,7.6
navidad,monte-redondo,Monte Redondo,locality,-33.98663,-71.70922,155,12.9
navidad,puertas-amarillas,Puertas Amarillas,neighbourhood,-33.9986,-71.88442,83,8.7
navidad,quinicaben,Quiñicaben,locality,-34.03967,-71.76098,288,13.6
navidad,rapel,Rapel,village,-33.94342,-71.73808,19,8.9
navidad,reserva-calabacillo,Reserva Calabacillo,neighbourhood,-33.94356,-71.85188,65,2.1
navidad,san-francisco,San Francisco,locality,-33.94371,-71.79568,17,3.7
navidad,san-vicente-de-arrayanes,San Vicente de Arrayanes,locality,-34.04909,-71.77302,281,14.0
navidad,valle-de-paulum,Valle de Paulum,locality,-33.97054,-71.75519,90,8.3
negrete,coihue,Coihue,village,-37.5565,-72.59579,70,7.6
ninhue,los-copihues,Los Copihues,neighbourhood,-36.39855,-72.40402,128,0.4
niquen,san-gregorio,San Gregorio,village,-36.28275,-71.81483,177,7.9
nogales,el-melon,El Melón,town,-32.68412,-71.22072,247,3.8
nogales,el-poligono,El Polígono,neighbourhood,-32.73633,-71.21592,230,2.7
nogales,la-pena,La Peña,village,-32.74293,-71.16871,223,6.7
nueva-imperial,amador-gutierrez,Amador Gutiérrez,neighbourhood,-38.73843,-72.95809,40,0.9
nueva-imperial,chinofcue,Chinofcue,locality,-38.6981,-72.87167,37,7.8
nueva-imperial,el-alto,El Alto,neighbourhood,-38.73393,-72.94533,37,0.4
nueva-imperial,entre-rios,Entre Ríos,locality,-38.78276,-72.87847,33,8.3
nueva-imperial,imperialito,Imperialito,locality,-38.73258,-73.05964,9,9.5
nueva-imperial,santa-teresa,Santa Teresa,neighbourhood,-38.75173,-72.93774,22,2.3
nueva-tolten,la-pesquelita,La Pesquelita,locality,-39.39193,-73.22666,30,24.4
nueva-tolten,portal-de-queule,Portal de Queule,neighbourhood,-39.39581,-73.19434,4,24.3
nueva-tolten,queule,Queule,village,-39.39826,-73.21044,0,24.8
nueva-tolten,villa-los-boldos,Villa Los Boldos,village,-39.15613,-73.09796,10,6.2
nunoa,la-portada-de-nunoa,La Portada de Ñuñoa,neighbourhood,-33.46888,-70.62369,553,2.2
nunoa,los-adoquines,Los Adoquines,neighbourhood,-33.43853,-70.57913,625,3.7
o-higgins,paso-rio-mosco,Paso Río Mosco,locality,-48.4837,-72.56014,275,2.0
o-higgins,puerto-lago-christie,Puerto Lago Christie,locality,-48.18039,-72.3906,518,34.4
o-higgins,villa-o-higgins,Villa O'Higgins,village,-48.46848,-72.55925,270,0.6
olivar,gultro,Gultro,town,-34.20322,-70.75563,517,5.7
olivar,la-vara-gruesa,La Vara Gruesa,neighbourhood,-34.23001,-70.86012,414,4.5
olivar,mirador-de-olivar,Mirador de Olivar,neighbourhood,-34.22236,-70.82075,455,1.4
olivar,olivar-alto,Olivar Alto,village,-34.20944,-70.81723,462,0.1
olivar,olivar-bajo,Olivar Bajo,village,-34.23,-70.88664,393,6.7
ollague,aucanquilcha,Aucanquilcha,locality,-21.20316,-68.46092,5236,21.7
ollague,buenaventura,Buenaventura,locality,-21.26757,-68.27302,3718,5.2
ollague,carcote,Carcote,locality,-21.43225,-68.41147,3804,28.3
ollague,puquios,Puquios,locality,-21.00173,-68.38617,4172,28.4
ollague,san-martin,San Martín,locality,-21.4066,-68.35661,3691,22.9
ollague,yuma,Yuma,locality,-21.01491,-68.48307,4400,33.4
olmue,cai-cai,Cai Cai,neighbourhood,-32.98826,-71.21352,180,1.8
olmue,cajon-grande,Cajón Grande,neighbourhood,-33.00061,-71.13722,328,5.9
olmue,carlos-condell,Carlos Condell,neighbourhood,-33.00276,-71.17065,168,2.8
olmue,el-tebal,El Tebal,neighbourhood,-33.04962,-71.11836,284,9.4
olmue,granizo,Granizo,suburb,-32.98787,-71.1422,299,5.6
olmue,la-canchita,La Canchita,locality,-33.05184,-71.02004,1027,17.7
olmue,mina-la-ramayana,Mina La Ramayana,locality,-33.07189,-71.03051,1287,17.7
olmue,quebrada-alvarado,Quebrada Alvarado,village,-33.05353,-71.10832,258,10.4
olmue,salto-del-agua,Salto del Agua,locality,-33.04745,-71.0245,885,17.2
osorno,brisas-de-mirasur-ii,Brisas de Mirasur II,neighbourhood,-40.57242,-73.17817,78,2.5
osorno,cancura,Cancura,village,-40.75897,-72.96458,67,26.5
osorno,los-bosques-de-osorno,Los Bosques de Osorno,neighbourhood,-40.55317,-73.15443,21,1.5
osorno,ovejeria-alto,Ovejería Alto,neighbourhood,-40.58503,-73.14174,53,2.2
osorno,portal-de-osorno,Portal de Osorno,neighbourhood,-40.55219,-73.16845,54,2.2
osorno,praderas-de-pilauco,Praderas de Pilauco,neighbourhood,-40.56217,-73.11998,49,2.6
osorno,v-centenario,V Centenario,neighbourhood,-40.56387,-73.16768,70,1.5
ovalle,8-de-julio,8 de Julio,neighbourhood,-30.59491,-71.18511,236,1.9
ovalle,angostura,Angostura,locality,-30.7271,-71.63209,24,43.3
ovalle,atenas,Atenas,neighbourhood,-30.60039,-71.2082,278,0.6
ovalle,bicentenario-i,Bicentenario I,neighbourhood,-30.58964,-71.1759,261,3.0
ovalle,carachilla,Carachilla,village,-30.6707,-71.07628,304,14.3
ovalle,cerrillos-de-tamaya,Cerrillos de Tamaya,village,-30.57979,-71.4091,251,19.9
ovalle,el-mirador,El Mirador,neighbourhood,-30.58572,-71.1859,312,2.5
ovalle,el-rincon,El Rincón,locality,-30.48693,-71.08057,400,17.4
ovalle,fray-jorge,Fray Jorge,neighbourhood,-30.60943,-71.20288,204,0.7
ovalle,huamalata,Huamalata,village,-30.5695,-71.16421,266,5.3
ovalle,la-chimba,La Chimba,village,-30.64028,-71.23434,181,5.1
ovalle,la-torre,La Torre,village,-30.61623,-71.37483,122,16.5
ovalle,la-vinita,La Viñita,locality,-30.53333,-71.4,309,20.4
ovalle,limari,Limarí,village,-30.63829,-71.2839,167,8.7
ovalle,los-hornitos,Los Hornitos,locality,-30.62119,-71.56482,221,34.7
ovalle,los-leices,Los Leices,neighbourhood,-30.6278,-71.21344,237,2.9
ovalle,los-lirios,Los Lirios,locality,-30.72806,-71.70411,20,49.9
ovalle,los-nogales,Los Nogales,village,-30.73509,-71.34084,233,19.7
ovalle,mirador-sol-de-ovalle,Mirador Sol de Ovalle,neighbourhood,-30.61604,-71.21595,196,1.9
ovalle,nueva-aurora,Nueva Aurora,village,-30.71495,-71.2406,289,12.9
ovalle,parque-eolico-los-cururos,Parque Eólico Los Cururos,locality,-31.02537,-71.60736,290,60.8
ovalle,parque-eolico-monte-redondo,Parque Eólico Monte Redondo,locality,-31.06196,-71.61106,340,64.2
ovalle,parque-eolico-punta-sierra,Parque Eólico Punta Sierra,locality,-31.14348,-71.60574,264,71.3
ovalle,parque-eolico-talinay,Parque Eólico Talinay,locality,-30.8535,-71.59812,290,46.9
ovalle,parque-eolico-talinay-oriente,Parque Eólico Talinay Oriente,locality,-30.83282,-71.59197,302,45.1
ovalle,pozo-gregorio,Pozo Gregorio,locality,-30.78299,-71.4102,163,28.2
ovalle,recoleta,Recoleta,village,-30.50078,-71.14983,311,12.5
ovalle,san-julian,San Julián,village,-30.64529,-71.34237,142,14.1
ovalle,san-luis,San Luis,neighbourhood,-30.58935,-71.2002,303,1.6
ovalle,santa-berta,Santa Berta,neighbourhood,-30.64516,-71.10538,307,10.4
ovalle,santa-lucia,Santa Lucía,neighbourhood,-30.62079,-71.12443,262,7.8
ovalle,sotaqui,Sotaquí,village,-30.63135,-71.12132,275,8.4
ovalle,talinay-alto,Talinay Alto,locality,-30.85071,-71.59706,294,46.7
ovalle,talinay-bajo,Talinay Bajo,locality,-30.86724,-71.60125,271,48.1
ovalle,trapiche,Trapiche,village,-30.62766,-71.32933,162,12.4
ovalle,tuqui,Tuquí,neighbourhood,-30.56563,-71.1797,334,4.7
ovalle,union-campesina,Unión Campesina,village,-30.72754,-71.30372,232,16.9
padre-hurtado,laguna-del-sol,Laguna del Sol,neighbourhood,-33.56705,-70.83073,422,0.2
padre-hurtado,las-aralias,Las Aralias,neighbourhood,-33.59164,-70.81255,438,3.4
padre-hurtado,las-hortensias,Las Hortensias,neighbourhood,-33.57984,-70.82838,422,1.5
padre-las-casas,chapod,Chapod,locality,-38.82127,-72.71664,87,12.3
padre-las-casas,collirahue,Collirahue,locality,-38.75633,-72.51987,146,6.5
padre-las-casas,curaco,Curaco,locality,-38.75727,-72.48399,146,9.1
padre-las-casas,ibulmahuida,Ibulmahuida,locality,-38.7323,-72.47409,153,11.3
padre-las-casas,membrillar,Membrillar,locality,-38.7445,-72.47341,152,10.6
padre-las-casas,molco-cautin,Molco Cautín,locality,-38.77885,-72.73929,64,13.9
padre-las-casas,nibaldo-sur,Nibaldo Sur,neighbourhood,-38.76233,-72.58979,121,3.4
padre-las-casas,pichi-chapod,Pichi Chapod,locality,-38.79873,-72.71222,84,11.5
padre-las-casas,pidilhuin,Pidilhuín,locality,-38.69998,-72.4754,160,13.6
padre-las-casas,quilaco,Quilaco,locality,-38.73794,-72.45993,157,12.0
padre-las-casas,rahue,Rahue,locality,-38.73083,-72.42568,187,15.0
padre-las-casas,rapa-maquehue,Rapa Maquehue,locality,-38.77128,-72.65999,82,7.4
padre-las-casas,reduccion-truftruf,Reducción Truftruf,locality,-38.75359,-72.53635,130,5.7
padre-las-casas,san-ramon,San Ramón,village,-38.87096,-72.3916,170,18.5
paihuano,pisco-elqui,Pisco Elqui,village,-30.12312,-70.493,1245,10.7
paihuano,piuquenes,Piuquenes,locality,-30.42639,-70.38556,3671,46.0
paihuano,rinconada,Rinconada,neighbourhood,-30.03284,-70.51535,956,0.5
paillaco,cuesta-0,Cuesta 0,neighbourhood,-39.99711,-73.06505,273,18.3
paillaco,el-llolly,El Llolly,village,-40.06771,-72.61564,227,21.9
paillaco,pichirropulli,Pichirropulli,village,-40.14945,-72.89911,86,9.1
paillaco,reumen,Reumén,village,-39.99,-72.8327,67,9.6
paine,24-de-abril,24 de Abril,village,-33.80198,-70.68197,411,6.5
paine,aparicion-oriente,Aparición Oriente,village,-33.78257,-70.63827,443,11.0
paine,chada,Chada,village,-33.90078,-70.66087,398,12.5
paine,champa,Champa,suburb,-33.85485,-70.76236,372,4.4
paine,colonia-san-pablo,Colonia San Pablo,neighbourhood,-33.81545,-70.73902,394,1.0
paine,el-arrayan,El Arrayán,locality,-33.81214,-70.59478,662,14.3
paine,el-escorial,El Escorial,village,-33.85777,-70.6177,490,13.0
paine,el-transito,El Tránsito,village,-33.78188,-70.65907,426,9.3
paine,esperanza-ii,Esperanza II,neighbourhood,-33.80599,-70.73517,404,1.8
paine,fundo-el-mirador,Fundo El Mirador,locality,-33.81072,-70.89102,341,13.0
paine,hospital,Hospital,town,-33.86599,-70.74697,378,5.5
paine,huelquen,Huelquén,town,-33.83264,-70.64247,415,10.1
paine,huiticalan,Huiticalán,village,-33.86131,-70.85422,352,10.8
paine,la-rana,La Rana,neighbourhood,-33.81588,-70.64928,400,9.3
paine,las-acacias,Las Acacias,neighbourhood,-33.86334,-70.75044,377,5.2
paine,liguai,Liguai,neighbourhood,-33.84618,-70.63587,431,11.0
paine,pintue,Pintué,village,-33.87477,-70.88156,362,13.8
paine,rangue,Rangue,village,-33.84434,-70.95109,369,18.8
paine,santa-marta,Santa Marta,village,-33.86551,-70.63928,433,11.6
palena,la-esperanza,La Esperanza,locality,-43.57099,-72.08861,120,23.5
palena,las-maravillas,Las Maravillas,locality,-43.79192,-71.85601,521,19.8
palena,punta-lopez,Punta López,locality,-43.88997,-71.88371,988,30.9
palena,rio-corto,Río Corto,locality,-43.92322,-71.81975,941,34.0
palena,santa-erma,Santa Erma,locality,-43.82492,-71.86431,595,23.5
palena,santa-rosa,Santa Rosa,locality,-43.54766,-72.08885,89,24.2
palena,valle-el-zancudo,Valle El Zancudo,locality,-43.88411,-71.79256,942,29.6
palena,valle-siberia,Valle Siberia,locality,-43.93028,-71.72821,927,35.3
palena,vista-hermosa,Vista Hermosa,locality,-43.97645,-71.71117,923,40.6
palmilla,callejon-moscoso,Callejón Moscoso,neighbourhood,-34.58811,-71.36404,158,1.3
palmilla,las-majadas,Las Majadas,village,-34.50142,-71.39565,140,11.3
palmilla,rincon-de-la-culebra,Rincón de la Culebra,locality,-34.48894,-71.3016,166,13.7
palmilla,rincon-del-rodeo-viejo,Rincón del Rodeo Viejo,locality,-34.48177,-71.29019,165,14.9
palmilla,rinconada-de-palmilla,Rinconada de Palmilla,village,-34.51645,-71.44927,133,12.0
palmilla,san-francisco-de-huique,San Francisco de Huique,village,-34.44455,-71.36706,132,17.3
palmilla,san-jose-del-carmen,San José del Carmen,village,-34.52315,-71.37465,144,8.6
palmilla,san-rafael,San Rafael,village,-34.56054,-71.37767,150,4.5
palmilla,santa-irene,Santa Irene,village,-34.4759,-71.31092,144,14.7
palmilla,santa-matilde,Santa Matilde,village,-34.4701,-71.33032,136,14.8
palmilla,talhuen,Talhuén,village,-34.49614,-71.33205,142,12.0
palmilla,valle-hermoso,Valle Hermoso,village,-34.53493,-71.33332,147,7.9
panguipulli,choshuenco,Choshuenco,village,-39.83722,-72.08234,143,30.5
panguipulli,conaripe,Coñaripe,village,-39.56785,-72.00742,214,29.1
panguipulli,cumbres-de-panguipulli,Cumbres de Panguipulli,neighbourhood,-39.63659,-72.33465,218,0.6
panguipulli,huellahue,Huellahue,village,-39.60707,-72.36236,253,4.6
panguipulli,liquine,Liquiñe,village,-39.74033,-71.85565,245,42.3
panguipulli,melefquen,Melefquén,village,-39.58096,-72.44104,193,11.4
panguipulli,mirador-del-lago,Mirador del Lago,neighbourhood,-39.64793,-72.33599,184,0.7
panguipulli,neltume,Neltume,village,-39.85056,-71.94292,500,40.7
panguipulli,parcelas-fundo-lago-azul,Parcelas Fundo Lago Azul,neighbourhood,-39.63512,-72.30307,213,2.7
panguipulli,puerto-fuy,Puerto Fuy,village,-39.8733,-71.89445,621,45.5
panguipulli,puerto-santa-regina,Puerto Santa Regina,locality,-39.62639,-71.93054,220,34.5
panguipulli,reserva-paillahuinte,Reserva Paillahuinte,neighbourhood,-39.78509,-72.11756,141,24.4
panquehue,el-escorial,El Escorial,village,-32.74309,-70.78486,578,7.8
panquehue,el-mirador,El Mirador,village,-32.79783,-70.88618,472,4.9
panquehue,lo-campo,Lo Campo,village,-32.80328,-70.90498,456,6.7
panquehue,san-roque,San Roque,neighbourhood,-32.79217,-70.87242,489,3.8
papudo,el-panque,El Panque,locality,-32.5,-71.38333,132,6.5
papudo,las-bandurrias,Las Bandurrias,locality,-32.5,-71.35,163,9.6
papudo,pullally,Pullally,village,-32.43695,-71.31577,20,15.4
papudo,punta-puyai,Punta Puyai,neighbourhood,-32.49934,-71.43417,4,2.4
paredones,bucalemu,Bucalemu,village,-34.64263,-72.03813,5,12.7
paredones,las-cruces,Las Cruces,locality,-34.54979,-72.02283,219,15.7
paredones,las-trancas,Las Trancas,locality,-34.61976,-72.01421,239,11.0
parral,catillo,Catillo,village,-36.28644,-71.65226,273,22.2
parral,don-guillermo,Don Guillermo,neighbourhood,-36.14566,-71.8129,172,1.9
parral,dona-pilar-2,Doña Pilar 2,neighbourhood,-36.15296,-71.82112,174,1.1
parral,ines-aragay-iii,Inés Aragay III,neighbourhood,-36.14152,-71.84199,166,1.2
parral,las-araucarias,Las Araucarias,neighbourhood,-36.12605,-71.81731,167,3.0
parral,los-carros,Los Carros,village,-36.23126,-71.72595,204,13.2
parral,san-sebastian-iii,San Sebastián III,neighbourhood,-36.15373,-71.83691,170,0.5
pedro-aguirre-cerda,balmaceda,Balmaceda,neighbourhood,-33.48194,-70.65966,530,2.0
pedro-aguirre-cerda,la-feria,La Feria,neighbourhood,-33.48007,-70.67084,522,1.5
pedro-aguirre-cerda,lo-valledor-norte,Lo Valledor Norte,neighbourhood,-33.49211,-70.68471,522,0.7
pedro-aguirre-cerda,nandu,Ñandú,neighbourhood,-33.49849,-70.67425,534,0.7
pedro-aguirre-cerda,ochagavia-c,Ochagavía C,neighbourhood,-33.49138,-70.66438,533,1.2
pelarco,santa-rita,Santa Rita,village,-35.39461,-71.53278,137,7.6
pelluhue,brilla-el-sol,Brilla El Sol,neighbourhood,-35.81827,-72.57305,58,0.5
pelluhue,chorriadero,Chorriadero,neighbourhood,-35.79465,-72.55436,31,3.0
pelluhue,chovellen,Chovellén,village,-35.91445,-72.66437,106,13.6
pelluhue,curacalma,Curacalma,neighbourhood,-35.88344,-72.62763,168,8.9
pelluhue,curanipe,Curanipe,village,-35.84525,-72.63636,5,6.3
pelluhue,el-manzano,El Manzano,neighbourhood,-35.81409,-72.56244,20,1.3
pelluhue,el-rodeo-quilicura,El Rodeo Quilicura,neighbourhood,-35.92593,-72.7029,75,16.8
pelluhue,las-lomas,Las Lomas,neighbourhood,-35.81733,-72.58791,10,1.0
pelluhue,los-franceses,Los Franceses,neighbourhood,-35.88558,-72.67977,46,12.1
pelluhue,los-tiques,Los Tiques,neighbourhood,-35.83132,-72.61938,6,4.2
pelluhue,mariscadero,Mariscadero,neighbourhood,-35.79848,-72.56547,10,2.1
pelluhue,tres-penas,Tres Peñas,neighbourhood,-35.82639,-72.60713,26,3.0
pemuco,general-cruz,General Cruz,village,-36.93727,-72.35061,102,22.5
pemuco,san-miguel-de-diguillin,San Miguel de Diguillín,village,-36.87156,-72.32829,95,22.9
penaflor,el-ombu,El Ombu,neighbourhood,-33.612,-70.89696,374,1.9
penaflor,las-palmeras-de-malloco,Las Palmeras de Malloco,neighbourhood,-33.61787,-70.87468,395,3.9
penaflor,los-prados,Los Prados,neighbourhood,-33.60593,-70.88311,385,3.3
penaflor,malloco,Malloco,suburb,-33.60425,-70.85261,410,6.1
penaflor,parque-miraflores,Parque Miraflores,neighbourhood,-33.60134,-70.87018,393,4.6
penalolen,antupiren-alto,Antupirén Alto,neighbourhood,-33.48186,-70.53218,732,0.2
penalolen,arboretum,Arboretum,neighbourhood,-33.47552,-70.52194,833,1.4
penalolen,casa-de-piedra,Casa de Piedra,locality,-33.48104,-70.48396,1656,4.6
penalolen,el-faro-de-penalolen,El Faro de Peñalolén,neighbourhood,-33.47728,-70.54587,664,1.3
penalolen,el-portal,El Portal,neighbourhood,-33.49018,-70.56865,615,3.4
penalolen,lo-hermida,Lo Hermida,neighbourhood,-33.47445,-70.56202,617,2.8
penalolen,parque-cousino-macul,Parque Cousiño Macul,neighbourhood,-33.49375,-70.55336,659,2.2
penalolen,parque-violeta-cousino,Parque Violeta Cousiño,neighbourhood,-33.47559,-70.55126,647,1.9
penalolen,vinedos-de-tobalaba,Viñedos de Tobalaba,neighbourhood,-33.49467,-70.54667,690,1.8
pencahue,corinto,Corinto,village,-35.44213,-71.86676,68,6.5
pencahue,lo-figueroa,Lo Figueroa,village,-35.41151,-71.7618,69,5.1
penco,baquedano,Baquedano,neighbourhood,-36.72557,-72.98493,24,1.7
penco,cosmito,Cosmito,neighbourhood,-36.7762,-73.02094,5,4.8
penco,dichoco,Dichoco,locality,-36.69721,-72.92921,252,7.4
penco,forjadores-de-chile,Forjadores de Chile,neighbourhood,-36.74272,-73.00436,61,1.0
penco,guzman,Guzmán,neighbourhood,-36.75127,-72.99795,53,1.5
penco,la-greda,La Greda,neighbourhood,-36.76724,-73.01309,20,3.6
penco,las-mercedes,Las Mercedes,locality,-36.76048,-73.03694,2,4.5
penco,lirquen,Lirquén,suburb,-36.7127,-72.97668,5,3.3
penco,miramar,Miramar,locality,-36.75617,-73.02898,2,3.7
penco,miramar-2,Miramar,neighbourhood,-36.71043,-72.96574,134,4.0
penco,penco-chico,Penco Chico,neighbourhood,-36.74821,-72.99503,58,1.1
penco,san-jose,San José,locality,-36.76744,-73.03977,4,5.2
peralillo,la-bomba-oriente,La Bomba Oriente,locality,-34.45752,-71.53316,132,5.4
peralillo,poblacion,Población,village,-34.45039,-71.54806,133,7.0
peralillo,troya,Troya,neighbourhood,-34.48658,-71.46614,135,1.6
peralillo,valle-hermoso,Valle Hermoso,neighbourhood,-34.47648,-71.47224,130,1.3
perquenco,cacique-lautaro,Cacique Lautaro,neighbourhood,-38.42761,-72.37786,302,1.3
perquenco,rehuecoyan,Rehuecoyán,locality,-38.36656,-72.36214,319,5.9
petorca,chincolco,Chincolco,village,-32.22961,-70.85503,633,7.7
petorca,el-valle,El Valle,village,-32.21465,-70.81984,682,11.4
petorca,hierro-viejo,Hierro Viejo,village,-32.28122,-71.01387,387,8.3
petorca,la-nipa,La Ñipa,village,-32.28266,-70.97365,460,5.2
petorca,pedegua,Pedegua,village,-32.35652,-71.06912,277,17.4
petorca,rio-tinto,Río Tinto,locality,-32.28835,-70.87177,925,7.2
petorca,santa-julia,Santa Julia,village,-32.30577,-71.07801,342,14.9
petorca,santa-rosa,Santa Rosa,locality,-32.30948,-70.94481,736,6.7
peumo,codao,Codao,village,-34.35431,-71.2167,156,6.8
peumo,la-esperanza,La Esperanza,village,-34.30329,-71.27136,153,14.4
pica,alojamiento-sallihuinca,Alojamiento Sallihuinca,locality,-20.94367,-68.76164,4383,77.3
pica,alona,Alona,locality,-20.65671,-68.98411,3739,40.3
pica,banos-andres-jiguata,Baños Andrés Jiguata,locality,-19.80446,-68.81519,4387,94.4
pica,banos-quiguata,Baños Quiguata,locality,-19.83389,-68.85001,4109,89.6
pica,canto,Canto,locality,-19.90003,-68.64665,3935,97.9
pica,casa-angostura,Casa Angostura,locality,-20.01667,-68.6,4450,93.5
pica,casa-de-lata,Casa de Lata,locality,-20.96382,-68.75669,4394,79.1
pica,casa-de-piedra,Casa de Piedra,locality,-20.9435,-68.70939,4594,81.5
pica,chaiviri,Chaiviri,locality,-19.81614,-68.72936,4304,98.8
pica,chara,Chara,locality,-20.61667,-68.98333,3363,38.7
pica,chipallanta,Chipallanta,locality,-19.89644,-68.70677,4056,93.7
pica,chiqlla,Chiqlla,locality,-21.02576,-68.73744,4493,85.2
pica,chusquina,Chusquina,locality,-20.8415,-68.64008,3865,81.5
pica,cuartel-ujina,Cuartel Ujina,locality,-20.95365,-68.56252,4154,94.7
pica,cueva-negra,Cueva Negra,locality,-19.98458,-68.94326,4262,70.3
pica,e-sanchez,E. Sánchez,locality,-19.89035,-68.62626,3930,100.2
pica,el-algarrobal,El Algarrobal,locality,-20.72035,-69.21559,1639,27.4
pica,el-panadero,El Panadero,locality,-21.03374,-68.74892,4488,84.9
pica,el-salto,El Salto,locality,-20.51671,-69.29052,1506,4.8
pica,guantija,Guantija,locality,-19.89357,-68.77126,4172,89.4
pica,jesus-maria,Jesús María,neighbourhood,-20.49338,-69.31992,1365,1.6
pica,la-escalera,La Escalera,locality,-20.06566,-68.92615,4353,64.3
pica,llacho,Llacho,locality,-19.8881,-68.8146,4047,86.9
pica,manca-collacagua,Manca Collacagua,locality,-20.18333,-68.85,3856,61.5
pica,matilla,Matilla,village,-20.51382,-69.36135,1197,3.3
pica,miraflores,Miraflores,neighbourhood,-20.47838,-69.33306,1329,2.4
pica,mont,Mont,locality,-20.97805,-68.68469,4754,85.9
pica,ocacucho,Ocacucho,locality,-19.78665,-68.76162,4788,99.3
pica,pena-blanca,Peña Blanca,locality,-20.09994,-68.86978,4096,65.7
pica,penjamo,Pénjamo,locality,-19.85879,-68.83187,4072,88.4
pica,piedras-canteadas,Piedras Canteadas,locality,-21.05334,-68.75181,4400,86.3
pica,piga,Piga,locality,-20.03343,-68.76728,4200,78.6
pica,piga-chica,Piga Chica,locality,-20.04395,-68.78205,4099,76.7
pica,pitausa,Pitausa,locality,-21.17157,-68.79204,4124,93.5
pica,porquesa,Porquesa,locality,-19.96778,-68.79042,4092,81.9
pica,pucupucune,Pucupucune,locality,-19.83851,-68.95268,4312,83.6
pica,resbaladero,Resbaladero,neighbourhood,-20.50356,-69.33746,1295,0.6
pica,rinconada,Rinconada,locality,-19.85367,-68.88918,4012,85.5
pica,rinconada-grande,Rinconada Grande,locality,-19.82972,-68.84437,4132,90.3
pica,tambillo,Tambillo,locality,-20.45107,-69.16619,2636,18.2
pica,tambo,Tambo,locality,-19.86024,-68.61017,3946,103.7
pica,tasma,Tasma,locality,-20.31667,-69.35,1749,20.5
pica,tolar,Tolar,locality,-20.9322,-68.8857,3545,66.9
pica,ujina,Ujina,locality,-20.94171,-68.57459,4156,92.9
pichidegua,caleuche,Caleuche,village,-34.41465,-71.37299,134,9.8
pichidegua,el-toco,El Toco,village,-34.34728,-71.40706,121,9.8
pichidegua,la-torina,La Torina,village,-34.35422,-71.30339,152,0.6
pichidegua,larmahue,Larmahue,village,-34.41046,-71.21287,169,10.4
pichidegua,lo-argentina,Lo Argentina,village,-34.41409,-71.19023,174,12.3
pichidegua,mal-paso,Mal Paso,neighbourhood,-34.37004,-71.25954,155,4.3
pichidegua,pataguas-cerro,Pataguas Cerro,village,-34.31138,-71.38434,124,8.9
pichidegua,pataguas-orilla,Pataguas Orilla,village,-34.31126,-71.34183,129,5.8
pichidegua,portezuelo,Portezuelo,village,-34.41216,-71.23492,169,9.1
pichidegua,san-jose-de-marchigue,San José de Marchigüe,village,-34.29584,-71.43819,116,14.0
pichidegua,san-roberto,San Roberto,village,-34.40173,-71.36742,133,8.4
pichidegua,santa-amelia,Santa Amelia,village,-34.40807,-71.30201,155,6.5
pichidegua,santa-angela,Santa Ángela,neighbourhood,-34.44684,-71.28932,145,10.8
pichilemu,cahuil,Cáhuil,village,-34.47857,-72.01683,5,10.5
pichilemu,infiernillo,Infiernillo,neighbourhood,-34.39318,-72.02159,23,1.8
pichilemu,los-maquis,Los Maquis,locality,-34.22169,-71.84202,338,23.5
pichilemu,parque-sirena,Parque Sirena,neighbourhood,-34.51647,-72.0271,58,14.8
pichilemu,rayito-de-sol,Rayito de Sol,neighbourhood,-34.39736,-71.99242,32,1.8
pinto,coihueria,Coihuería,locality,-36.94337,-71.41019,1416,51.3
pinto,el-macal,El Macal,locality,-36.83034,-71.68755,777,23.8
pinto,el-rosal,El Rosal,village,-36.72035,-71.84906,325,5.1
pinto,fundo-castillo,Fundo Castillo,locality,-36.87746,-71.6153,983,32.1
pinto,fundo-entrepiernas,Fundo Entrepiernas,locality,-36.81729,-71.74579,711,18.9
pinto,fundo-trelenca,Fundo Trelenca,locality,-36.81672,-71.76345,648,17.8
pinto,las-vertientes,Las Vertientes,village,-36.73266,-71.83136,346,7.1
pinto,los-lleuques,Los Lleuques,village,-36.85467,-71.64452,776,28.5
pinto,millalemu,Millalemu,locality,-36.83501,-71.6863,689,24.2
pinto,piedras-comadres,Piedras Comadres,locality,-36.88399,-71.57158,935,35.7
pinto,recinto,Recinto,village,-36.84641,-71.65687,796,27.1
pirque,el-carmen,El Carmen,neighbourhood,-33.62325,-70.55139,716,2.4
pirque,el-principal,El Principal,town,-33.7211,-70.55108,718,9.8
pirque,fundo-el-penon,Fundo El Peñón,locality,-33.59756,-70.47506,813,10.0
pirque,lo-arcaya,Lo Arcaya,village,-33.69001,-70.5815,668,6.1
pirque,los-magnolios,Los Magnolios,neighbourhood,-33.72031,-70.54224,731,9.9
pirque,villorrio-el-olivar,Villorrio El Olivar,neighbourhood,-33.70678,-70.55677,699,8.1
pitrufquen,ampliacion-carabineros,Ampliación Carabineros,neighbourhood,-38.97672,-72.63769,92,1.3
pitrufquen,cacique-paillalef,Cacique Paillalef,neighbourhood,-38.99429,-72.6324,105,1.9
pitrufquen,cocheca,Cocheca,locality,-39.06879,-72.53196,136,13.9
pitrufquen,comite-las-abejitas,Comité Las Abejitas,neighbourhood,-38.98796,-72.65484,91,0.7
pitrufquen,el-bosque,El Bosque,neighbourhood,-38.98399,-72.6465,91,0.3
placilla,la-dehesa-abajo,La Dehesa Abajo,village,-34.65477,-71.1157,242,2.4
placilla,la-tuna,La Tuna,village,-34.63228,-71.06294,273,4.9
placilla,rinconada-de-manantiales,Rinconada de Manantiales,village,-34.62327,-71.03683,298,7.4
placilla,san-jose-de-penuelas,San José de Peñuelas,village,-34.60676,-71.02903,313,8.5
portezuelo,la-quinta,La Quinta,neighbourhood,-36.53069,-72.4259,122,4.0
porvenir,baquedano,Baquedano,locality,-53.26667,-69.98333,484,25.8
porvenir,bersovio-el-covacio,Bersovio el Covacio,locality,-53.43333,-70.06667,41,24.8
porvenir,caleta-los-crillos,Caleta Los Crillos,locality,-53.33908,-69.60812,43,50.6
porvenir,casa-san-martin,Casa San Martín,locality,-53.33333,-68.95,60,94.2
porvenir,estancia-los-onas,Estancia Los Onas,locality,-53.34014,-69.56426,19,53.5
porvenir,futuro-patagonia,Futuro Patagonia,neighbourhood,-53.29137,-70.37824,23,1.2
porvenir,lomas-del-baquedano,Lomas del Baquedano,neighbourhood,-53.28876,-70.35858,38,1.4
porvenir,puerto-nuevo,Puerto Nuevo,locality,-53.3486,-69.43616,9,62.0
porvenir,puesto-poca-agua,Puesto Poca Agua,locality,-53.30953,-69.23159,28,75.4
porvenir,puesto-rio-nuevo,Puesto Río Nuevo,locality,-53.3418,-69.29249,20,71.5
porvenir,rio-nuevo,Río Nuevo,locality,-53.26667,-69.48333,89,58.8
pozo-almonte,13-de-junio,13 de junio,neighbourhood,-20.25966,-69.78024,1028,0.6
pozo-almonte,aguada,Aguada,locality,-20.61748,-69.99077,779,45.1
pozo-almonte,alca,Alca,locality,-20.27339,-69.06795,3947,74.9
pozo-almonte,alto-de-tuna,Alto de Tuna,locality,-20.86667,-69.05,2901,102.1
pozo-almonte,buenaventura,Buenaventura,locality,-20.85187,-69.7106,948,66.3
pozo-almonte,calale,Calale,locality,-21.43392,-69.78881,783,130.6
pozo-almonte,campamento-alianza,Campamento Alianza,locality,-20.7775,-69.70009,951,58.3
pozo-almonte,campamento-don-guillermo,Campamento Don Guillermo,locality,-20.18333,-69.81667,1095,9.1
pozo-almonte,campamento-mirasol,Campamento Mirasol,locality,-20.69223,-69.69954,967,48.9
pozo-almonte,campamento-oficina-iris,Campamento Oficina Iris,locality,-20.91465,-69.63378,927,74.5
pozo-almonte,central,Central,locality,-20.36914,-69.91934,988,18.5
pozo-almonte,challacollo,Challacollo,locality,-20.96,-69.34501,1473,90.4
pozo-almonte,chelis,Chelis,locality,-20.94183,-69.15008,1831,100.7
pozo-almonte,chictuca,Chictuca,locality,-20.78156,-69.05732,2885,95.5
pozo-almonte,ciusa,Ciusa,locality,-20.23841,-69.21772,2518,59.4
pozo-almonte,cuesta-apacheta,Cuesta Apacheta,locality,-21.21437,-68.91437,3291,139.6
pozo-almonte,cuevitas,Cuevitas,locality,-20.7147,-69.33398,1296,69.1
pozo-almonte,duplijsa,Duplijsa,locality,-20.07298,-69.42739,1539,42.8
pozo-almonte,el-chocal,El Chocal,locality,-21.25,-68.88333,3634,144.7
pozo-almonte,el-molino,El Molino,locality,-20.92391,-69.0852,2112,103.8
pozo-almonte,estacion-pintados,Estación Pintados,locality,-20.62285,-69.637,975,43.3
pozo-almonte,ex-oficina-aurrera,Ex Oficina Aurrerá,locality,-20.64166,-69.62411,975,45.7
pozo-almonte,gallinazos,Gallinazos,locality,-20.49625,-69.79796,987,26.3
pozo-almonte,huaca,Huaca,locality,-20.21098,-69.14873,2691,66.7
pozo-almonte,huemul,Huemul,locality,-20.36249,-69.97813,946,23.0
pozo-almonte,humberstone,Humberstone,locality,-20.20858,-69.79547,1040,5.8
pozo-almonte,jucuma,Jucuma,locality,-20.23692,-69.24408,2326,56.6
pozo-almonte,keryma,Keryma,locality,-20.1717,-69.81757,1107,10.3
pozo-almonte,la-tirana,La Tirana,village,-20.33593,-69.65642,1007,16.0
pozo-almonte,laguna-norte,Laguna Norte,locality,-20.96827,-69.67931,869,79.6
pozo-almonte,laguna-sur,Laguna Sur,locality,-20.99816,-69.66862,850,83.0
pozo-almonte,lagunas,Lagunas,locality,-20.97907,-69.65041,873,81.2
pozo-almonte,las-carpas,Las Carpas,locality,-20.3137,-70.02154,957,25.3
pozo-almonte,lipita,Lipita,locality,-20.85,-69.1,2494,97.0
pozo-almonte,los-tambos,Los Tambos,locality,-20.73237,-69.30009,1443,73.0
pozo-almonte,montevideo,Montevideo,locality,-20.31667,-69.86667,1165,10.5
pozo-almonte,mosquitos,Mosquitos,locality,-20.5542,-69.72175,980,33.4
pozo-almonte,officina-sebastopol,Officina Sebastopol,locality,-20.38043,-69.90659,963,18.4
pozo-almonte,oficina-anita,Oficina Anita,locality,-20.54679,-69.74889,993,32.2
pozo-almonte,oficina-argentina,Oficina Argentina,locality,-20.42949,-69.86566,984,20.6
pozo-almonte,oficina-bellavista,Oficina Bellavista,locality,-20.82295,-69.72094,952,63.0
pozo-almonte,oficina-cataluna,Oficina Cataluña,locality,-20.47754,-69.90364,987,27.1
pozo-almonte,oficina-condor,Oficina Cóndor,locality,-20.39237,-70.00724,848,27.4
pozo-almonte,oficina-diana,Oficina Diana,locality,-20.46805,-69.76889,996,23.2
pozo-almonte,oficina-esmeralda,Oficina Esmeralda,locality,-20.46801,-69.92564,966,27.3
pozo-almonte,oficina-felisa,Oficina Felisa,locality,-20.512,-69.81546,1150,28.2
pozo-almonte,oficina-gloria,Oficina Gloria,locality,-20.57424,-69.99314,744,41.1
pozo-almonte,oficina-keryma,Oficina Keryma,locality,-20.17697,-69.78035,1045,9.2
pozo-almonte,oficina-la-granja,Oficina La Granja,locality,-20.90303,-69.61731,920,73.7
pozo-almonte,oficina-la-perla,Oficina La Perla,locality,-20.4622,-69.91562,978,26.2
pozo-almonte,oficina-lagunas-central,Oficina Lagunas Central,locality,-20.98083,-69.67428,868,81.0
pozo-almonte,oficina-nena,Oficina Nena,locality,-20.59605,-69.70177,980,38.4
pozo-almonte,oficina-pena-chica,Oficina Peña Chica,locality,-20.18186,-69.80249,1057,8.8
pozo-almonte,oficina-pena-grande,Oficina Peña Grande,locality,-20.13386,-69.75705,1060,14.3
pozo-almonte,oficina-pirineos,Oficina Pirineos,locality,-20.44815,-69.99735,847,30.4
pozo-almonte,oficina-providencia,Oficina Providencia,locality,-20.45418,-69.99486,864,30.7
pozo-almonte,oficina-san-agustin,Oficina San Agustín,locality,-20.47003,-69.93265,972,27.9
pozo-almonte,oficina-san-antonio,Oficina San Antonio,locality,-20.4145,-69.89256,1024,20.5
pozo-almonte,oficina-san-donato,Oficina San Donato,locality,-20.10795,-69.75149,1064,17.3
pozo-almonte,oficina-san-enrique,Oficina San Enrique,locality,-20.40693,-69.84206,996,17.4
pozo-almonte,oficina-san-jose,Oficina San José,locality,-20.16077,-69.77768,1050,11.0
pozo-almonte,oficina-san-lorenzo,Oficina San Lorenzo,locality,-20.47793,-69.95109,926,29.7
pozo-almonte,oficina-san-pablo,Oficina San Pablo,locality,-20.46445,-69.84446,999,23.6
pozo-almonte,oficina-san-remigio,Oficina San Remigio,locality,-20.48717,-69.88933,1032,27.5
pozo-almonte,oficina-santa-clara,Oficina Santa Clara,locality,-20.45869,-69.90251,986,25.2
pozo-almonte,oficina-santa-elena,Oficina Santa Elena,locality,-20.44564,-69.78929,996,20.7
pozo-almonte,oficina-santa-lucia,Oficina Santa Lucía,locality,-20.52514,-69.96085,833,34.7
pozo-almonte,oficina-serena,Oficina Serena,locality,-20.29811,-69.7816,1024,4.3
pozo-almonte,oficina-slavonia,Oficina Slavonia,locality,-20.83987,-69.71932,953,64.9
pozo-almonte,oficina-virginia,Oficina Virginia,locality,-20.4684,-69.78921,1006,23.2
pozo-almonte,pan-de-azucar,Pan de Azúcar,locality,-20.69397,-69.7342,973,48.6
pozo-almonte,paposo,Paposo,locality,-20.37142,-69.86738,980,15.0
pozo-almonte,quehuita,Quehuita,locality,-21.22311,-68.92466,2958,139.7
pozo-almonte,ramadas,Ramadas,locality,-20.78333,-69.28333,1478,78.3
pozo-almonte,ramaditas,Ramaditas,locality,-21.04393,-69.48019,892,92.8
pozo-almonte,san-donato,San Donato,locality,-20.10962,-69.7486,1065,17.1
pozo-almonte,san-juan-de-la-soledad,San Juan de la Soledad,locality,-20.49946,-69.98279,924,33.6
pozo-almonte,santa-ana,Santa Ana,locality,-20.46707,-69.92677,967,27.3
pozo-almonte,santa-laura,Santa Laura,locality,-20.21201,-69.81299,1061,6.0
pozo-almonte,santa-rosa,Santa Rosa,locality,-20.32266,-70.03952,877,27.3
pozo-almonte,soledad,Soledad,locality,-21.26794,-69.4924,822,116.2
pozo-almonte,soronal,Soronal,locality,-20.65051,-69.82455,1033,43.6
pozo-almonte,tamarugal,Tamarugal,locality,-20.95952,-69.37905,1063,88.6
pozo-almonte,tambillo,Tambillo,locality,-20.25306,-69.3982,1543,40.5
pozo-almonte,tapinga,Tapinga,locality,-20.26667,-69.11667,3254,69.8
pozo-almonte,tiquima,Tiquima,locality,-20.93288,-69.10229,1992,103.3
primavera,caleta-clarencia,Caleta Clarencia,locality,-52.89275,-70.10651,2,60.8
primavera,cerro-sombrero,Cerro Sombrero,village,-52.77646,-69.29091,64,7.2
primavera,ekewern,Ekewern,locality,-52.86667,-69.51667,165,24.5
primavera,reserva-fiscal,Reserva Fiscal,locality,-52.65,-69.35,11,10.0
providencia,pedro-de-valdivia-norte,Pedro de Valdivia Norte,neighbourhood,-33.41762,-70.61698,610,1.7
puchuncavi,campiche,Campiche,village,-32.73212,-71.44901,38,3.2
puchuncavi,el-alto,El Alto,locality,-32.71574,-71.43063,57,1.9
puchuncavi,el-rungue,El Rungue,suburb,-32.69609,-71.40633,46,3.4
puchuncavi,guanay,Guanay,neighbourhood,-32.68882,-71.4427,97,4.9
puchuncavi,horcon,Horcón,neighbourhood,-32.71124,-71.48848,27,7.1
puchuncavi,la-chocota,La Chocota,neighbourhood,-32.7302,-71.48742,54,6.8
puchuncavi,las-salinas,Las Salinas,neighbourhood,-32.74518,-71.47277,20,5.8
puchuncavi,maitencillo,Maitencillo,town,-32.64418,-71.43294,0,9.3
puchuncavi,maratue,Maratué,locality,-32.71633,-71.42789,58,1.6
puchuncavi,marbella,Marbella,neighbourhood,-32.66428,-71.43123,100,7.0
puchuncavi,mundo-nuevo,Mundo Nuevo,neighbourhood,-32.72005,-71.4149,45,0.7
puchuncavi,quirilluca-sur,Quirilluca Sur,locality,-32.70933,-71.46698,44,5.2
puchuncavi,tacna,Tacna,neighbourhood,-32.67503,-71.43923,76,6.1
puchuncavi,ventanas,Ventanas,town,-32.74177,-71.48835,7,7.1
pucon,bomberos-de-chile,Bomberos de Chile,neighbourhood,-39.28549,-71.94394,240,2.9
pucon,caburgua,Caburgua,village,-39.19938,-71.80813,482,15.6
pucon,club-de-campo-los-riscos,Club de Campo los Riscos,neighbourhood,-39.30372,-72.03433,255,7.1
pucon,el-playon,El Playón,locality,-39.36247,-71.96325,888,10.7
pucon,los-castanos-de-alicura,Los Castaños de Alicura,neighbourhood,-39.28621,-71.99094,252,3.0
pucon,los-mendez,Los Mendez,neighbourhood,-39.28549,-71.9624,237,2.1
pucon,parque-foresta,Parque Foresta,neighbourhood,-39.27013,-71.97209,220,0.6
pucon,parque-termal-menetue,Parque Termal Menetué,locality,-39.32993,-71.72117,367,22.3
pucon,peumayen,Peumayén,neighbourhood,-39.27632,-71.96312,224,1.1
pucon,portal-del-volcan,Portal del Volcán,neighbourhood,-39.28599,-71.97919,269,2.4
pucon,termas-de-quimey-co,Termas de Quimey-Co,locality,-39.21898,-71.69648,455,23.9
pudahuel,ciudad-de-los-valles,Ciudad de los Valles,village,-33.45384,-70.84765,476,12.4
pudahuel,el-cambucho,El Cambucho,village,-33.39497,-70.86508,465,14.4
pudahuel,enea,Enea,neighbourhood,-33.42787,-70.77828,480,5.7
pudahuel,lomas-de-lo-aguirre,Lomas de Lo Aguirre,village,-33.4566,-70.82199,500,10.1
pudahuel,noviciado-alto,Noviciado Alto,village,-33.39349,-70.87443,469,15.3
pudahuel,parque-industrial-lo-boza,Parque Industrial Lo Boza,neighbourhood,-33.38478,-70.76307,481,6.9
pudahuel,portico-del-valle,Pórtico del Valle,neighbourhood,-33.45981,-70.85466,477,13.1
puente-alto,altos-del-penon,Altos del Peñón,neighbourhood,-33.60335,-70.54466,729,3.9
puente-alto,asentamiento-el-sueno-de-todos,Asentamiento El Sueño de Todos,neighbourhood,-33.60978,-70.50973,740,6.9
puente-alto,camilo-henriquez,Camilo Henríquez,neighbourhood,-33.57704,-70.55498,685,5.1
puente-alto,casas-viejas,Casas Viejas,neighbourhood,-33.60822,-70.5322,740,4.8
puente-alto,ciudad-del-este,Ciudad del Este,neighbourhood,-33.56416,-70.54883,692,6.7
puente-alto,ciudad-del-sol,Ciudad del Sol,neighbourhood,-33.596,-70.58954,671,2.4
puente-alto,daniel-de-la-vega,Daniel de la Vega,neighbourhood,-33.59243,-70.60422,655,3.3
puente-alto,don-domingo,Don Domingo,neighbourhood,-33.60201,-70.57385,689,1.9
puente-alto,jardines-de-vizcachas,Jardines de Vizcachas,neighbourhood,-33.60191,-70.5155,777,6.5
puente-alto,las-caletas,Las Caletas,neighbourhood,-33.59676,-70.56428,699,2.8
puente-alto,las-cumbres,Las Cumbres,neighbourhood,-33.56882,-70.57115,662,5.4
puente-alto,las-perdices,Las Perdices,neighbourhood,-33.55485,-70.55041,676,7.5
puente-alto,lo-bascunan,Lo Bascuñán,neighbourhood,-33.61494,-70.56543,699,1.7
puente-alto,lo-planella,Lo Planella,neighbourhood,-33.56253,-70.53543,774,7.5
puente-alto,lo-tocornal,Lo Tocornal,neighbourhood,-33.60924,-70.59685,670,1.5
puente-alto,los-productores,Los Productores,neighbourhood,-33.586,-70.59335,664,3.5
puente-alto,monteandino-2,Monteandino 2,neighbourhood,-33.59203,-70.53531,759,5.2
puente-alto,parque-san-francisco,Parque San Francisco,neighbourhood,-33.58518,-70.56755,684,3.8
puente-alto,plaza-viva,Plaza Viva,neighbourhood,-33.59259,-70.55017,707,4.1
puente-alto,plazuela-los-toros,Plazuela Los Toros,neighbourhood,-33.56438,-70.55694,669,6.3
puente-alto,san-pedro,San Pedro,neighbourhood,-33.62389,-70.57847,683,0.9
puente-alto,santa-maria-del-penon,Santa María del Peñón,neighbourhood,-33.5733,-70.53699,771,6.5
puerto-montt,alerce,Alerce,town,-41.39418,-72.91456,109,8.9
puerto-montt,alto-la-paloma,Alto la Paloma,neighbourhood,-41.4492,-72.9108,117,3.5
puerto-montt,antuhue,Antuhue,neighbourhood,-41.46156,-72.91838,104,2.1
puerto-montt,arrayan,Arrayán,neighbourhood,-41.3834,-72.89818,116,10.4
puerto-montt,brisas-del-sur,Brisas del Sur,neighbourhood,-41.48045,-72.98567,101,4.0
puerto-montt,caleta-pichipelluco,Caleta Pichipelluco,neighbourhood,-41.47511,-72.92145,6,1.6
puerto-montt,cardonal-bajo,Cardonal Bajo,neighbourhood,-41.46312,-73.01271,78,6.2
puerto-montt,coihuin,Coihuín,village,-41.48458,-72.85483,14,7.2
puerto-montt,costa-chinquio-i,Costa Chinquio I,neighbourhood,-41.50756,-73.01535,22,7.5
puerto-montt,cruce-san-agustin,Cruce San Agustin,locality,-41.68645,-73.08093,62,26.6
puerto-montt,el-bosque-de-puerto-varas-etapa-8,El Bosque de Puerto Varas Etapa 8,neighbourhood,-41.3409,-72.79342,199,19.0
puerto-montt,el-tepual,El Tepual,village,-41.42457,-73.09785,78,14.2
puerto-montt,gran-lagunitas,Gran Lagunitas,neighbourhood,-41.42805,-73.04596,105,10.1
puerto-montt,husamontt,Husamontt,neighbourhood,-41.44665,-73.00655,76,6.2
puerto-montt,jardin-austral-4,Jardín Austral 4,neighbourhood,-41.44379,-72.94415,118,3.1
puerto-montt,la-cancha,La Cancha,neighbourhood,-41.48198,-72.83491,6,8.8
puerto-montt,la-perla,La Perla,neighbourhood,-41.41512,-73.16267,58,19.6
puerto-montt,la-vara,La Vara,village,-41.4253,-72.90782,104,5.8
puerto-montt,lancuyen,Lancuyén,neighbourhood,-41.45254,-72.92175,114,2.6
puerto-montt,llanos-de-tenglo,Llanos de Tenglo,neighbourhood,-41.49467,-73.01767,101,7.0
puerto-montt,lomas-de-cardonal,Lomas de Cardonal,neighbourhood,-41.46906,-72.98285,98,3.6
puerto-montt,lomas-de-reloncavi,Lomas de Reloncaví,neighbourhood,-41.47781,-72.9085,107,2.7
puerto-montt,los-cipreses-de-panitao,Los Cipreses de Panitao,neighbourhood,-41.54376,-73.07548,85,13.9
puerto-montt,los-cuncos,Los Cuncos,neighbourhood,-41.48466,-72.82049,64,10.0
puerto-montt,los-maderos-de-puerto-varas,Los Maderos de Puerto Varas,neighbourhood,-41.34805,-72.82553,168,16.7
puerto-montt,mirador-de-la-bahia,Mirador de la Bahía,neighbourhood,-41.44886,-72.92826,139,2.7
puerto-montt,mirador-de-la-cordillera,Mirador de la Cordillera,neighbourhood,-41.45935,-72.98439,97,4.0
puerto-montt,mirador-de-trapen-alto,Mirador de Trapén Alto,neighbourhood,-41.5326,-73.04997,85,11.4
puerto-montt,panitao,Panitao,suburb,-41.52967,-73.05242,88,11.4
puerto-montt,parque-el-tepual,Parque El Tepual,neighbourhood,-41.41517,-73.12073,68,16.4
puerto-montt,parque-industrial-san-andres,Parque Industrial San Andrés,neighbourhood,-41.46381,-72.97271,120,2.9
puerto-montt,parque-lahuen-1,Parque Lahuén 1,neighbourhood,-41.38179,-72.91458,112,10.2
puerto-montt,parque-residencial-troncos-milenarios,Parque Residencial Troncos Milenarios,neighbourhood,-41.41777,-72.91748,113,6.3
puerto-montt,pelluco,Pelluco,suburb,-41.48743,-72.89925,10,3.8
puerto-montt,portal-puerto-montt,Portal Puerto Montt,neighbourhood,-41.44937,-72.95951,102,3.0
puerto-montt,pudeto,Pudeto,neighbourhood,-41.47953,-72.96014,64,1.9
puerto-montt,puerta-bosquemar,Puerta Bosquemar,neighbourhood,-41.48746,-72.9963,103,5.0
puerto-montt,puerta-sur,Puerta Sur,neighbourhood,-41.46749,-72.99877,86,5.0
puerto-montt,puerto-alerce,Puerto Alerce,neighbourhood,-41.39603,-72.90264,112,9.0
puerto-montt,refugio-chamiza,Refugio Chamiza,neighbourhood,-41.45665,-72.75132,189,15.8
puerto-montt,senda-sur,Senda Sur,village,-41.42977,-72.87906,120,6.9
puerto-montt,senderos-de-alerce,Senderos de Alerce,neighbourhood,-41.40815,-72.91244,108,7.4
puerto-montt,terrazas-de-angelmo,Terrazas de Angelmó,neighbourhood,-41.48307,-72.97171,104,3.0
puerto-montt,terrazas-de-trapen,Terrazas de Trapén,neighbourhood,-41.5143,-73.10181,120,14.3
puerto-montt,valle-cardonal,Valle Cardonal,neighbourhood,-41.44294,-72.9909,75,5.3
puerto-montt,valle-volcanes-11,Valle Volcanes 11,neighbourhood,-41.45539,-72.9084,124,3.2
puerto-montt,valles-de-alerce,Valles de Alerce,neighbourhood,-41.39153,-72.8919,124,9.8
puerto-octay,las-cascadas,Las Cascadas,village,-41.07877,-72.63717,68,25.3
puerto-varas,alto-esperanza-i,Alto Esperanza I,neighbourhood,-41.31436,-73.00058,144,1.5
puerto-varas,altos-del-llanquihue,Altos del Llanquihue,neighbourhood,-41.31061,-72.9886,109,0.9
puerto-varas,altos-del-llanquihue-2,Altos del Llanquihue,neighbourhood,-41.32258,-72.94771,77,3.0
puerto-varas,bosques-del-maullin,Bosques del Maullin,neighbourhood,-41.33995,-73.03229,49,4.8
puerto-varas,club-de-campo-residencial,Club de Campo Residencial,neighbourhood,-41.34117,-73.00476,110,3.2
puerto-varas,club-de-campo-residencial-i,Club de Campo Residencial I,neighbourhood,-41.34906,-73.0122,102,4.3
puerto-varas,club-de-campo-residencial-ii,Club de Campo Residencial II,neighbourhood,-41.36198,-73.0161,94,5.6
puerto-varas,codominio-los-arrayanes,Codominio Los Arrayanes,neighbourhood,-41.30862,-72.88961,73,7.8
puerto-varas,colonos-del-lago-llanquihue,Colonos del Lago Llanquihue,neighbourhood,-41.32507,-72.88816,130,7.9
puerto-varas,costa-del-lago,Costa del Lago,neighbourhood,-41.3106,-72.91811,72,5.5
puerto-varas,el-bosque-de-puerto-varas-etapa-1,El Bosque de Puerto Varas Etapa 1,neighbourhood,-41.33256,-72.82288,168,13.4
puerto-varas,el-bosque-de-puerto-varas-etapa-5,El Bosque de Puerto Varas Etapa 5,neighbourhood,-41.33111,-72.80792,187,14.7
puerto-varas,graneros-de-puerto-varas,Graneros de Puerto Varas,neighbourhood,-41.38128,-72.94957,115,7.6
puerto-varas,la-codicia,La Codicia,locality,-41.33461,-72.4113,75,47.8
puerto-varas,la-foresta-de-puerto-varas,La Foresta de Puerto Varas,neighbourhood,-41.3978,-72.96571,95,9.0
puerto-varas,las-bandurrias,Las Bandurrias,locality,-41.24483,-72.13359,231,71.4
puerto-varas,las-terrazas-del-maullin,Las Terrazas del Maullín,neighbourhood,-41.31144,-73.01425,142,2.7
puerto-varas,mirador-de-puerto-varas,Mirador de Puerto Varas,village,-41.34416,-72.94445,130,4.3
puerto-varas,molino-viejo,Molino Viejo,neighbourhood,-41.29162,-72.98183,76,2.9
puerto-varas,nueva-braunau,Nueva Braunau,village,-41.32552,-73.08391,109,8.5
puerto-varas,parcelas-rancho-lomas-verdes,Parcelas Rancho Lomas Verdes,neighbourhood,-41.30227,-73.01365,129,3.1
puerto-varas,parque-empresarial-puerto-varas,Parque Empresarial Puerto Varas,neighbourhood,-41.38277,-72.96981,102,7.3
puerto-varas,parque-industrial-san-ignacio,Parque Industrial San Ignacio,neighbourhood,-41.34657,-72.98902,119,3.2
puerto-varas,parque-ivian,Parque Ivian,neighbourhood,-41.33569,-72.98258,134,2.0
puerto-varas,parque-ivian-ii,Parque Ivian II,neighbourhood,-41.34303,-72.97359,138,2.9
puerto-varas,parque-las-bandurrias,Parque Las Bandurrias,neighbourhood,-41.3523,-72.95356,123,4.5
puerto-varas,parque-lican-rayen,Parque Lican Rayén,neighbourhood,-41.32732,-72.98705,89,1.1
puerto-varas,parque-residencial-santa-ines,Parque Residencial Santa Inés,neighbourhood,-41.32164,-73.0156,115,2.8
puerto-varas,parque-stocker,Parque Stocker,neighbourhood,-41.31448,-72.93974,76,3.6
puerto-varas,parque-tres-puentes,Parque Tres Puentes,neighbourhood,-41.3279,-72.79041,203,16.1
puerto-varas,parque-westfalia,Parque Westfalia,neighbourhood,-41.32966,-73.00237,119,2.1
puerto-varas,puerto-chico,Puerto Chico,neighbourhood,-41.32816,-72.96053,48,2.2
puerto-varas,reflejos-del-lago,Reflejos del Lago,neighbourhood,-41.23111,-72.57934,66,35.1
pumanque,nilahue-cornejo,Nilahue Cornejo,village,-34.65977,-71.74005,91,9.4
punitaqui,el-maqui,El Maqui,locality,-30.99016,-71.29794,694,10.5
punitaqui,las-ramadas,Las Ramadas,village,-30.79429,-71.25508,230,11.8
punitaqui,mantos-de-punitaqui,Mantos de Punitaqui,neighbourhood,-30.84782,-71.24973,230,6.0
punitaqui,punitaqui,Punitaqui,town,-30.83375,-71.25736,215,7.4
punta-arenas,18-de-septiembre,18 de Septiembre,neighbourhood,-53.16403,-70.93606,54,1.9
punta-arenas,5-de-abril,5 de Abril,neighbourhood,-53.15108,-70.89358,11,1.6
punta-arenas,altos-del-bosque,Altos del Bosque,neighbourhood,-53.12705,-70.89516,21,4.0
punta-arenas,archipielago-de-chiloe,Archipiélago de Chiloé,neighbourhood,-53.1824,-70.94679,56,3.4
punta-arenas,aves-australes,Aves Australes,neighbourhood,-53.13746,-70.92965,47,3.1
punta-arenas,bahia-catalina,Bahía Catalina,neighbourhood,-53.13525,-70.86167,2,4.3
punta-arenas,barranco-amarrillo,Barranco Amarrillo,neighbourhood,-53.09557,-70.878,36,7.7
punta-arenas,bois-de-chesne,Bois de Chesne,neighbourhood,-53.14656,-70.8973,14,1.9
punta-arenas,caleta-buen-refugio,Caleta Buen Refugio,locality,-52.83687,-74.57695,0,248.1
punta-arenas,cardenal-silva-henriquez,Cardenal Silva Henríquez,neighbourhood,-53.13004,-70.9145,38,3.6
punta-arenas,cecil-rasmussen,Cecil Rasmussen,neighbourhood,-53.14022,-70.91285,30,2.5
punta-arenas,cerro-de-la-cruz,Cerro de la Cruz,neighbourhood,-53.15985,-70.9153,59,0.6
punta-arenas,domingo-espineira,Domingo Espiñeira,neighbourhood,-53.16979,-70.94921,54,2.9
punta-arenas,el-pinguino,El Pingüino,neighbourhood,-53.15381,-70.93854,64,2.3
punta-arenas,fitz-roy,Fitz Roy,neighbourhood,-53.17647,-70.92839,30,2.1
punta-arenas,gobernador-phillipi,Gobernador Phillipi,neighbourhood,-53.14587,-70.93679,58,2.7
punta-arenas,javier-palacios,Javier Palacios,neighbourhood,-53.14066,-70.87903,7,3.1
punta-arenas,jorge-cvitanic,Jorge Cvitanic,neighbourhood,-53.1504,-70.91483,27,1.4
punta-arenas,las-lengas,Las Lengas,neighbourhood,-53.13743,-70.89393,15,2.9
punta-arenas,nelda-panicucci,Nelda Panicucci,neighbourhood,-53.1723,-70.95112,57,3.1
punta-arenas,ojo-bueno,Ojo Bueno,neighbourhood,-53.04843,-70.89567,73,12.7
punta-arenas,pampa-redonda,Pampa Redonda,neighbourhood,-53.12508,-70.93006,68,4.4
punta-arenas,puerto-loberos,Puerto Loberos,locality,-52.83404,-74.62651,54,251.5
punta-arenas,punta-morrison,Punta Morrison,locality,-53.83601,-70.43635,0,81.1
punta-arenas,rio-de-los-ciervos,Río de los Ciervos,neighbourhood,-53.20099,-70.93653,6,4.7
punta-arenas,rio-seco,Río Seco,village,-53.05812,-70.86164,25,12.0
punta-arenas,san-isidro,San Isidro,neighbourhood,-53.1404,-70.95173,116,3.8
punta-arenas,tres-puentes,Tres Puentes,neighbourhood,-53.11915,-70.8752,4,5.3
punta-arenas,weche-pepiukelen,Weche Pepiukelen,neighbourhood,-53.18324,-70.95648,76,4.0
puren,21-de-mayo,21 de Mayo,neighbourhood,-38.02636,-73.07066,89,1.5
puren,agua-tendida,Agua Tendida,neighbourhood,-38.03161,-73.08759,101,1.7
puren,caupolican,Caupolicán,village,-38.00256,-73.01606,86,6.1
puren,el-fortin,El Fortín,neighbourhood,-38.03623,-73.06786,98,2.6
puren,estadio,Estadio,neighbourhood,-38.04027,-73.07894,108,2.7
purranque,carrasco,Carrasco,village,-40.91003,-73.14533,115,1.9
purranque,corte-alto,Corte Alto,village,-40.95294,-73.16154,134,4.1
purranque,crucero,Crucero,village,-40.9254,-73.34903,136,15.4
purranque,cuatro-vientos,Cuatro Vientos,locality,-40.95898,-73.13325,132,5.5
purranque,la-araucania,La Araucanía,neighbourhood,-40.90713,-73.15733,109,1.3
purranque,nuevo-amanecer,Nuevo Amanecer,neighbourhood,-40.91126,-73.17198,104,0.7
putaendo,18-de-septiembre,18 de Septiembre,village,-32.66274,-70.71785,738,3.6
putaendo,granalla,Granalla,village,-32.62079,-70.7322,818,1.4
putaendo,la-orilla,La Orilla,village,-32.65532,-70.69471,748,4.4
putaendo,las-coimas,Las Coimas,village,-32.69059,-70.72514,690,6.4
putaendo,las-compuertas,Las Compuertas,village,-32.65179,-70.74164,752,2.2
putaendo,quebrada-de-herrera,Quebrada de Herrera,village,-32.67829,-70.75176,700,5.3
putaendo,rinconada-de-guzman,Rinconada de Guzmán,village,-32.57799,-70.74276,890,6.2
putaendo,san-jose-de-piguchen,San José de Piguchén,village,-32.56857,-70.6881,951,8.4
putre,ancayuconi,Ancayuconi,locality,-18.54907,-69.15455,4110,21.3
putre,carbonire,Carbonire,locality,-18.41667,-69.18333,4348,13.6
putre,cruce-parcohaylla,Cruce Parcohaylla,locality,-18.85872,-69.13664,4277,51.2
putre,guata,Guata,locality,-18.58699,-69.03798,3949,33.8
putre,pachani,Pachani,locality,-18.48333,-69.63333,3213,34.5
putre,putre,Putre,town,-18.19638,-69.55922,3546,36.8
putre,queumahuna,Queumahuña,locality,-18.02138,-69.41776,4413,46.7
putre,umirpa,Umirpa,locality,-18.78343,-69.34806,3945,39.6
putre,utalacata,Utalacata,locality,-18.56238,-69.13829,4092,23.6
puyehue,chanlefu,Chanlefu,locality,-40.74688,-72.32161,592,26.4
puyehue,chico,Chico,locality,-40.77157,-72.28244,736,30.5
puyehue,cruce-futacuin,Cruce Futacuin,locality,-40.76205,-72.44291,235,18.1
puyehue,entre-lagos,Entre Lagos,town,-40.68356,-72.604,201,2.2
puyehue,los-derrumbes,Los Derrumbes,locality,-40.75994,-72.29758,664,28.8
puyehue,pilmaiquen,Pilmaiquén,village,-40.65124,-72.65903,225,4.0
puyehue,porvenir,Porvenir,neighbourhood,-40.69361,-72.60686,205,3.1
queilen,centinela,Centinela,locality,-42.97674,-73.38369,60,12.2
quellon,auchac,Auchac,village,-43.03323,-73.53643,3,11.8
quellon,camino-aerodromo,Camino Aeródromo,neighbourhood,-43.12981,-73.64278,30,2.1
quellon,curanue,Curanué,village,-43.03022,-73.57299,21,10.7
quellon,mirador-de-quellon,Mirador de Quellón,neighbourhood,-43.11438,-73.63005,39,1.0
quellon,pasaje-san-manuel,Pasaje San Manuel,neighbourhood,-43.11121,-73.5996,39,1.9
quilaco,altos-de-pemehue,Altos de Pemehue,neighbourhood,-37.68641,-72.01337,222,0.7
quilicura,casas-de-quilicura-ii,Casas de Quilicura II,neighbourhood,-33.34994,-70.74356,479,2.0
quilicura,juan-francisco-gonzalez,Juan Francisco González,neighbourhood,-33.36004,-70.71793,487,3.1
quilicura,los-cipreses,Los Cipreses,neighbourhood,-33.36882,-70.75157,479,0.3
quilicura,los-flamencos,Los Flamencos,neighbourhood,-33.36912,-70.74965,479,0.3
quilicura,los-molinos,Los Molinos,neighbourhood,-33.35341,-70.74805,481,1.5
quilicura,los-tijerales,Los Tijerales,neighbourhood,-33.36971,-70.7165,490,3.1
quilicura,parque-central,Parque Central,neighbourhood,-33.35026,-70.72667,483,2.8
quilicura,parque-industrial-aeropuerto,Parque Industrial Aeropuerto,neighbourhood,-33.38252,-70.74539,479,1.8
quilicura,parque-industrial-arrigoni,Parque Industrial Arrigoni,neighbourhood,-33.33439,-70.70096,487,5.8
quilicura,parque-industrial-buenaventura,Parque Industrial Buenaventura,neighbourhood,-33.33235,-70.715,484,5.0
quilicura,parque-industrial-casa-de-piedra,Parque Industrial Casa de Piedra,neighbourhood,-33.33129,-70.73121,482,4.3
quilicura,parque-industrial-las-esteras,Parque Industrial Las Esteras,neighbourhood,-33.34482,-70.71592,484,4.0
quilicura,parque-industrial-lautaro,Parque Industrial Lautaro,neighbourhood,-33.34431,-70.7002,487,5.3
quilicura,paseo-central,Paseo Central,neighbourhood,-33.35985,-70.74008,483,1.2
quilicura,pucara-de-lasana,Pucará de Lasana,neighbourhood,-33.3768,-70.72676,486,2.4
quilicura,san-ignacio-de-loyola-ii,San Ignacio de Loyola II,neighbourhood,-33.36042,-70.76099,477,1.2
quilleco,bocatoma-tucapel,Bocatoma Tucapel,locality,-37.30549,-71.96766,294,17.9
quilleco,canteras,Canteras,village,-37.39971,-72.00915,305,8.3
quilleco,el-pedregal,El Pedregal,locality,-37.30541,-71.97483,298,17.9
quilleco,quillayloma,Quillayloma,locality,-37.34492,-72.00399,310,13.9
quilleco,villa-mercedes,Villa Mercedes,village,-37.40443,-71.97951,336,7.0
quillon,portal-del-valle,Portal del Valle,neighbourhood,-36.73669,-72.46873,61,0.4
quillota,altos-de-serrano,Altos de Serrano,neighbourhood,-32.87027,-71.24496,135,1.1
quillota,boco,Boco,village,-32.87527,-71.27128,144,2.3
quillota,el-boco,El Boco,locality,-32.86083,-71.26767,145,2.8
quillota,la-tetera,La Tetera,neighbourhood,-32.89391,-71.23821,117,1.8
quillota,las-pataguas,Las Pataguas,village,-32.88334,-71.20741,136,3.8
quillota,las-vinas,Las Viñas,neighbourhood,-32.89612,-71.26632,108,2.5
quillota,lomas-del-cajon,Lomas del Cajón,neighbourhood,-32.95571,-71.26693,155,8.6
quillota,los-almendros,Los Almendros,village,-32.90166,-71.21152,134,4.1
quillota,los-paltos,Los Paltos,neighbourhood,-32.88336,-71.25648,121,0.9
quillota,san-pedro,San Pedro,village,-32.93851,-71.27646,96,7.1
quilpue,altos-de-manquehue,Altos de Manquehue,neighbourhood,-33.07343,-71.42825,195,2.9
quilpue,argentina,Argentina,neighbourhood,-33.04735,-71.47314,135,3.0
quilpue,basso,Basso,neighbourhood,-33.05016,-71.46166,157,1.9
quilpue,buenos-aires,Buenos Aires,neighbourhood,-33.04479,-71.45414,111,1.3
quilpue,carozzi,Carozzi,neighbourhood,-33.04936,-71.43757,113,0.4
quilpue,chilectra,Chilectra,neighbourhood,-33.0717,-71.41621,172,3.4
quilpue,cruz-de-lorena-ii,Cruz de Lorena II,neighbourhood,-33.06489,-71.43287,173,1.9
quilpue,el-belloto,El Belloto,suburb,-33.04756,-71.40816,121,3.1
quilpue,el-bosque,El Bosque,neighbourhood,-33.02815,-71.43103,135,2.6
quilpue,el-llano,El Llano,locality,-33.19266,-71.28145,303,21.8
quilpue,el-mirador,El Mirador,neighbourhood,-33.06042,-71.44286,178,1.2
quilpue,estero-viejo,Estero Viejo,neighbourhood,-33.05777,-71.41289,132,2.8
quilpue,frutillar-alto,Frutillar Alto,neighbourhood,-33.02994,-71.40398,131,4.1
quilpue,gorbea,Gorbea,neighbourhood,-33.05703,-71.45072,157,1.2
quilpue,halley,Halley,neighbourhood,-33.03715,-71.41106,124,3.2
quilpue,las-rosas,Las Rosas,neighbourhood,-33.05378,-71.42389,156,1.7
quilpue,las-terrazas-de-la-retuca,Las Terrazas de la Retuca,neighbourhood,-33.13228,-71.34945,174,12.6
quilpue,los-lunes-ii,Los Lunes II,neighbourhood,-33.03807,-71.48405,136,4.2
quilpue,los-naranjos,Los Naranjos,neighbourhood,-33.04977,-71.42524,141,1.5
quilpue,mena,Mena,neighbourhood,-33.05055,-71.44564,113,0.4
quilpue,pompeya-sur,Pompeya Sur,neighbourhood,-33.05718,-71.46894,179,2.7
quilpue,san-jose-de-los-perales,San José de Los Perales,locality,-33.14751,-71.32257,222,15.5
quilpue,serena-ii,Serena II,neighbourhood,-33.05213,-71.403,133,3.6
quinchao,achao,Achao,town,-42.471,-73.48808,6,9.1
quinta-de-tilcoco,guacarhue,Guacarhue,village,-34.3543,-71.01636,247,4.8
quinta-de-tilcoco,la-vina,La Viña,village,-34.33677,-70.96725,278,2.0
quinta-de-tilcoco,quechereguas,Quechereguas,neighbourhood,-34.3682,-70.98065,265,2.2
quinta-normal,consul-poinsett,Consul Poinsett,neighbourhood,-33.43094,-70.70188,510,2.1
quintero,las-brisas-de-quintero,Las Brisas de Quintero,neighbourhood,-32.79525,-71.52753,13,1.4
quintero,loncura,Loncura,suburb,-32.78617,-71.50806,32,2.4
quintero,mirador-santa-luisa,Mirador Santa Luisa,village,-32.90103,-71.49582,10,13.5
quintero,santa-adela,Santa Adela,village,-32.87494,-71.49306,17,10.9
quintero,valle-alegre,Valle Alegre,locality,-32.8095,-71.438,23,9.4
quirihue,altos-de-quirihue,Altos de Quirihue,neighbourhood,-36.27819,-72.55153,246,1.1
quirihue,san-damian,San Damián,neighbourhood,-36.27891,-72.54878,250,0.8
rancagua,abanderado-ibieta,Abanderado Ibieta,neighbourhood,-34.16718,-70.72261,509,1.6
rancagua,alto-rancagua,Alto Rancagua,neighbourhood,-34.17312,-70.70115,527,3.7
rancagua,baltazar-castro,Baltazar Castro,neighbourhood,-34.15689,-70.70981,506,2.9
rancagua,casas-del-alba,Casas del Alba,neighbourhood,-34.18616,-70.72377,528,2.7
rancagua,centro-historico,Centro Histórico,neighbourhood,-34.17038,-70.74077,503,0.6
rancagua,cooperativa-cachapoal,Cooperativa Cachapoal,neighbourhood,-34.17677,-70.72848,515,1.6
rancagua,cooperativa-la-cruz,Cooperativa La Cruz,neighbourhood,-34.15138,-70.72216,494,2.3
rancagua,dintrans,Dintrans,neighbourhood,-34.19364,-70.74353,526,3.2
rancagua,don-alberto,Don Alberto,neighbourhood,-34.1663,-70.78594,474,4.2
rancagua,el-bosque,El Bosque,neighbourhood,-34.15526,-70.74982,484,1.5
rancagua,el-membrillo,El Membrillo,neighbourhood,-34.18644,-70.841,438,9.6
rancagua,galilea-a,Galilea A,neighbourhood,-34.174,-70.76531,494,2.5
rancagua,galilea-e,Galilea E,neighbourhood,-34.18258,-70.7726,497,3.6
rancagua,jardin-oeste,Jardín Oeste,neighbourhood,-34.15792,-70.75058,484,1.3
rancagua,las-canadas,Las Cañadas,neighbourhood,-34.12991,-70.73208,470,4.0
rancagua,los-abedules,Los Abedules,neighbourhood,-34.1817,-70.71037,532,3.3
rancagua,los-alamos-de-la-cruz,Los Álamos de La Cruz,neighbourhood,-34.14451,-70.72517,487,2.7
rancagua,los-andes,Los Andes,neighbourhood,-34.15189,-70.69892,506,4.1
rancagua,los-cipreses,Los Cipreses,neighbourhood,-34.14834,-70.74114,482,1.9
rancagua,los-husares,Los Húsares,neighbourhood,-34.1627,-70.76002,484,1.9
rancagua,los-pinares-iii,Los Pinares III,neighbourhood,-34.14821,-70.70486,497,3.7
rancagua,nueva-alameda-ii,Nueva Alameda II,neighbourhood,-34.15443,-70.76484,474,2.6
rancagua,parque-isluga,Parque Isluga,neighbourhood,-34.16175,-70.69451,518,4.2
rancagua,praderas-de-kennedy,Praderas de Kennedy,neighbourhood,-34.13182,-70.74847,463,3.8
rancagua,puerta-norte,Puerta Norte,neighbourhood,-34.13935,-70.73448,479,2.9
rancagua,puertas-de-fierro,Puertas de Fierro,neighbourhood,-34.1753,-70.78107,486,4.0
rancagua,punta-de-cortes,Punta de Cortés,village,-34.18149,-70.83092,447,8.6
rancagua,rancagua-sur,Rancagua Sur,suburb,-34.18264,-70.74081,511,1.9
rancagua,santa-julia,Santa Julia,neighbourhood,-34.18223,-70.75592,507,2.4
rancagua,william-braden,William Braden,neighbourhood,-34.15672,-70.73149,495,1.2
ranquil,nipas,Ñipas,village,-36.60506,-72.53437,44,5.2
ranquil,san-ignacio-de-palomares,San Ignacio de Palomares,village,-36.62579,-72.60383,58,5.5
rauco,don-ignacio,Don Ignacio,neighbourhood,-34.91562,-71.30193,200,2.4
rauco,el-llano,El Llano,village,-34.90546,-71.29945,206,3.5
rauco,padres-trapenses,Padres Trapenses,neighbourhood,-34.92175,-71.31377,193,1.3
recoleta,bellavista-de-san-cristobal,Bellavista de San Cristóbal,neighbourhood,-33.43211,-70.63613,580,2.1
renaico,campanario,Campanario,locality,-37.77365,-72.48659,149,10.0
renaico,renaico,Renaico,town,-37.67171,-72.58326,74,5.2
renaico,tijeral,Tijeral,village,-37.73303,-72.61472,85,3.8
renca,el-perejil,El Perejil,neighbourhood,-33.40237,-70.73894,489,0.6
renca,la-hacienda-de-renca,La Hacienda de Renca,neighbourhood,-33.40359,-70.75781,483,2.3
rengo,apalta,Apalta,neighbourhood,-34.33922,-70.86813,344,7.5
rengo,el-cerrillo,El Cerrillo,village,-34.39574,-70.78234,389,7.1
rengo,el-naranjal,El Naranjal,neighbourhood,-34.4073,-70.86978,310,1.1
rengo,el-retiro,El Retiro,village,-34.33623,-70.83782,356,8.0
rengo,esmeralda,Esmeralda,village,-34.33196,-70.89575,337,9.0
rengo,la-chimba,La Chimba,village,-34.41061,-70.81317,392,4.2
rengo,las-americas,Las Américas,neighbourhood,-34.41236,-70.85006,326,1.0
rengo,lo-cartagena,Lo Cartagena,village,-34.38213,-70.86752,311,2.8
rengo,lo-de-lobos,Lo de Lobos,village,-34.37883,-70.81367,354,5.1
rengo,los-aleros-del-bosque,Los Aleros del Bosque,neighbourhood,-34.3961,-70.85711,319,1.1
rengo,los-choapinos,Los Choapinos,village,-34.32489,-70.83366,369,9.3
rengo,los-sauces,Los Sauces,neighbourhood,-34.42389,-70.86796,303,2.1
rengo,naicura,Naicura,neighbourhood,-34.32402,-70.92214,321,10.9
rengo,popeta,Popeta,village,-34.43712,-70.78848,465,7.3
rengo,pueblo-hundido,Pueblo Hundido,village,-34.37964,-70.88154,305,3.7
rengo,rosario,Rosario,town,-34.3453,-70.83651,349,7.1
rengo,san-benito,San Benito,neighbourhood,-34.41367,-70.84817,329,1.2
rengo,vinedos-de-rengo,Viñedos de Rengo,neighbourhood,-34.39586,-70.84715,330,1.6
requinoa,el-abra,El Abra,village,-34.27604,-70.85357,395,2.0
requinoa,el-vaticano,El Vaticano,village,-34.25094,-70.79527,459,5.0
requinoa,las-bandurrias,Las Bandurrias,neighbourhood,-34.23927,-70.78139,480,6.8
requinoa,las-mercedes,Las Mercedes,village,-34.26367,-70.80353,443,3.5
requinoa,las-rosas,Las Rosas,neighbourhood,-34.28713,-70.82328,413,1.0
requinoa,los-lirios,Los Lirios,village,-34.22792,-70.78906,481,7.4
requinoa,pichiguao,Pichiguao,village,-34.31863,-70.8268,377,4.0
requinoa,pimpinela,Pimpinela,village,-34.33604,-70.71313,427,12.5
requinoa,san-agustin,San Agustín,neighbourhood,-34.28132,-70.83635,408,0.4
requinoa,santa-amalia,Santa Amalia,village,-34.30341,-70.80846,399,3.2
requinoa,totihue-oriente,Totihue Oriente,village,-34.33675,-70.76647,371,8.5
requinoa,villa-maria,Villa María,village,-34.25122,-70.87662,412,5.3
retiro,copihue,Copihue,village,-36.09003,-71.79924,162,5.3
retiro,las-camelias,Las Camelias,village,-36.21156,-71.6053,298,23.1
retiro,nuevo-renacer,Nuevo Renacer,neighbourhood,-36.16692,-71.73663,195,13.3
retiro,quillaimo,Quillaimo,village,-36.19903,-71.62646,274,20.8
retiro,rinconada,Rinconada,neighbourhood,-36.06197,-71.76987,164,1.4
retiro,santa-amelia,Santa Amelia,neighbourhood,-36.04679,-71.75818,165,0.8
retiro,santa-isabel,Santa Isabel,village,-36.11321,-71.75844,176,7.1
rinconada,aires-de-rinconada,Aires de Rinconada,neighbourhood,-32.84989,-70.68736,724,2.2
rinconada,casuto,Casuto,neighbourhood,-32.85971,-70.69385,725,3.0
rinconada,el-patagual,El Patagual,neighbourhood,-32.83179,-70.69086,713,0.9
rinconada,la-capellania,La Capellanía,neighbourhood,-32.85953,-70.68228,733,3.4
rinconada,los-ranchillos,Los Ranchillos,locality,-32.95791,-70.70432,1340,13.9
rio-bueno,comandante-araya,Comandante Araya,neighbourhood,-40.32868,-72.94493,61,1.2
rio-bueno,crucero,Crucero,village,-40.41883,-72.78775,104,17.2
rio-bueno,miraflores,Miraflores,neighbourhood,-40.33626,-72.96122,55,0.5
rio-bueno,padre-tadeo,Padre Tadeo,neighbourhood,-40.34388,-72.94325,67,1.6
rio-bueno,san-pedro,San Pedro,neighbourhood,-40.34838,-72.95041,37,1.7
rio-bueno,valles-de-piruco,Valles de Piruco,neighbourhood,-40.33562,-72.93654,68,1.7
rio-claro,camarico,Camarico,village,-35.2211,-71.42248,182,15.7
rio-claro,cuesta-el-portillo,Cuesta El Portillo,locality,-35.41496,-71.05745,641,24.0
rio-claro,cumpeo,Cumpeo,town,-35.28163,-71.25867,296,0.7
rio-claro,el-bolsico,El Bolsico,village,-35.24536,-71.18619,400,8.4
rio-claro,las-mercedes,Las Mercedes,village,-35.25903,-71.26023,311,2.8
rio-claro,odessa,Odessa,village,-35.21787,-71.25506,312,7.4
rio-claro,porvenir,Porvenir,village,-35.16191,-71.28615,267,13.6
rio-claro,san-gerardo,San Gerardo,village,-35.20911,-71.25427,312,8.3
rio-claro,santa-rosa,Santa Rosa,village,-35.24087,-71.25269,323,4.9
rio-hurtado,algarrobito,Algarrobito,locality,-30.44444,-70.9298,817,29.6
rio-hurtado,corral-quemado,Corral Quemado,locality,-30.35966,-71.02469,814,32.8
rio-hurtado,el-chacay,El Chacay,locality,-30.43376,-70.68535,1641,18.6
rio-hurtado,el-maiten,El Maitén,locality,-30.45566,-70.94787,894,31.7
rio-hurtado,el-pangue,El Pangue,locality,-30.44083,-71.01159,491,35.6
rio-hurtado,el-zapallo,El Zapallo,locality,-30.47091,-70.96606,781,34.2
rio-hurtado,la-chacrita,La Chacrita,locality,-30.45705,-70.89616,1027,28.3
rio-hurtado,las-mollacas,Las Mollacas,locality,-30.35,-70.91667,1189,22.8
rio-hurtado,mendoza,Mendoza,locality,-30.5,-70.91667,1552,33.2
rio-hurtado,observatorio-el-sauce,Observatorio El Sauce,locality,-30.47031,-70.76466,1558,23.5
rio-hurtado,pichasca,Pichasca,village,-30.39466,-70.87089,742,21.7
rio-hurtado,poroto,Poroto,locality,-30.5,-70.86667,1418,30.5
rio-hurtado,puquios,Puquios,locality,-30.53333,-70.4,2793,41.3
rio-hurtado,seron,Serón,village,-30.33274,-70.74586,971,8.6
rio-ibanez,chacano,Chacano,neighbourhood,-46.14096,-72.15327,310,24.5
rio-ibanez,las-parrillas,Las Parrillas,locality,-46.58579,-72.4195,413,49.0
rio-ibanez,levican,Levicán,locality,-46.38561,-71.85311,214,11.3
rio-ibanez,puerto-ingeniero-ibanez,Puerto Ingeniero Ibáñez,village,-46.2919,-71.93749,219,1.0
rio-ibanez,puerto-rio-tranquilo,Puerto Río Tranquilo,village,-46.62393,-72.67629,212,67.3
rio-ibanez,villa-cerro-castillo,Villa Cerro Castillo,village,-46.12262,-72.15437,322,26.0
rio-negro,riachuelo,Riachuelo,village,-40.82061,-73.33706,88,10.5
rio-verde,bahia-pinto,Bahía Pinto,locality,-52.5284,-72.28363,1,55.7
rio-verde,caleta-jara,Caleta Jara,locality,-52.53341,-72.19945,1,50.1
rio-verde,estancia-florita,Estancia Florita,locality,-52.81516,-71.40144,21,19.2
rio-verde,parador-rio-verde,Parador Río Verde,locality,-52.69207,-71.40998,23,6.8
rio-verde,puesto-bahia-williams,Puesto Bahía Williams,locality,-52.51606,-72.11984,8,45.5
rio-verde,puesto-martinic,Puesto Martinic,locality,-52.55135,-71.82661,29,25.6
romeral,aldea-principe-guillermo-de-luxemburgo,Aldea Príncipe Guillermo de Luxemburgo,neighbourhood,-34.94822,-71.12787,299,2.1
romeral,el-planchon,El Planchón,locality,-35.16412,-70.53796,2550,58.5
romeral,guaico-centro,Guaico Centro,neighbourhood,-34.96674,-71.04966,401,7.6
romeral,guaico-dos,Guaico Dos,village,-34.96473,-71.05196,396,7.4
romeral,guaico-tres,Guaico Tres,village,-34.96911,-71.01027,444,11.2
romeral,guaico-uno,Guaico Uno,village,-34.96223,-71.08387,341,4.5
romeral,infiernillo,Infiernillo,locality,-35.04863,-70.60417,1114,49.0
romeral,piedra-de-la-mujer,Piedra de la Mujer,locality,-35.04501,-70.6607,908,43.9
romeral,puesto-de-vacas-gordas,Puesto de Vacas Gordas,locality,-35.2265,-70.67894,1923,50.4
romeral,rio-malo,Río Malo,locality,-35.11369,-70.48678,1571,61.1
romeral,san-sebastian,San Sebastián,neighbourhood,-34.95354,-71.12256,306,1.8
saavedra,ninquilco,Ninquilco,locality,-38.81366,-73.34052,49,6.2
saavedra,piedra-alta,Piedra Alta,locality,-38.91269,-73.34047,55,15.3
saavedra,puaucho,Puaucho,locality,-38.93428,-73.3279,43,17.9
saavedra,puerto-dominguez,Puerto Domínguez,village,-38.89768,-73.25605,-1,17.8
saavedra,puerto-saavedra,Puerto Saavedra,town,-38.79232,-73.39687,3,1.0
saavedra,puerto-saavedra-alto,Puerto Saavedra Alto,neighbourhood,-38.80243,-73.39056,69,2.3
saavedra,traguatragua,Traguatragua,locality,-38.89046,-73.35183,11,12.6
sagrada-familia,corral-de-piedra,Corral de Piedra,village,-34.99779,-71.34638,162,3.4
sagrada-familia,esperanza-chica,Esperanza Chica,neighbourhood,-34.99733,-71.37904,153,0.5
sagrada-familia,la-cruz,La Cruz,village,-35.01078,-71.3121,179,6.6
sagrada-familia,la-isla,La Isla,village,-35.03002,-71.29745,196,8.5
sagrada-familia,las-delicias,Las Delicias,village,-35.02204,-71.4303,133,4.9
sagrada-familia,lo-valdivia,Lo Valdivia,village,-34.99919,-71.33612,168,4.3
sagrada-familia,los-arrayanes,Los Arrayanes,neighbourhood,-34.99994,-71.39209,147,0.8
sagrada-familia,pudahuel,Pudahuel,neighbourhood,-35.09667,-71.61434,85,23.6
sagrada-familia,rinconada-los-quillayes,Rinconada Los Quillayes,locality,-35.16667,-71.65,155,30.5
sagrada-familia,sanatorio,Sanatorio,village,-35.04712,-71.33014,189,7.1
sagrada-familia,santa-ana,Santa Ana,village,-35.04369,-71.4592,127,8.4
sagrada-familia,santa-carmen,Santa Carmen,village,-35.03854,-71.45201,124,7.6
sagrada-familia,santa-maria,Santa María,village,-35.07341,-71.47535,124,11.7
sagrada-familia,santa-rosa,Santa Rosa,village,-35.04299,-71.30918,196,8.3
sagrada-familia,villa-prat,Villa Prat,town,-35.08805,-71.60867,85,22.7
salamanca,cabreria,Cabrería,locality,-31.7,-71.01667,1116,8.8
salamanca,chalinga,Chalinga,neighbourhood,-31.77221,-70.97954,496,1.4
salamanca,chillepin,Chillepín,village,-31.88347,-70.7297,853,25.9
salamanca,coiron,Coirón,village,-31.90365,-70.77821,795,23.4
salamanca,cuncumen,Cuncumén,village,-31.89713,-70.62999,1047,35.0
salamanca,el-tambo,El Tambo,village,-31.78598,-71.02259,438,5.7
salamanca,moraleda,Moraleda,locality,-31.9,-71.01667,1506,15.6
salamanca,panguecillo,Panguecillo,village,-31.83907,-70.87927,630,11.5
salamanca,tahuinco,Tahuinco,village,-31.79036,-71.05729,426,9.0
salamanca,tranquilla,Tranquilla,village,-31.90003,-70.68072,948,30.8
san-antonio,aguas-buenas,Aguas Buenas,village,-33.56339,-71.56237,196,5.1
san-antonio,barrancas,Barrancas,suburb,-33.59716,-71.61279,8,1.8
san-antonio,casas-de-san-juan,Casas de San Juan,neighbourhood,-33.64041,-71.58183,14,7.2
san-antonio,cerro-la-arena,Cerro La Arena,neighbourhood,-33.58447,-71.60972,59,0.5
san-antonio,cerro-la-virgen,Cerro La Virgen,neighbourhood,-33.5754,-71.61305,93,0.6
san-antonio,colinas-del-mar,Colinas del Mar,neighbourhood,-33.59808,-71.5981,74,2.4
san-antonio,las-bodegas,Las Bodegas,neighbourhood,-33.57141,-71.60224,98,1.5
san-antonio,leyda,Leyda,village,-33.61299,-71.44636,170,15.9
san-antonio,llo-lleo,Llo Lleo,suburb,-33.61255,-71.61031,19,3.5
san-antonio,lo-gallardo,Lo Gallardo,neighbourhood,-33.63054,-71.59738,11,5.7
san-antonio,los-alamos,Los Álamos,neighbourhood,-33.61608,-71.59864,111,4.1
san-antonio,santa-rosa-de-la-mar,Santa Rosa de la Mar,neighbourhood,-33.61959,-71.58681,84,4.9
san-antonio,tejas-verdes,Tejas Verdes,neighbourhood,-33.61914,-71.61867,9,4.3
san-bernardo,casas-del-parque-3,Casas del Parque 3,neighbourhood,-33.61115,-70.68879,580,2.9
san-bernardo,el-retiro,El Retiro,neighbourhood,-33.63017,-70.63068,636,8.6
san-bernardo,faldeos-de-nos,Faldeos de Nos,neighbourhood,-33.61873,-70.67795,584,4.1
san-bernardo,la-campina-de-nos,La Campiña de Nos,neighbourhood,-33.62263,-70.69044,569,3.5
san-bernardo,las-carmelitas,Las Carmelitas,neighbourhood,-33.58884,-70.67592,586,4.0
san-bernardo,las-lomas-de-mirasur,Las Lomas de Mirasur,neighbourhood,-33.62288,-70.71389,550,2.6
san-bernardo,lo-herrera,Lo Herrera,village,-33.66911,-70.74364,518,8.1
san-bernardo,lo-montero,Lo Montero,neighbourhood,-33.56523,-70.69854,556,4.2
san-bernardo,nos,Nos,neighbourhood,-33.63766,-70.70782,562,4.3
san-bernardo,parque-industrial-estrella-del-sur,Parque Industrial Estrella del Sur,neighbourhood,-33.55805,-70.72407,528,4.7
san-bernardo,parque-industrial-puerta-sur,Parque Industrial Puerta Sur,neighbourhood,-33.55163,-70.71476,534,5.4
san-bernardo,san-leon-de-nos,San León de Nos,neighbourhood,-33.64275,-70.68076,588,5.8
san-bernardo,santa-ines-de-chena,Santa Inés de Chena,neighbourhood,-33.55,-70.73333,515,5.8
san-bernardo,valle-nevado,Valle Nevado,neighbourhood,-33.64689,-70.66319,603,7.2
san-carlos,agustin-abarca,Agustín Abarca,neighbourhood,-36.41409,-71.957,174,1.2
san-carlos,cachapoal,Cachapoal,village,-36.46142,-71.72856,296,20.9
san-carlos,casas-grandes,Casas Grandes,neighbourhood,-36.45837,-71.95622,178,3.7
san-carlos,centro-empresarial-cinco-sur,Centro Empresarial Cinco Sur,locality,-36.43624,-71.95463,174,1.3
san-carlos,el-torreon,El Torreón,village,-36.49572,-71.86031,224,11.8
san-carlos,las-arboledas,Las Arboledas,village,-36.44894,-71.84775,230,10.2
san-carlos,los-acacios,Los Acacios,neighbourhood,-36.42856,-71.91437,196,3.9
san-carlos,los-cipreses,Los Cipreses,neighbourhood,-36.44642,-71.95616,176,2.4
san-carlos,los-troncos,Los Troncos,neighbourhood,-36.45379,-71.84637,228,10.5
san-carlos,nueva-esperanza,Nueva Esperanza,village,-36.51839,-72.05436,137,13.5
san-carlos,nuevo-atardecer,Nuevo Atardecer,neighbourhood,-36.42935,-71.98029,166,2.0
san-carlos,pomuyeto,Pomuyeto,neighbourhood,-36.42811,-71.93243,186,2.3
san-carlos,portal-del-sur,Portal del Sur,neighbourhood,-36.43854,-71.96851,168,1.8
san-carlos,san-francisco,San Francisco,neighbourhood,-36.35872,-71.92853,175,7.8
san-carlos,santa-anita,Santa Anita,neighbourhood,-36.44478,-71.94884,179,2.4
san-carlos,santa-laura,Santa Laura,locality,-36.42073,-71.97366,167,1.5
san-carlos,termas-de-monteblanco,Termas de Monteblanco,neighbourhood,-36.47382,-71.89283,206,8.0
san-carlos,termas-de-monteblanco-ii,Termas de Monteblanco II,neighbourhood,-36.47992,-71.90337,200,7.8
san-carlos,valle-hondo,Valle Hondo,neighbourhood,-36.4226,-71.95002,179,0.8
san-carlos,villa-illinois,Villa Illinois,village,-36.54414,-72.08576,117,17.5
san-carlos,virgen-del-camino,Virgen del Camino,neighbourhood,-36.41605,-71.94589,178,1.5
san-clemente,aurora,Aurora,village,-35.49557,-71.52897,164,7.3
san-clemente,bramadero,Bramadero,village,-35.60345,-71.29966,391,17.6
san-clemente,buenavista,Buenavista,neighbourhood,-35.55831,-71.15529,605,29.7
san-clemente,buenos-aires,Buenos Aires,village,-35.59444,-71.37973,304,10.6
san-clemente,central-cipreses,Central Cipreses,locality,-35.78636,-70.80798,935,66.4
san-clemente,chile-nuevo,Chile Nuevo,neighbourhood,-35.52256,-71.51231,185,4.0
san-clemente,el-carmen,El Carmen,neighbourhood,-35.57764,-71.48147,221,3.1
san-clemente,el-colorado,El Colorado,village,-35.63787,-71.26341,421,22.2
san-clemente,el-olivar,El Olivar,village,-35.56349,-71.57917,161,8.8
san-clemente,el-sifon,El Sifón,neighbourhood,-35.56014,-71.19879,453,25.8
san-clemente,flor-del-llano,Flor del Llano,village,-35.506,-71.52922,171,6.4
san-clemente,la-cruz,La Cruz,locality,-35.54483,-71.22774,420,23.1
san-clemente,los-monos,Los Monos,locality,-35.68028,-71.07235,686,39.9
san-clemente,mariposas,Mariposas,village,-35.52933,-71.42151,243,6.0
san-clemente,meseta-frutillar,Meseta Frutillar,locality,-35.67386,-71.08554,1219,38.5
san-clemente,nuevo-porvenir,Nuevo Porvenir,neighbourhood,-35.58634,-71.44362,241,5.4
san-clemente,queri,Queri,village,-35.58919,-71.43012,250,6.5
san-clemente,rota,Rota,locality,-35.61452,-71.36811,306,12.7
san-clemente,san-diego-norte,San Diego Norte,village,-35.56863,-71.46933,231,2.4
san-clemente,san-diego-sur,San Diego Sur,village,-35.5813,-71.46662,230,3.8
san-clemente,sifon-teatinos,Sifón Teatinos,locality,-35.67036,-71.2156,480,27.7
san-clemente,valles-del-alba,Valles del Alba,neighbourhood,-35.54716,-71.47928,213,0.5
san-clemente,villorrio-el-nispero,Villorrio El Níspero,neighbourhood,-35.59003,-71.41892,253,7.3
san-clemente,villorrio-la-estrella,Villorrio La Estrella,neighbourhood,-35.48452,-71.46444,190,7.5
san-esteban,dona-alicia,Doña Alicia,neighbourhood,-32.80664,-70.5697,848,1.5
san-esteban,el-higueral,El Higueral,village,-32.78124,-70.56872,842,2.5
san-esteban,las-golondrinas,Las Golondrinas,village,-32.7694,-70.58781,810,3.4
san-esteban,lo-calvo,Lo Calvo,village,-32.75336,-70.60564,778,5.6
san-esteban,los-chacayes,Los Chacayes,village,-32.85986,-70.43357,1070,15.5
san-esteban,los-olmos,Los Olmos,suburb,-32.8082,-70.58641,832,1.0
san-esteban,valle-condores,Valle Cóndores,neighbourhood,-32.80355,-70.59728,814,1.4
san-fabian,bajo-de-hielo,Bajo de Hielo,locality,-36.48262,-71.58018,566,8.0
san-fabian,coironal,Coironal,locality,-36.7329,-71.2613,745,32.8
san-fabian,fundo-vegas-de-perquilauquen,Fundo Vegas de Perquilauquén,locality,-36.56025,-71.21581,1046,29.9
san-fabian,la-balsa,La Balsa,neighbourhood,-36.56426,-71.55086,444,1.6
san-fabian,paso-macho,Paso Macho,locality,-36.54897,-71.14386,1161,36.3
san-fabian,placilla,Placilla,locality,-36.55677,-71.4282,1132,10.9
san-fabian,san-fabian-de-alico,San Fabián de Alico,village,-36.5566,-71.5499,474,0.7
san-fabian,termas-la-zorra,Termas La Zorra,locality,-36.45188,-71.11217,1300,40.6
san-fabian,termas-los-moscos,Termas Los Moscos,locality,-36.58007,-71.08205,1384,41.9
san-felipe,almendral,Almendral,suburb,-32.75088,-70.69696,670,2.6
san-felipe,bellavista,Bellavista,village,-32.72245,-70.77394,604,5.5
san-felipe,bucalemu,Bucalemu,village,-32.81016,-70.68513,714,7.6
san-felipe,calle-el-rio,Calle El Río,village,-32.7148,-70.74852,631,4.6
san-felipe,curimon,Curimón,village,-32.78605,-70.68425,706,5.5
san-felipe,el-algarrobal,El Algarrobal,village,-32.71617,-70.72582,625,3.8
san-felipe,el-asiento,El Asiento,village,-32.69384,-70.76987,668,7.6
san-felipe,el-porvenir,El Porvenir,neighbourhood,-32.79167,-70.67334,721,6.6
san-felipe,el-tambo,El Tambo,neighbourhood,-32.76452,-70.68153,694,4.4
san-felipe,portal-de-aconcagua,Portal de Aconcagua,neighbourhood,-32.74593,-70.70891,654,1.6
san-felipe,punta-el-olivo,Punta El Olivo,village,-32.71615,-70.74373,636,4.2
san-felipe,san-rafael,San Rafael,village,-32.80822,-70.64688,757,9.7
san-felipe,tierras-blancas,Tierras Blancas,village,-32.7856,-70.71564,672,4.0
san-fernando,agua-buena,Agua Buena,village,-34.65142,-70.84947,510,14.8
san-fernando,angostura,Angostura,village,-34.543,-70.96477,306,5.1
san-fernando,codominio-puerta-del-sur,Codominio Puerta del Sur,neighbourhood,-34.59929,-70.98657,343,1.7
san-fernando,el-trapiche,El Trapiche,neighbourhood,-34.57537,-70.97609,333,1.5
san-fernando,la-guzmana,La Guzmana,locality,-34.92949,-70.48808,1526,59.8
san-fernando,la-troya,La Troya,neighbourhood,-34.58867,-70.97184,344,1.7
san-fernando,miraflores,Miraflores,village,-34.54232,-70.94801,310,6.0
san-fernando,parque-poniente,Parque Poniente,neighbourhood,-34.57878,-71.00857,316,1.9
san-fernando,parronales-de-pedehue,Parronales de Pedehue,neighbourhood,-34.60925,-70.96805,362,3.4
san-fernando,polonia,Polonia,village,-34.53311,-70.93999,308,7.2
san-fernando,puente-negro,Puente Negro,village,-34.68602,-70.87239,510,15.6
san-fernando,rincon-de-pincheira,Rincón de Pincheira,locality,-34.81084,-70.28864,3282,68.8
san-fernando,rinconada-javierana,Rinconada Javierana,locality,-34.62155,-70.89299,444,9.7
san-fernando,roma,Roma,village,-34.57852,-70.90933,360,7.3
san-fernando,roma-arriba,Roma Arriba,village,-34.61332,-70.92559,394,6.7
san-fernando,san-jose-de-los-lingues,San José de Los Lingues,village,-34.56379,-70.91439,339,7.2
san-fernando,san-nicolas,San Nicolás,neighbourhood,-34.56484,-70.95446,328,3.8
san-fernando,talcarehue,Talcarehue,village,-34.64066,-70.89397,445,10.8
san-gregorio,interior-dungeness,Interior Dungeness,locality,-52.33961,-68.46944,26,82.5
san-gregorio,paso-integracion-austral,Paso Integración Austral,locality,-52.14182,-69.51988,159,22.4
san-gregorio,puesto-canon,Puesto Cañón,locality,-52.32176,-70.39203,178,48.2
san-gregorio,puesto-caravana,Puesto Caravana,locality,-52.44174,-69.66841,18,13.9
san-gregorio,puesto-chocolate,Puesto Chocolate,locality,-52.17662,-69.45318,117,22.1
san-gregorio,puesto-cuarenta-y-cuatro,Puesto Cuarenta y Cuatro,locality,-52.07487,-70.86003,251,84.6
san-gregorio,puesto-cuarto-chorrillo,Puesto Cuarto Chorrillo,locality,-52.51652,-69.93364,15,28.0
san-gregorio,puesto-deslinde,Puesto Deslinde,locality,-52.35813,-70.52716,184,57.5
san-gregorio,puesto-desolacion,Puesto Desolación,locality,-52.28376,-69.98752,205,21.0
san-gregorio,puesto-dinamarquero,Puesto Dinamarquero,locality,-52.41812,-70.64474,173,66.2
san-gregorio,puesto-el-centro,Puesto El Centro,locality,-52.09177,-70.41732,181,55.9
san-gregorio,puesto-final,Puesto Final,locality,-52.15779,-70.53545,225,60.7
san-gregorio,puesto-ford,Puesto Ford,locality,-52.41554,-70.15316,306,33.7
san-gregorio,puesto-gallego-chico,Puesto Gallego Chico,locality,-52.15897,-70.72587,214,73.1
san-gregorio,puesto-julio-grande,Puesto Julio Grande,locality,-52.30845,-70.82781,264,77.8
san-gregorio,puesto-la-chimenea,Puesto La Chimenea,locality,-52.24297,-70.90383,237,83.4
san-gregorio,puesto-la-pelecha,Puesto La Pelecha,locality,-52.09651,-70.75475,182,77.0
san-gregorio,puesto-la-vega-vieja,Puesto La Vega Vieja,locality,-52.28994,-70.53164,191,57.8
san-gregorio,puesto-las-barrancas,Puesto Las Barrancas,locality,-52.16713,-70.2663,155,43.0
san-gregorio,puesto-limite,Puesto Límite,locality,-52.07932,-70.32024,189,50.8
san-gregorio,puesto-los-sauces,Puesto Los Sauces,locality,-52.41727,-70.55257,108,60.1
san-gregorio,puesto-lote-1,Puesto Lote 1,locality,-52.33022,-70.64298,218,65.2
san-gregorio,puesto-manantial-alto,Puesto Manantial Alto,locality,-52.26533,-69.54581,67,11.0
san-gregorio,puesto-municion,Puesto Munición,locality,-52.27232,-69.46723,9,15.5
san-gregorio,puesto-panteon,Puesto Panteón,locality,-52.27192,-70.46812,181,53.6
san-gregorio,puesto-playa,Puesto Playa,locality,-52.49342,-69.78804,13,20.9
san-gregorio,puesto-teniente-merino,Puesto Teniente Merino,locality,-52.14334,-70.45237,210,55.8
san-gregorio,puesto-tio-ismael,Puesto Tío Ismael,locality,-52.30595,-70.38404,175,47.7
san-gregorio,puesto-vargas,Puesto Vargas,locality,-52.15997,-70.53248,220,60.4
san-gregorio,villa-punta-delgada,Villa Punta Delgada,village,-52.31586,-69.69057,73,0.5
san-ignacio,bocatoma-diguillin,Bocatoma Diguillín,locality,-36.89294,-72.05675,203,10.6
san-ignacio,la-mocha,La Mocha,neighbourhood,-36.83244,-72.1007,189,7.2
san-ignacio,los-alerces,Los Alerces,neighbourhood,-36.79931,-72.04323,218,1.1
san-ignacio,pueblo-seco,Pueblo Seco,village,-36.88123,-72.09166,199,10.6
san-ignacio,quiriquina,Quiriquina,village,-36.84266,-72.10206,191,8.0
san-ignacio,san-miguel,San Miguel,village,-36.81265,-71.97077,292,5.5
san-javier-de-loncomilla,alquihue,Alquihue,village,-35.63884,-71.80871,84,8.4
san-javier-de-loncomilla,alto-del-rio,Alto del Río,village,-35.61922,-71.77866,139,4.9
san-javier-de-loncomilla,bobadilla,Bobadilla,village,-35.57038,-71.69859,104,4.1
san-javier-de-loncomilla,el-solar-de-loncomilla,El Solar de Loncomilla,village,-35.61478,-71.77992,117,4.7
san-javier-de-loncomilla,la-ilusion,La Ilusión,village,-35.73358,-71.80546,99,16.9
san-javier-de-loncomilla,melozal,Melozal,village,-35.74346,-71.81001,101,18.1
san-javier-de-loncomilla,orilla-de-maule,Orilla de Maule,village,-35.57758,-71.65197,129,7.7
san-javier-de-loncomilla,parque-del-sol,Parque Del Sol,neighbourhood,-35.60174,-71.74016,85,1.1
san-javier-de-loncomilla,puente-pando,Puente Pando,village,-35.59227,-71.60299,160,12.0
san-javier-de-loncomilla,san-javier,San Javier,town,-35.59239,-71.73531,90,0.0
san-javier-de-loncomilla,san-manuel,San Manuel,village,-35.64571,-71.63586,144,10.8
san-javier-de-loncomilla,vaqueria,Vaquería,village,-35.60721,-71.80699,77,6.7
san-javier-de-loncomilla,villavicencio,Villavicencio,village,-35.59339,-71.88778,83,13.8
san-joaquin,la-legua-vieja,La Legua Vieja,neighbourhood,-33.49227,-70.63566,551,2.0
san-jose-de-maipo,alfalfal,Alfalfal,locality,-34.07947,-70.09584,2034,55.6
san-jose-de-maipo,banos-del-tupungato,Baños del Tupungato,locality,-33.35301,-69.89841,3024,53.5
san-jose-de-maipo,confluencia,Confluencia,locality,-33.75758,-69.97256,3275,39.0
san-jose-de-maipo,corrales,Corrales,locality,-33.50087,-70.39952,1974,15.0
san-jose-de-maipo,el-cabrerio,El Cabrerío,locality,-33.81491,-70.008,2381,38.8
san-jose-de-maipo,el-canelo,El Canelo,neighbourhood,-33.57795,-70.45366,835,10.1
san-jose-de-maipo,el-manzanito,El Manzanito,locality,-33.76623,-70.16718,1600,23.6
san-jose-de-maipo,el-melocoton,El Melocotón,neighbourhood,-33.69837,-70.33437,1020,7.8
san-jose-de-maipo,el-nocedal,El Nocedal,neighbourhood,-33.60702,-70.3489,966,3.4
san-jose-de-maipo,el-paso,El Paso,locality,-33.47078,-70.31867,2601,18.6
san-jose-de-maipo,las-pataguas,Las Pataguas,neighbourhood,-33.64929,-70.35496,958,2.1
san-jose-de-maipo,las-vertientes,Las Vertientes,neighbourhood,-33.58839,-70.46696,815,10.5
san-jose-de-maipo,los-chacayes,Los Chacayes,locality,-33.73333,-70.16667,2245,21.6
san-jose-de-maipo,puente-salinillas,Puente Salinillas,locality,-33.49435,-70.13856,1591,26.2
san-jose-de-maipo,puerta-de-marcelo,Puerta de Marcelo,locality,-33.50054,-70.20324,1446,21.1
san-jose-de-maipo,refugio-las-melosas,Refugio Las Melosas,locality,-33.85,-70.23334,2557,27.1
san-jose-de-maipo,san-alfonso,San Alfonso,village,-33.72184,-70.32831,1076,10.5
san-jose-de-maipo,san-gabriel,San Gabriel,village,-33.78303,-70.23705,1260,20.5
san-jose-de-maipo,vega-larga,Vega Larga,locality,-33.29966,-70.14046,2363,42.6
san-jose-de-maipo,vegas-del-barco,Vegas del Barco,locality,-33.45155,-69.88264,3571,49.2
san-jose-de-maipo,vegas-del-zinc,Vegas del Zinc,locality,-33.44494,-69.92914,3094,45.6
san-juan-de-la-costa,bahia-mansa,Bahía Mansa,village,-40.58433,-73.7308,89,28.9
san-juan-de-la-costa,caleta-pucatrihue,Caleta Pucatrihue,neighbourhood,-40.54519,-73.71897,3,27.1
san-juan-de-la-costa,carrico,Carrico,locality,-40.60402,-73.50188,63,13.0
san-juan-de-la-costa,puaucho,Puaucho,village,-40.60473,-73.47053,120,11.5
san-miguel,carmen-mena,Carmen Mena,neighbourhood,-33.507,-70.65144,557,2.3
san-nicolas,la-loma,La Loma,neighbourhood,-36.51138,-72.11894,119,8.8
san-nicolas,lomas-de-puyaral,Lomas de Puyaral,neighbourhood,-36.49611,-72.21312,90,0.5
san-nicolas,nuevo-milenio,Nuevo Milenio,neighbourhood,-36.50698,-72.21803,104,0.8
san-nicolas,puente-nuble,Puente Ñuble,village,-36.53999,-72.08507,120,12.6
san-pablo,el-esfuerzo,El Esfuerzo,neighbourhood,-40.41521,-73.003,76,2.0
san-pedro,el-prado,El Prado,village,-33.91915,-71.50988,129,4.5
san-pedro-de-atacama,algarrobo,Algarrobo,locality,-22.64664,-68.14556,3324,30.5
san-pedro-de-atacama,alma-operation-support-facility,ALMA Operation Support Facility,locality,-23.07259,-67.9807,2919,28.4
san-pedro-de-atacama,ayaviri,Ayaviri,locality,-22.76676,-68.1957,2663,16.7
san-pedro-de-atacama,ayllu-de-solcor,Ayllu de Solcor,neighbourhood,-22.92104,-68.20026,2426,0.5
san-pedro-de-atacama,canon-de-guatin,Cañón de Guatin,locality,-22.77051,-68.08487,3172,20.1
san-pedro-de-atacama,centro-incasico-catarpe,Centro Incásico Catarpe,locality,-22.8552,-68.21269,2528,7.0
san-pedro-de-atacama,chaxas,Chaxas,locality,-22.78333,-67.98333,3817,26.7
san-pedro-de-atacama,el-tapial,El Tapial,locality,-23.61316,-67.86041,3560,84.9
san-pedro-de-atacama,envidias,Envidias,locality,-22.61384,-68.10142,3697,35.2
san-pedro-de-atacama,incahuasi,Incahuasi,locality,-22.54078,-68.01431,4247,45.9
san-pedro-de-atacama,lagunita,Lagunita,locality,-22.55299,-68.10104,4155,41.7
san-pedro-de-atacama,lican-chico,Licán Chico,locality,-22.65816,-68.18379,3149,28.8
san-pedro-de-atacama,mal-paso,Mal Paso,locality,-23.56565,-67.92971,3003,77.3
san-pedro-de-atacama,oficina-tilopozo,Oficina Tilopozo,locality,-23.79521,-68.23583,2313,97.8
san-pedro-de-atacama,pajonales,Pajonales,locality,-22.94784,-67.81492,4664,39.6
san-pedro-de-atacama,paso-zapaleri,Paso Zapaleri,locality,-22.84972,-67.14442,4435,108.4
san-pedro-de-atacama,penaliri,Peñaliri,locality,-22.62458,-68.12299,3507,33.4
san-pedro-de-atacama,pocor,Pocor,locality,-23.23154,-68.01243,2432,39.9
san-pedro-de-atacama,purico,Purico,locality,-22.89962,-68.1881,2464,2.3
san-pedro-de-atacama,quebrada-de-jere,Quebrada de Jere,locality,-23.18956,-67.99416,2509,36.9
san-pedro-de-atacama,quepiaco,Quepiaco,locality,-23.07741,-67.60113,4580,63.9
san-pedro-de-atacama,reserva-nacional-los-flamencos-soncor,Reserva Nacional Los Flamencos - Soncor,locality,-23.28751,-68.17627,2302,41.3
san-pedro-de-atacama,rincon-de-guaitiquina,Rincón de Guaitiquina,locality,-22.64876,-68.134,3542,30.5
san-pedro-de-atacama,san-bartolo,San Bartolo,locality,-22.72946,-68.2165,2810,20.9
san-pedro-de-atacama,san-juan,San Juan,locality,-22.60943,-68.11848,3544,35.2
san-pedro-de-atacama,santa-rose,Santa Rose,locality,-22.54382,-68.23646,3361,41.6
san-pedro-de-atacama,soncor,Soncor,locality,-23.33901,-67.99563,2511,51.4
san-pedro-de-atacama,tambillo,Tambillo,locality,-23.1189,-68.08157,2344,25.5
san-pedro-de-atacama,tilopozo,Tilopozo,locality,-23.78212,-68.25167,2310,96.4
san-pedro-de-atacama,toconao,Toconao,village,-23.19052,-68.00704,2474,36.3
san-pedro-de-atacama,tulan,Tulan,locality,-23.80915,-68.03874,2909,100.6
san-pedro-de-atacama,tumbre,Tumbre,locality,-23.32338,-67.79652,3842,61.2
san-pedro-de-atacama,turicapur,Turicapur,locality,-22.62042,-68.23218,3148,33.1
san-pedro-de-atacama,valle-de-la-luna,Valle de la Luna,locality,-22.93162,-68.30872,2507,11.3
san-pedro-de-atacama,valle-del-arco-iris,Valle del Arco íris,locality,-22.63487,-68.24638,3205,31.7
san-pedro-de-atacama,vega-yuto,Vega Yuto,locality,-22.57457,-68.08333,3982,39.9
san-pedro-de-la-paz,bosque-san-pedro,Bosque San Pedro,neighbourhood,-36.88329,-73.14516,7,6.0
san-pedro-de-la-paz,brisas-de-junquillar,Brisas de Junquillar,neighbourhood,-36.89779,-73.13452,6,6.9
san-pedro-de-la-paz,candelaria,Candelaria,neighbourhood,-36.82602,-73.12632,7,2.6
san-pedro-de-la-paz,costa-san-francisco-1,Costa San Francisco 1,neighbourhood,-36.86289,-73.14232,6,4.3
san-pedro-de-la-paz,cumbres-de-andalue-oriente,Cumbres de Andalué Oriente,neighbourhood,-36.85431,-73.09109,101,1.8
san-pedro-de-la-paz,el-cerco,El Cerco,neighbourhood,-36.83864,-73.12911,8,2.3
san-pedro-de-la-paz,el-madrigal,El Madrigal,neighbourhood,-36.8858,-73.0623,20,6.2
san-pedro-de-la-paz,huertos-familiares,Huertos Familiares,neighbourhood,-36.83325,-73.10832,12,1.0
san-pedro-de-la-paz,idahue,Idahue,neighbourhood,-36.85062,-73.07652,88,2.6
san-pedro-de-la-paz,la-foresta,La Foresta,neighbourhood,-36.87725,-73.13585,8,5.0
san-pedro-de-la-paz,los-pioneros,Los Pioneros,neighbourhood,-36.85209,-73.13361,11,3.0
san-pedro-de-la-paz,michaihue,Michaihue,neighbourhood,-36.83965,-73.14278,7,3.5
san-pedro-de-la-paz,parque-residencial-los-canelos,Parque Residencial Los Canelos,neighbourhood,-36.84225,-73.09684,12,0.6
san-pedro-de-la-paz,pedro-de-valdivia-sur,Pedro de Valdivia Sur,neighbourhood,-36.87303,-73.06617,21,4.9
san-pedro-de-la-paz,peninsula-de-andalue,Península de Andalué,neighbourhood,-36.85506,-73.10269,32,1.6
san-pedro-de-la-paz,quiapo,Quiapo,neighbourhood,-36.85738,-73.11506,5,2.1
san-pedro-de-la-paz,san-pedro-de-la-costa-2,San Pedro de la Costa 2,neighbourhood,-36.85107,-73.14553,9,3.9
san-pedro-de-la-paz,san-pedro-del-valle,San Pedro del Valle,neighbourhood,-36.84553,-73.1176,6,1.4
san-pedro-de-la-paz,san-pedro-viejo,San Pedro Viejo,neighbourhood,-36.84018,-73.0818,11,1.9
san-pedro-de-la-paz,santa-ines,Santa Inés,neighbourhood,-36.82663,-73.1443,6,4.0
san-pedro-de-la-paz,valle-las-rosas,Valle Las Rosas,neighbourhood,-36.84748,-73.13689,6,3.1
san-pedro-de-la-paz,vistas-de-idahue,Vistas de Idahue,neighbourhood,-36.84978,-73.07547,76,2.7
san-rafael,alto-pangue,Alto Pangue,village,-35.34982,-71.57645,122,5.4
san-rafael,san-ricardo-norte,San Ricardo Norte,neighbourhood,-35.30301,-71.51427,147,2.3
san-rafael,santa-amalia,Santa Amalia,neighbourhood,-35.31228,-71.52688,147,0.8
san-ramon,nueva-san-ramon,Nueva San Ramón,neighbourhood,-33.53336,-70.64015,585,1.1
san-vicente-de-tagua-tagua,bellavista,Bellavista,village,-34.48243,-71.02849,226,6.6
san-vicente-de-tagua-tagua,callejones,Callejones,village,-34.4406,-71.10268,199,2.3
san-vicente-de-tagua-tagua,el-manzano,El Manzano,village,-34.36624,-71.09955,214,8.3
san-vicente-de-tagua-tagua,el-molino,El Molino,neighbourhood,-34.44486,-71.13576,191,5.4
san-vicente-de-tagua-tagua,el-niche,El Niche,village,-34.44536,-71.17107,190,8.6
san-vicente-de-tagua-tagua,el-tambo,El Tambo,village,-34.47711,-70.98053,255,9.9
san-vicente-de-tagua-tagua,la-huinca,La Huinca,neighbourhood,-34.46246,-71.20415,212,11.9
san-vicente-de-tagua-tagua,la-puntilla,La Puntilla,neighbourhood,-34.43948,-71.05685,214,1.9
san-vicente-de-tagua-tagua,la-rioja,La Rioja,neighbourhood,-34.50173,-71.18606,198,12.2
san-vicente-de-tagua-tagua,las-cruces,Las Cruces,neighbourhood,-34.42463,-71.14853,183,6.7
san-vicente-de-tagua-tagua,orilla-de-pencahue,Orilla de Pencahue,village,-34.44905,-71.14967,187,6.7
san-vicente-de-tagua-tagua,pencahue-abajo,Pencahue Abajo,village,-34.42782,-71.16649,182,8.2
san-vicente-de-tagua-tagua,pencahue-central,Pencahue Central,village,-34.43242,-71.12028,192,4.0
san-vicente-de-tagua-tagua,rastrojos,Rastrojos,village,-34.46388,-71.02676,225,5.4
san-vicente-de-tagua-tagua,requegua,Requegua,village,-34.45106,-71.00301,234,7.0
san-vicente-de-tagua-tagua,rincon-de-rangalillo,Rincón de Rangalillo,locality,-34.50749,-71.22597,211,15.6
san-vicente-de-tagua-tagua,rinconada,Rinconada,village,-34.50946,-71.08005,213,7.9
san-vicente-de-tagua-tagua,santa-gertrudis,Santa Gertrudis,neighbourhood,-34.45852,-71.13496,194,5.7
san-vicente-de-tagua-tagua,santa-ines,Santa Inés,village,-34.47798,-71.14973,207,7.9
san-vicente-de-tagua-tagua,santa-raquel,Santa Raquel,neighbourhood,-34.43302,-71.09169,201,1.4
san-vicente-de-tagua-tagua,toquihua,Toquihua,village,-34.38134,-71.12347,203,7.6
san-vicente-de-tagua-tagua,tunca-abajo,Tunca Abajo,village,-34.41485,-71.12115,192,4.8
san-vicente-de-tagua-tagua,tunca-arriba,Tunca Arriba,village,-34.38467,-71.08221,213,6.0
san-vicente-de-tagua-tagua,tunca-el-cristo,Tunca El Cristo,village,-34.42528,-71.09766,198,2.4
san-vicente-de-tagua-tagua,zuniga,Zúñiga,neighbourhood,-34.35625,-71.09833,224,9.4
santa-barbara,parque-callaqui,Parque Callaqui,neighbourhood,-37.6683,-72.01378,228,0.3
santa-barbara,valles-de-chile,Valles de Chile,neighbourhood,-37.66146,-72.02203,229,0.7
santa-cruz,chomedahue,Chomedahue,village,-34.65587,-71.34186,170,3.4
santa-cruz,el-boldal,El Boldal,village,-34.67511,-71.30919,180,7.0
santa-cruz,el-tambo,El Tambo,village,-34.60836,-71.37355,159,2.8
santa-cruz,isla-de-yaquil,Isla de Yáquil,village,-34.59494,-71.42859,152,7.1
santa-cruz,isla-del-guindo,Isla del Guindo,village,-34.65767,-71.32106,176,5.0
santa-cruz,la-patagua,La Patagua,village,-34.69256,-71.36362,168,6.6
santa-cruz,los-boldos,Los Boldos,village,-34.62841,-71.3876,162,2.0
santa-cruz,los-parronales,Los Parronales,neighbourhood,-34.64919,-71.35792,167,1.9
santa-cruz,millahue-de-apalta,Millahue de Apalta,village,-34.61926,-71.26893,186,9.1
santa-cruz,quinahue,Quinahue,village,-34.68906,-71.32118,179,7.5
santa-cruz,san-jose-de-apalta,San José de Apalta,village,-34.6334,-71.25506,189,10.2
santa-juana,aldea-missouri,Aldea Missouri,neighbourhood,-37.17179,-72.94702,50,1.3
santa-juana,hernan-mosso,Hernán Mosso,neighbourhood,-37.17336,-72.95337,59,1.9
santa-juana,pelun,Pelún,locality,-37.09858,-73.01428,382,10.4
santa-maria,el-llano,El Llano,village,-32.79355,-70.62655,774,6.1
santa-maria,jahuel,Jahuel,village,-32.6971,-70.61305,904,7.7
santa-maria,la-higuera,La Higuera,village,-32.71446,-70.64207,779,4.6
santa-maria,las-cabras,Las Cabras,village,-32.73196,-70.62474,787,4.4
santa-maria,san-fernando,San Fernando,neighbourhood,-32.75018,-70.65041,712,1.5
santa-maria,san-fernando-2,San Fernando,neighbourhood,-32.75447,-70.6485,738,1.8
santa-maria,tocornal-oriente,Tocornal Oriente,village,-32.7832,-70.64512,742,4.2
santiago,centro-historico,Centro Histórico,neighbourhood,-33.43778,-70.65058,563,2.0
santo-domingo,convento-sur,Convento Sur,neighbourhood,-33.81575,-71.63752,90,20.3
santo-domingo,cruce-la-manga,Cruce La Manga,locality,-33.88251,-71.67213,115,27.8
santo-domingo,cruce-san-pedro,Cruce San Pedro,locality,-33.75618,-71.56233,258,15.9
santo-domingo,huertos-chile,Huertos Chile,neighbourhood,-33.65289,-71.6037,65,4.8
santo-domingo,las-vertientes,Las Vertientes,neighbourhood,-33.66346,-71.62095,84,4.3
santo-domingo,peninsula-los-lirios,Península Los Lirios,locality,-33.9081,-71.82572,42,34.6
santo-domingo,rocas-de-santo-domingo,Rocas de Santo Domingo,town,-33.64059,-71.6261,51,2.4
santo-domingo,santa-maria-del-mar,Santa María del Mar,neighbourhood,-33.66535,-71.63449,32,3.8
sierra-gorda,algorta,Algorta,locality,-22.87351,-69.81909,1399,51.5
sierra-gorda,anita,Anita,locality,-23.06054,-69.49863,1440,27.1
sierra-gorda,araucana,Araucana,locality,-23.08358,-69.44906,1423,26.1
sierra-gorda,arturo-prat,Arturo Prat,locality,-23.09495,-69.50602,1403,30.5
sierra-gorda,ausonia,Ausonia,locality,-23.06898,-69.54108,1489,30.9
sierra-gorda,baquedano,Baquedano,village,-23.33381,-69.84347,1024,73.6
sierra-gorda,blanco-encalada,Blanco Encalada,locality,-23.21193,-69.61484,1506,47.6
sierra-gorda,campamento-esmeralda,Campamento Esmeralda,locality,-22.93522,-69.8243,1422,52.3
sierra-gorda,campamento-la-paloma,Campamento La Paloma,locality,-22.92578,-69.29692,1651,5.1
sierra-gorda,candelaria,Candelaria,locality,-23.05722,-69.52001,1479,28.4
sierra-gorda,carmela,Carmela,locality,-23.10655,-69.56695,1422,35.7
sierra-gorda,central,Central,locality,-23.12163,-69.54312,1384,35.2
sierra-gorda,chela,Chela,locality,-22.96612,-69.37837,1522,11.2
sierra-gorda,concepcion,Concepción,locality,-22.98996,-69.39369,1497,14.2
sierra-gorda,cuevitas,Cuevitas,locality,-23.39816,-69.95483,901,86.8
sierra-gorda,el-deserto,El Deserto,locality,-23.42366,-69.8578,1039,81.7
sierra-gorda,estacion-cerrillos,Estación Cerrillos,locality,-23.26083,-69.75012,1165,61.1
sierra-gorda,estacion-los-arrieros,Estación Los Arrieros,locality,-22.8665,-69.28812,1657,3.5
sierra-gorda,filomena,Filomena,locality,-23.01047,-69.41418,1469,17.3
sierra-gorda,flor-del-desierto,Flor del Desierto,locality,-23.28205,-69.36161,2024,44.6
sierra-gorda,la-noria,La Noria,locality,-22.91143,-69.33529,1594,3.7
sierra-gorda,luisis,Luisis,locality,-23.03852,-69.51578,1501,26.7
sierra-gorda,maria,María,locality,-23.03521,-69.45454,1441,22.0
sierra-gorda,mina-spence-bhp-billiton,Mina Spence (BHP Billiton),locality,-22.79611,-69.26148,1688,11.2
sierra-gorda,oficina-angamos,Oficina Angamos,locality,-23.00211,-69.43362,1474,17.8
sierra-gorda,oficina-francisco-puelma,Oficina Francisco Puelma,locality,-23.18562,-69.6606,1307,48.7
sierra-gorda,oficina-perseverancia,Oficina Perseverancia,locality,-23.05,-69.4,1469,20.4
sierra-gorda,oficina-riviera,Oficina Riviera,locality,-23.19412,-69.66965,1285,50.0
sierra-gorda,oficina-sargento-aldea,Oficina Sargento Aldea,locality,-23.20048,-69.6843,1296,51.6
sierra-gorda,ossa,Ossa,locality,-23.13312,-69.5836,1371,39.0
sierra-gorda,pampa-union,Pampa Unión,locality,-23.07954,-69.4909,1409,28.2
sierra-gorda,pinto,Pinto,locality,-23.08602,-69.50522,1406,29.7
sierra-gorda,placilla-de-caracoles,Placilla de Caracoles,locality,-23.03756,-69.0056,2729,36.2
sierra-gorda,refresco,Refresco,locality,-23.41667,-69.76667,1215,75.1
sierra-gorda,salinas,Salinas,locality,-23.15776,-69.6106,1345,42.8
sierra-gorda,san-cristobal,San Cristóbal,locality,-23.55,-69.55,1876,77.9
sierra-gorda,san-juan,San Juan,locality,-23.08333,-69.03333,2671,36.5
talagante,altos-del-sol,Altos del Sol,neighbourhood,-33.67055,-70.9445,320,1.1
talagante,el-roto-chileno,El Roto Chileno,village,-33.66271,-70.83619,413,9.0
talagante,la-requingua,La Requingua,locality,-33.65075,-70.94317,350,2.0
talagante,lonquen,Lonquén,village,-33.71133,-70.85501,353,8.8
talagante,san-rafael,San Rafael,neighbourhood,-33.65018,-70.92881,341,1.9
talca,18-de-abril,18 de Abril,neighbourhood,-35.47046,-71.55975,146,10.7
talca,barrio-norte,Barrio Norte,suburb,-35.40362,-71.65318,90,2.8
talca,cruce-varoli,Cruce Varoli,locality,-35.43199,-71.63705,110,2.6
talca,don-arturo,Don Arturo,neighbourhood,-35.41292,-71.64498,103,2.4
talca,el-culenar-sur,El Culenar Sur,neighbourhood,-35.44981,-71.68456,93,3.1
talca,el-oriente,El Oriente,village,-35.44564,-71.5419,144,11.4
talca,el-porvenir,El Porvenir,village,-35.4826,-71.55458,153,11.8
talca,el-tabaco,El Tabaco,neighbourhood,-35.4475,-71.64453,105,3.0
talca,esmeralda,Esmeralda,suburb,-35.44396,-71.59988,134,6.2
talca,estancia-las-rastras,Estancia Las Rastras,neighbourhood,-35.43162,-71.60404,129,5.6
talca,huilquilemu,Huilquilemu,village,-35.46476,-71.5734,144,9.3
talca,la-florida,La Florida,suburb,-35.43731,-71.68116,92,1.8
talca,la-obra,La Obra,neighbourhood,-35.45167,-71.58502,139,7.8
talca,las-americas,Las Américas,neighbourhood,-35.40315,-71.64945,91,3.0
talca,lircay,Lircay,suburb,-35.40301,-71.63765,99,3.7
talca,los-areneros,Los Areneros,neighbourhood,-35.42233,-71.68638,78,2.0
talca,los-jardines-de-talca,Los Jardines de Talca,neighbourhood,-35.41586,-71.67039,87,1.3
talca,manuel-larrain,Manuel Larraín,neighbourhood,-35.41337,-71.65158,101,2.0
talca,nueva-holanda,Nueva Holanda,neighbourhood,-35.42368,-71.63057,113,3.2
talca,panguilemo,Panguilemo,village,-35.36287,-71.59103,112,9.8
talca,parque-bicentenario,Parque Bicentenario,neighbourhood,-35.41301,-71.61411,122,4.9
talca,paso-moya,Paso Moya,neighbourhood,-35.43842,-71.64754,102,2.1
talca,portal-las-palmas,Portal Las Palmas,neighbourhood,-35.44697,-71.69804,87,3.7
talca,praderas-de-san-miguel,Praderas de San Miguel,neighbourhood,-35.44667,-71.61483,130,5.1
talca,reserva-las-rastras,Reserva Las Rastras,neighbourhood,-35.41817,-71.58699,127,7.2
talca,san-miguel,San Miguel,suburb,-35.44253,-71.63052,115,3.6
talca,san-valentin,San Valentín,neighbourhood,-35.42142,-71.60462,126,5.6
talca,valle-quinta-los-angeles,Valle Quinta Los Ángeles,neighbourhood,-35.39761,-71.62718,97,4.8
talca,valles-de-talca,Valles de Talca,neighbourhood,-35.45143,-71.6356,106,3.8
talca,villa-illinois,Villa Illinois,village,-35.37482,-71.57918,120,9.7
talcahuano,arenal,Arenal,neighbourhood,-36.72694,-73.11189,5,1.4
talcahuano,brisa-del-sol,Brisa del Sol,neighbourhood,-36.77101,-73.0779,5,7.1
talcahuano,caleta-tumbes,Caleta Tumbes,village,-36.64023,-73.0941,8,8.4
talcahuano,cerro-alegre,Cerro Alegre,neighbourhood,-36.70767,-73.1166,68,0.8
talcahuano,costa-larga,Costa Larga,locality,-36.66911,-73.1308,65,5.3
talcahuano,cruz-del-sur,Cruz del Sur,neighbourhood,-36.75389,-73.08962,4,4.9
talcahuano,el-cardenal,El Cardenal,locality,-36.6974,-73.14092,12,3.1
talcahuano,el-chupon,El Chupón,locality,-36.67792,-73.13174,72,4.4
talcahuano,el-faro,El Faro,locality,-36.61656,-73.11595,53,10.9
talcahuano,el-porton,El Portón,neighbourhood,-36.69146,-73.10396,6,2.7
talcahuano,huertos-familiares,Huertos Familiares,neighbourhood,-36.75967,-73.08047,3,5.8
talcahuano,isla-rocuant,Isla Rocuant,locality,-36.7346,-73.07083,0,4.5
talcahuano,la-buitrera,La Buitrera,locality,-36.63213,-73.11577,123,9.2
talcahuano,las-amapolas,Las Amapolas,neighbourhood,-36.75777,-73.09979,6,5.0
talcahuano,las-canchas,Las Canchas,neighbourhood,-36.68623,-73.11589,142,3.1
talcahuano,las-gaviotas,Las Gaviotas,locality,-36.626,-73.11595,107,9.8
talcahuano,las-higueras,Las Higueras,neighbourhood,-36.74626,-73.10848,6,3.6
talcahuano,litrinal,Litrinal,locality,-36.70717,-73.15594,13,3.8
talcahuano,lorena,Lorena,locality,-36.69628,-73.13356,72,2.7
talcahuano,los-budes,Los Budes,locality,-36.75585,-73.05861,1,6.8
talcahuano,los-guindos,Los Guindos,locality,-36.66849,-73.10698,145,5.2
talcahuano,mirador-del-pacifico,Mirador del Pacífico,neighbourhood,-36.7093,-73.14849,91,3.1
talcahuano,monte-redondo,Monte Redondo,neighbourhood,-36.72513,-73.13826,76,2.5
talcahuano,nueva-los-lobos,Nueva Los Lobos,neighbourhood,-36.71287,-73.13768,117,2.1
talcahuano,parque-empresarial-del-biobio,Parque Empresarial del Biobío,neighbourhood,-36.76515,-73.11535,8,5.6
talcahuano,partal,Partal,neighbourhood,-36.72048,-73.12029,6,0.9
talcahuano,patricio-lynch,Patricio Lynch,neighbourhood,-36.77973,-73.09156,9,7.5
talcahuano,playa-blanca,Playa Blanca,locality,-36.68893,-73.13685,1,3.5
talcahuano,santa-cecilia,Santa Cecilia,neighbourhood,-36.74705,-73.08702,3,4.4
talcahuano,santa-clara,Santa Clara,neighbourhood,-36.73884,-73.09858,2,3.0
talcahuano,taiguen-chico,Taiguén Chico,locality,-36.65801,-73.12176,96,6.3
talcahuano,valle-san-eugenio,Valle San Eugenio,neighbourhood,-36.76666,-73.09022,6,6.2
taltal,aguada-de-cachinal,Aguada de Cachinal,locality,-25.14518,-69.55876,2544,96.7
taltal,altamira,Altamira,locality,-25.79839,-69.84646,1767,74.3
taltal,balmaceda,Balmaceda,locality,-25.06667,-69.73333,2389,84.3
taltal,canchas,Canchas,locality,-25.42399,-70.17455,1111,29.4
taltal,cascabeles,Cascabeles,locality,-25.28333,-70.45,3,16.8
taltal,catalina,Catalina,locality,-25.23338,-69.71893,2174,78.4
taltal,francke,Francke,locality,-25.8465,-69.85468,1696,76.6
taltal,la-polvora,La Pólvora,locality,-25.77664,-69.54125,2346,100.3
taltal,mina-explotadora,Mina Explotadora,locality,-25.82602,-69.31546,3274,123.4
taltal,mina-la-union,Mina La Unión,locality,-25.59362,-70.36591,830,20.5
taltal,mina-yaquie,Mina Yaquie,locality,-25.63724,-70.37841,717,24.3
taltal,oficina-alemania,Oficina Alemania,locality,-25.15592,-69.90702,1773,64.2
taltal,oficina-atacama,Oficina Atacama,locality,-25.20217,-69.84178,1919,67.9
taltal,oficina-ballena,Oficina Ballena,locality,-25.29046,-69.67408,2152,81.2
taltal,oficina-ballena-2,Oficina Ballena,locality,-25.30818,-69.68534,2095,79.7
taltal,oficina-britania,Oficina Britania,locality,-25.31471,-69.86963,1942,61.4
taltal,oficina-catalina-del-sur,Oficina Catalina del Sur,locality,-25.49389,-69.78196,1840,69.1
taltal,oficina-caupolican,Oficina Caupolicán,locality,-25.20009,-69.71991,2203,79.4
taltal,oficina-chile,Oficina Chile,locality,-25.1657,-69.85767,1837,68.1
taltal,oficina-esperanza,Oficina Esperanza,locality,-25.34358,-69.72251,1989,75.4
taltal,oficina-flor-de-chile,Oficina Flor de Chile,locality,-25.32935,-69.81149,1864,66.8
taltal,oficina-ghyzela,Oficina Ghyzela,locality,-25.36911,-69.7541,1903,71.9
taltal,oficina-lautaro,Oficina Lautaro,locality,-25.23734,-69.82142,2001,68.4
taltal,oficina-miraflores,Oficina Miraflores,locality,-25.46847,-69.80083,1812,67.0
taltal,oficina-moreno,Oficina Moreno,locality,-25.05964,-69.87995,2018,72.2
taltal,oficina-rosario,Oficina Rosario,locality,-25.23333,-69.78333,2069,72.2
taltal,oficina-salinitas,Oficina Salinitas,locality,-25.05,-69.98333,1976,64.7
taltal,oficina-salinitas-2,Oficina Salinitas,locality,-25.04152,-69.94758,1925,68.0
taltal,oficina-tricolor,Oficina Tricolor,locality,-25.35509,-69.88789,1746,58.8
taltal,pampa-anita,Pampa Anita,locality,-24.9,-69.73333,2291,94.7
taltal,pampa-elena,Pampa Elena,locality,-24.86667,-69.81667,2186,90.8
taltal,pampa-fidelia,Pampa Fidelia,locality,-24.95,-69.66667,2514,96.8
taltal,pampa-nacha,Pampa Nacha,locality,-24.944,-69.88332,2154,80.0
taltal,pampa-yolanda,Pampa Yolanda,locality,-24.96667,-70.15,2333,60.9
taltal,paposo,Paposo,village,-25.00944,-70.46534,16,47.1
taltal,paradero-san-juan,Paradero San Juan,locality,-25.59716,-69.71457,1998,77.6
taltal,paso-malo,Paso Malo,locality,-25.34642,-70.44518,0,9.9
taltal,placilla-de-esmeralda,Placilla de Esmeralda,locality,-25.89666,-70.5675,471,52.5
taltal,porfia,Porfía,locality,-25.24458,-69.62938,2315,86.7
taltal,posada-de-los-hidalgos,Posada de los Hidalgos,locality,-25.76837,-70.54773,559,38.1
taltal,sierra-overa,Sierra Overa,locality,-25.76667,-70.08333,1171,53.4
temuco,altos-de-labranza,Altos de Labranza,neighbourhood,-38.7613,-72.77557,66,16.3
temuco,amanecer,Amanecer,neighbourhood,-38.75633,-72.62414,91,3.5
temuco,brisas-de-labranza,Brisas de Labranza,neighbourhood,-38.76854,-72.74549,60,13.8
temuco,coihueco,Coihueco,neighbourhood,-38.72336,-72.62047,128,3.2
temuco,el-bosque,El Bosque,neighbourhood,-38.72274,-72.63273,131,4.2
temuco,fundacion-chol-chol,Fundacion Chol Chol,locality,-38.76712,-72.79654,62,18.2
temuco,isla-cautin,Isla Cautín,locality,-38.74682,-72.59257,97,0.8
temuco,jardin-de-los-naranjos,Jardín de los Naranjos,neighbourhood,-38.75423,-72.66209,92,6.4
temuco,juan-pablo-ii,Juan Pablo II,neighbourhood,-38.7488,-72.62981,103,3.6
temuco,labranza,Labranza,town,-38.76654,-72.75342,62,14.5
temuco,las-mariposas,Las Mariposas,neighbourhood,-38.6929,-72.54706,148,6.4
temuco,las-tranqueras,Las Tranqueras,neighbourhood,-38.71275,-72.54951,112,4.6
temuco,lircay,Lircay,locality,-38.7195,-72.68884,167,8.9
temuco,lomas-de-mirasur,Lomas de Mirasur,neighbourhood,-38.73297,-72.63603,108,4.1
temuco,lomas-de-ralun,Lomas de Ralún,neighbourhood,-38.70906,-72.64831,157,6.1
temuco,lomas-del-carmen,Lomas del Carmen,neighbourhood,-38.72776,-72.65455,147,5.8
temuco,los-castanos,Los Castaños,neighbourhood,-38.76689,-72.76507,56,15.5
temuco,los-nogales,Los Nogales,neighbourhood,-38.76682,-72.67605,75,8.0
temuco,mirador-de-la-frontera,Mirador de La Frontera,neighbourhood,-38.74011,-72.6512,97,5.3
temuco,nuestra-senora-del-carmen,Nuestra Señora del Carmen,neighbourhood,-38.7121,-72.6644,152,7.1
temuco,nueva-galicia,Nueva Galicia,neighbourhood,-38.75873,-72.63855,86,4.7
temuco,parque-costanera-ii,Parque Costanera II,neighbourhood,-38.70602,-72.54063,113,5.7
temuco,parque-don-rosauro,Parque Don Rosauro,neighbourhood,-38.71234,-72.55445,119,4.4
temuco,portal-de-la-frontera,Portal de la Frontera,neighbourhood,-38.74805,-72.64652,98,5.0
temuco,portal-san-francisco,Portal San Francisco,village,-38.68839,-72.65641,171,8.1
temuco,reduccion-bolleco,Reducción Bolleco,locality,-38.6381,-72.72347,187,16.2
temuco,reduccion-paillao,Reducción Paillao,locality,-38.72918,-72.72323,137,11.6
temuco,reduccion-tranalhue,Reducción Tranalhue,locality,-38.71194,-72.7776,33,16.6
temuco,san-antonio,San Antonio,neighbourhood,-38.74361,-72.57915,98,1.0
temuco,san-jose-de-lanin,San José de Lanín,neighbourhood,-38.72037,-72.60799,112,2.7
temuco,santa-elena-de-maipo,Santa Elena de Maipo,neighbourhood,-38.75568,-72.64992,84,5.5
temuco,trabunco,Trabunco,locality,-38.63933,-72.6422,131,12.1
temuco,tromen-huichucon,Tromén Huichucón,locality,-38.70877,-72.79498,33,18.1
temuco,villa-carmen-de-las-rosas,Villa Carmen de Las Rosas,village,-38.77148,-72.80071,50,18.6
temuco,vista-volcan,Vista Volcán,neighbourhood,-38.69346,-72.52821,123,7.4
teno,comalle,Comalle,village,-34.84834,-71.27148,227,8.3
teno,domingo-mansilla,Domingo Mansilla,village,-34.89316,-71.13258,314,5.5
teno,don-alvaro,Don Álvaro,neighbourhood,-34.87543,-71.16557,287,1.9
teno,el-cisne,El Cisne,village,-34.84239,-71.05751,311,11.8
teno,el-quelmen,El Quelmén,village,-34.83352,-71.09836,295,8.6
teno,hacienda-teno,Hacienda Teno,village,-34.87834,-71.22574,249,4.1
teno,la-felicidad,La Felicidad,neighbourhood,-34.86651,-71.15781,291,2.3
teno,la-laguna,La Laguna,village,-34.95864,-70.97307,494,21.7
teno,las-liras,Las Liras,village,-34.86603,-71.0209,341,14.8
teno,san-leon-de-morza,San León de Morza,village,-34.8298,-71.00028,302,17.2
teno,santa-adela,Santa Adela,village,-34.92404,-71.02501,426,15.8
teno,santa-blanca,Santa Blanca,village,-34.91884,-71.03076,418,15.1
teno,santa-rebeca,Santa Rebeca,village,-34.86456,-71.06506,349,10.8
teno,santa-susana,Santa Susana,village,-34.9178,-71.03312,416,14.8
teno,ventana-del-bajo,Ventana del Bajo,village,-34.91546,-71.07644,363,11.2
teno,viluco,Viluco,village,-34.89628,-71.15935,293,4.0
teodoro-schmidt,barros-arana,Barros Arana,village,-38.98585,-72.92138,59,16.7
teodoro-schmidt,el-resplandor,El Resplandor,neighbourhood,-39.0828,-73.19322,19,12.8
teodoro-schmidt,hualpin,Hualpín,village,-39.09155,-73.181,15,13.2
teodoro-schmidt,laguepulli,Laguepulli,locality,-38.94597,-73.27709,8,14.7
tierra-amarilla,angostura,Angostura,locality,-27.56157,-69.45499,3135,80.7
tierra-amarilla,cachitos,Cachitos,locality,-27.88573,-69.42434,3116,95.1
tierra-amarilla,checo-de-plata,Checo de Plata,locality,-27.53333,-70.15,1247,13.7
tierra-amarilla,cuevitas,Cuevitas,locality,-27.92636,-69.36536,3241,102.4
tierra-amarilla,don-goyo,Don Goyo,locality,-28.35,-69.85,3928,106.4
tierra-amarilla,juntas-de-coplapo,Juntas de Coplapó,locality,-28.03335,-69.98137,1207,69.0
tierra-amarilla,la-brea,La Brea,locality,-28.14035,-69.64624,2602,96.6
tierra-amarilla,los-graneros,Los Graneros,locality,-28.31667,-69.96667,2328,99.0
tierra-amarilla,los-loros,Los Loros,village,-27.83119,-70.10793,955,43.4
tierra-amarilla,los-realitos,Los Realitos,locality,-28.42917,-69.77889,3525,117.3
tierra-amarilla,nantoco,Nantoco,village,-27.53961,-70.27061,547,8.1
tierra-amarilla,port-de-contarito,Port de Contarito,locality,-28.6225,-69.8425,3961,135.1
tierra-amarilla,punta-del-cobre,Punta del Cobre,neighbourhood,-27.50021,-70.2658,510,3.7
tierra-amarilla,tamberia,Tambería,locality,-28.46667,-69.78333,4388,120.9
tierra-amarilla,tamberia-2,Tambería,locality,-27.8582,-69.46244,3054,90.4
tiltil,alto-el-manzano,Alto El Manzano,village,-33.16275,-70.7893,584,16.1
tiltil,caracha,Caracha,locality,-33.07125,-71.01783,1301,8.0
tiltil,el-sauce,El Sauce,neighbourhood,-33.09231,-70.93019,577,1.0
tiltil,huertos-familiares,Huertos Familiares,village,-33.13591,-70.79873,556,13.8
tiltil,la-finca,La Finca,locality,-33.05,-70.95,1191,4.0
tiltil,montenegro,Montenegro,village,-32.96658,-70.83611,756,15.8
tiltil,polpaico,Polpaico,village,-33.17062,-70.88919,526,10.5
tiltil,rungue,Rungue,village,-33.00828,-70.88988,707,9.3
tiltil,santa-matilde,Santa Matilde,village,-33.1112,-70.79265,565,13.5
timaukel,aserradero-la-paciencia,Aserradero La Paciencia,locality,-54.3695,-69.16211,8,91.8
timaukel,estancia-almirantazgo,Estancia Almirantazgo,locality,-54.46144,-69.08707,43,103.1
timaukel,paso-rio-bellavista,Paso Río Bellavista,locality,-54.00013,-68.60752,107,92.6
timaukel,puerto-condor,Puerto Cóndor,locality,-53.97621,-70.09665,0,36.8
tirua,la-campana,La Campana,locality,-38.33693,-73.40599,30,8.2
tirua,morla-vicuna,Morla Vicuña,locality,-38.25,-73.5,25,9.3
tirua,quidico,Quidico,village,-38.25024,-73.48586,26,9.3
tocopilla,caleta-boy,Caleta Boy,neighbourhood,-22.10887,-70.21416,4,2.9
tocopilla,caleta-la-cuchara,Caleta La Cuchara,locality,-21.90901,-70.17835,14,20.1
tocopilla,colupito,Colupito,locality,-22.21325,-69.96857,1396,27.2
tocopilla,estacion-central,Estación Central,locality,-22.15218,-69.96302,1382,25.0
tocopilla,estacion-tigre,Estación Tigre,locality,-22.1612,-70.00226,1296,21.5
tocopilla,la-posada,La Posada,locality,-21.85713,-69.93029,1692,37.6
tocopilla,las-tres-marias,Las Tres Marías,neighbourhood,-22.06099,-70.18511,60,3.3
tocopilla,minera-san-andres,Minera San Andrés,locality,-22.52979,-70.24945,10,49.3
tocopilla,ojeda,Ojeda,locality,-22.11083,-69.86847,1496,33.8
tocopilla,refugio-fraguita,Refugio Fragüita,locality,-22.36265,-70.24946,39,30.9
tome,altos-de-miramar,Altos de Miramar,neighbourhood,-36.60686,-72.96959,105,1.6
tome,caleta-grande,Caleta Grande,neighbourhood,-36.59314,-72.97709,15,3.2
tome,cerro-el-santo,Cerro El Santo,neighbourhood,-36.61595,-72.93911,187,1.6
tome,cerro-estanque,Cerro Estanque,neighbourhood,-36.61042,-72.94874,72,1.1
tome,cerro-litril,Cerro Litril,neighbourhood,-36.54866,-72.94784,55,7.7
tome,crucero-los-almendros,Crucero Los Almendros,locality,-36.51195,-72.81914,358,17.0
tome,dichato,Dichato,town,-36.54863,-72.93644,9,7.8
tome,el-morro,El Morro,neighbourhood,-36.61781,-72.96036,4,0.3
tome,frutillares,Frutillares,neighbourhood,-36.59961,-72.95305,112,2.0
tome,la-florentina,La Florentina,neighbourhood,-36.63683,-72.95264,3,2.2
tome,la-junta,La Junta,neighbourhood,-36.63829,-72.94958,4,2.5
tome,menque,Menque,village,-36.55573,-72.8655,47,10.7
tome,pingueral,Pingueral,neighbourhood,-36.53112,-72.93033,6,9.9
tome,punta-de-parra,Punta de Parra,village,-36.67352,-72.96478,184,6.3
tome,rafael,Rafael,village,-36.63146,-72.79189,192,14.9
tome,santa-guacolda,Santa Guacolda,locality,-36.70217,-72.90783,265,10.4
torres-del-paine,campo-esmeralda,Campo Esmeralda,locality,-51.19754,-73.04367,53,48.9
torres-del-paine,isla-de-los-hielos,Isla de los Hielos,locality,-51.11285,-73.11425,74,55.9
torres-del-paine,paso-rio-don-guillermo,Paso Río Don Guillermo,locality,-51.24591,-72.25894,257,6.7
tortel,animales,Animales,locality,-47.83333,-73.46667,892,7.5
tortel,bajo-pascua,Bajo Pascua,locality,-48.22884,-73.21582,8,51.1
tortel,caleta-puerto-alegre,Caleta Puerto Alegre,locality,-47.7477,-73.24153,29,26.1
traiguen,bajo-castillo,Bajo Castillo,neighbourhood,-38.23943,-72.66148,192,2.2
traiguen,el-retiro,El Retiro,suburb,-38.26125,-72.6683,170,1.8
traiguen,fundo-las-hortensias,Fundo Las Hortensias,locality,-38.31142,-72.83908,276,15.2
traiguen,quechereguas,Quechereguas,locality,-38.11438,-72.5054,186,21.7
traiguen,santa-ines,Santa Inés,suburb,-38.24372,-72.68132,177,0.7
treguaco,hernan-branas,Hernán Brañas,village,-36.46925,-72.68885,33,4.5
treguaco,los-copihues,Los Copihues,neighbourhood,-36.4316,-72.68113,21,1.3
treguaco,trehuaco,Trehuaco,village,-36.4307,-72.66582,20,0.3
tucapel,huepil,Huépil,town,-37.24019,-71.94187,304,4.9
tucapel,polcura,Polcura,village,-37.28734,-71.72409,516,20.0
tucapel,trupan,Trupán,village,-37.27616,-71.83506,512,10.2
valdivia,alto-guacamayo,Alto Guacamayo,neighbourhood,-39.85269,-73.25128,8,4.3
valdivia,altos-de-mahuiza-i,Altos de Mahuiza I,neighbourhood,-39.84848,-73.24552,11,3.8
valdivia,altos-de-mahuiza-ii,Altos de Mahuiza II,neighbourhood,-39.85211,-73.2436,10,4.2
valdivia,asturias,Asturias,neighbourhood,-39.83011,-73.24292,16,1.8
valdivia,collico,Collico,suburb,-39.80664,-73.20819,5,3.3
valdivia,corvi,Corvi,neighbourhood,-39.83131,-73.21126,11,3.5
valdivia,cuesta-de-la-barra,Cuesta de la Barra,neighbourhood,-39.95154,-73.10027,114,19.7
valdivia,el-arenal,El Arenal,village,-39.77465,-73.20337,12,5.7
valdivia,estancilla,Estancilla,neighbourhood,-39.84402,-73.30482,14,6.0
valdivia,isla-teja,Isla Teja,suburb,-39.81061,-73.25824,9,1.1
valdivia,las-animas,Las Ánimas,suburb,-39.81271,-73.22268,6,2.0
valdivia,las-gaviotas,Las Gaviotas,neighbourhood,-39.8792,-73.17981,7,9.2
valdivia,los-notros,Los Notros,neighbourhood,-39.82448,-73.27726,69,2.9
valdivia,los-trones,Los Trones,neighbourhood,-39.78681,-73.22273,13,3.6
valdivia,niebla,Niebla,town,-39.87049,-73.40048,32,14.6
valdivia,parque-krahmer,Parque Krahmer,neighbourhood,-39.83211,-73.22497,11,2.7
valdivia,pino-huacho,Pino Huacho,village,-39.86527,-73.37313,53,12.3
valdivia,playa-rosada,Playa Rosada,neighbourhood,-39.82591,-73.40294,36,13.5
valdivia,poste-4,Poste 4,neighbourhood,-39.85574,-73.19079,7,6.6
valdivia,riberas-de-miraflores,Riberas de Miraflores,neighbourhood,-39.8703,-73.24618,4,6.2
valdivia,san-pablo,San Pablo,neighbourhood,-39.85166,-73.22079,11,4.7
valdivia,silos-de-torobayo,Silos de Torobayo,neighbourhood,-39.83273,-73.26788,17,2.8
valdivia,simon-bolivar,Simón Bolívar,neighbourhood,-39.82026,-73.20763,15,3.3
valdivia,spf-chicken-coop,SPF Chicken coop,neighbourhood,-39.79962,-73.25831,13,1.9
valdivia,torobayo,Torobayo,neighbourhood,-39.84029,-73.27769,12,4.0
valdivia,tres-espinos,Tres Espinos,locality,-39.86256,-73.36544,73,11.5
valdivia,villa-santa-maria,Villa Santa María,village,-39.84416,-73.21136,10,4.4
vallenar,agua-amarga,Agua Amarga,locality,-28.83172,-70.73374,1181,28.7
vallenar,agua-amarga-2,Agua Amarga,locality,-28.80036,-70.76673,1032,25.1
vallenar,agua-de-doro,Agua de Doro,locality,-29.23333,-71.1,1178,80.3
vallenar,altos-del-valle,Altos del Valle,neighbourhood,-28.58054,-70.76757,420,0.8
vallenar,arenilla,Arenilla,locality,-29.25,-71.1,1058,82.0
vallenar,domeyko,Domeyko,village,-28.95513,-70.89333,773,44.2
vallenar,el-bronce,El Bronce,locality,-28.4,-70.3,2123,49.1
vallenar,el-zapallo,El Zapallo,locality,-28.72477,-70.83804,660,18.2
vallenar,el-zapallo-2,El Zapallo,locality,-28.46667,-70.5,1867,28.3
vallenar,higuerita,Higuerita,locality,-28.30194,-70.29556,1527,54.8
vallenar,jarilla,Jarilla,locality,-28.41667,-70.38333,1392,40.9
vallenar,la-arena,La Arena,locality,-28.41667,-70.63333,935,21.6
vallenar,la-laja,La Laja,locality,-28.67401,-70.60395,696,18.9
vallenar,la-verde,La Verde,locality,-29.06667,-70.83333,1094,55.1
vallenar,llanos-de-ferrera,Llanos de Ferrera,neighbourhood,-28.56287,-70.80757,375,4.7
vallenar,milla-quince,Milla Quince,locality,-28.06667,-70.68333,360,57.1
vallenar,palo-blanco,Palo Blanco,locality,-29.18333,-71.1,1261,75.2
vallenar,rincon,Rincón,locality,-28.89436,-70.74942,1178,35.5
vallenar,romero,Romero,locality,-28.66613,-70.76659,616,10.1
valparaiso,almendral,Almendral,suburb,-33.04687,-71.61294,9,0.6
valparaiso,alto-del-puerto,Alto del Puerto,neighbourhood,-33.08755,-71.58412,394,5.7
valparaiso,cabrales,Cabrales,neighbourhood,-33.05304,-71.56473,281,5.2
valparaiso,cerro-alegre,Cerro Alegre,neighbourhood,-33.04341,-71.62984,92,1.0
valparaiso,cerro-molino,Cerro Molino,neighbourhood,-33.0512,-71.59873,48,2.0
valparaiso,cerro-monjas,Cerro Monjas,neighbourhood,-33.05295,-71.6154,104,0.9
valparaiso,cerro-polanco,Cerro Polanco,neighbourhood,-33.04983,-71.59714,89,2.1
valparaiso,cuarto-sector,Cuarto Sector,neighbourhood,-33.047,-71.64893,280,2.7
valparaiso,cuesta-colorada,Cuesta Colorada,neighbourhood,-33.06763,-71.59726,236,3.2
valparaiso,curauma,Curauma,suburb,-33.12742,-71.56966,335,10.2
valparaiso,el-vergel,El Vergel,neighbourhood,-33.06954,-71.61085,322,2.7
valparaiso,la-foresta-de-curauma,La Foresta de Curauma,neighbourhood,-33.13597,-71.57444,362,10.8
valparaiso,la-puntilla,La Puntilla,neighbourhood,-33.03626,-71.59757,14,2.3
valparaiso,laguna-verde,Laguna Verde,village,-33.10456,-71.66756,8,7.9
valparaiso,lomas-de-curauma,Lomas de Curauma,neighbourhood,-33.1436,-71.56635,359,11.9
valparaiso,lomas-de-rodelillo,Lomas de Rodelillo,neighbourhood,-33.06551,-71.56642,320,5.4
valparaiso,manuel-rodriguez,Manuel Rodríguez,neighbourhood,-33.07264,-71.58356,260,4.5
valparaiso,manzana-h,Manzana H,neighbourhood,-33.06502,-71.62475,339,2.2
valparaiso,nuevo-placilla,Nuevo Placilla,neighbourhood,-33.11529,-71.55377,346,9.8
valparaiso,parque-industrial-valparaiso,Parque Industrial Valparaíso,neighbourhood,-33.09474,-71.60193,426,5.7
valparaiso,placeres,Placeres,suburb,-33.04716,-71.57841,193,3.9
valparaiso,placilla-de-penuelas,Placilla de Peñuelas,town,-33.11489,-71.56798,328,9.0
valparaiso,playa-ancha,Playa Ancha,suburb,-33.02845,-71.63787,89,2.6
valparaiso,porvenir-bajo,Porvenir Bajo,neighbourhood,-33.0337,-71.65191,118,3.3
valparaiso,puerta-del-sol,Puerta del Sol,neighbourhood,-33.12207,-71.58068,329,9.2
valparaiso,quinto-sector,Quinto Sector,neighbourhood,-33.0482,-71.65275,263,3.1
valparaiso,rodelillo,Rodelillo,suburb,-33.05771,-71.57637,226,4.2
valparaiso,san-roque,San Roque,suburb,-33.06309,-71.58613,168,3.7
valparaiso,valle-verde,Valle Verde,neighbourhood,-33.05611,-71.64382,341,2.5
vichuquen,el-rodeo,El Rodeo,locality,-34.78333,-72.08333,201,13.5
vichuquen,higuerilla,Higuerilla,locality,-34.86809,-72.10177,336,9.4
vichuquen,las-conchas,Las Conchas,neighbourhood,-34.77593,-72.05618,14,13.0
vichuquen,llico,Llico,village,-34.76644,-72.07463,3,14.7
vichuquen,los-treiles,Los Treiles,locality,-34.88333,-72.13333,36,12.2
vichuquen,santa-rosa,Santa Rosa,neighbourhood,-34.84085,-72.05274,50,6.7
victoria,bajo-traiguen,Bajo Traiguén,neighbourhood,-38.22293,-72.32457,344,1.0
victoria,colonia-pehuenco,Colonia Pehuenco,locality,-38.34104,-72.01246,613,31.2
victoria,fundo-santa-maria,Fundo Santa María,locality,-38.36246,-72.34237,329,16.2
victoria,isla-de-meco,Isla de Meco,locality,-38.44116,-72.19721,319,27.6
victoria,pua,Púa,village,-38.33524,-72.37543,311,13.7
victoria,quino,Quino,village,-38.34003,-72.49915,256,19.9
victoria,santa-florentina,Santa Florentina,neighbourhood,-38.23677,-72.31714,335,2.6
victoria,selva-oscura,Selva Oscura,village,-38.36856,-72.16656,451,22.3
vicuna,aguas-del-volcan,Aguas del Volcán,locality,-30.0,-70.01667,3769,65.8
vicuna,aguas-termales-la-hedionda,Aguas Termales La Hedionda,locality,-29.91734,-69.99141,3247,69.1
vicuna,andacollito,Andacollito,village,-30.02527,-70.62387,737,7.4
vicuna,aparejito,Aparejito,locality,-30.13333,-70.56667,3069,18.2
vicuna,balada,Balada,locality,-29.91667,-70.21667,4115,47.9
vicuna,calingasta,Calingasta,neighbourhood,-30.02318,-70.69215,697,1.0
vicuna,cerro-tololo,Cerro Tololo,locality,-30.1695,-70.80674,2184,19.9
vicuna,cortadera,Cortadera,locality,-29.88622,-70.74336,1614,15.1
vicuna,gemini-sur,Gemini Sur,locality,-30.2419,-70.73845,2684,25.3
vicuna,gualliguaica,Gualliguaica,village,-30.00432,-70.81665,547,11.3
vicuna,hierro-viejo,Hierro Viejo,neighbourhood,-30.03144,-70.70221,636,1.7
vicuna,infernillo,Infernillo,locality,-30.27259,-69.96968,3315,75.8
vicuna,la-calera,La Calera,village,-29.99833,-70.99185,321,28.2
vicuna,la-colorada,La Colorada,locality,-30.26145,-69.99574,3237,73.0
vicuna,la-gitana,La Gitana,locality,-30.21945,-69.91928,3684,78.4
vicuna,la-toroya,La Toroya,locality,-29.93754,-70.07037,2387,61.3
vicuna,la-vinita,La Viñita,neighbourhood,-30.02383,-70.72633,618,2.7
vicuna,las-guias,Las Guías,locality,-30.25,-71.01667,1198,40.0
vicuna,las-juntas,Las Juntas,locality,-30.03715,-70.99332,322,28.3
vicuna,las-trancas,Las Trancas,locality,-29.4,-70.3,2396,78.7
vicuna,llano-la-liebros,Llano La Liebros,locality,-30.25786,-69.93829,3547,78.0
vicuna,los-coralles,Los Coralles,locality,-30.15741,-69.87894,4007,80.5
vicuna,lourdes,Lourdes,village,-30.04636,-70.66282,734,4.9
vicuna,marquesa,Marquesa,village,-29.96468,-70.97265,328,26.9
vicuna,matancilla,Matancilla,locality,-29.47556,-70.27222,2834,73.0
vicuna,miraflores,Miraflores,locality,-30.01667,-70.18333,3806,49.7
vicuna,nueva-talcuna,Nueva Talcuna,village,-29.95334,-70.96942,367,26.9
vicuna,rivadavia,Rivadavia,village,-29.97712,-70.5595,819,14.2
vicuna,villaseca,Villaseca,village,-30.04369,-70.67945,723,3.6
vicuna,yumbe,Yumbe,locality,-30.07847,-70.61,1296,11.1
vilcun,arquenco,Arquenco,locality,-38.71962,-72.39469,194,44.4
vilcun,cajon,Cajón,village,-38.67756,-72.50318,139,50.2
vilcun,cherquenco,Cherquenco,village,-38.68563,-72.00386,519,58.1
vilcun,collin-alto,Collín Alto,locality,-38.56797,-72.24656,301,62.3
vilcun,general-lopez,General López,village,-38.69067,-72.36261,209,47.6
vilcun,llamuco,Llamuco,locality,-38.68622,-72.46115,169,48.6
vilcun,refugio-llaima,Refugio Llaima,locality,-38.69995,-71.80477,1497,68.1
vilcun,san-patricio,San Patricio,village,-38.661,-72.1156,395,55.7
vilcun,ski-araucarias,Ski Araucarias,locality,-38.6856,-71.80092,1464,69.4
vilcun,vilcun,Vilcún,town,-38.6704,-72.22408,293,51.6
villa-alegre,bernardo-o-higgins,Bernardo O'Higgins,neighbourhood,-35.66978,-71.73686,101,1.2
villa-alegre,don-jorge-iii,Don Jorge III,neighbourhood,-35.69004,-71.72694,103,3.3
villa-alegre,don-sebastian,Don Sebastián,neighbourhood,-35.67691,-71.74779,95,1.2
villa-alegre,esperanza,Esperanza,village,-35.69202,-71.61444,149,12.6
villa-alegre,estacion-villa-alegre,Estación Villa Alegre,village,-35.69427,-71.67758,123,7.2
villa-alegre,la-nueva-union,La Nueva Unión,neighbourhood,-35.68713,-71.73825,99,2.5
villa-alegre,lagunillas,Lagunillas,village,-35.65252,-71.65339,134,8.9
villa-alegre,loma-de-las-tortillas,Loma de las Tortillas,village,-35.6229,-71.74688,90,4.9
villa-alegre,putagan,Putagán,village,-35.766,-71.6655,118,13.4
villa-alegre,valles-villa-alegre,Valles Villa Alegre,neighbourhood,-35.67706,-71.75071,93,1.2
villa-alemana,alta-las-vegas,Alta Las Vegas,neighbourhood,-33.03063,-71.39251,167,2.2
villa-alemana,el-carmen,El Carmen,neighbourhood,-33.05483,-71.33806,178,3.6
villa-alemana,el-paramo,El Páramo,neighbourhood,-33.0361,-71.34972,183,2.4
villa-alemana,el-peumo,El Peumo,neighbourhood,-33.06297,-71.36904,159,2.3
villa-alemana,penablanca,Peñablanca,suburb,-33.04535,-71.35811,150,1.5
villa-alemana,puyaral,Puyaral,neighbourhood,-33.06269,-71.39572,161,3.0
villa-alemana,villarrica,Villarrica,neighbourhood,-33.04505,-71.38294,140,0.8
villarrica,altos-de-villarrica,Altos de Villarrica,neighbourhood,-39.29841,-72.23418,290,2.3
villarrica,amanecer,Amanecer,neighbourhood,-39.29696,-72.2179,254,2.3
villarrica,asquinco,Asquinco,locality,-39.50174,-72.23416,237,24.9
villarrica,comite-bellavista,Comité Bellavista,neighbourhood,-39.30443,-72.20798,314,3.4
villarrica,lican-ray,Licán Ray,village,-39.48972,-72.15539,212,24.3
villarrica,los-copihues-de-molco,Los Copihues de Molco,neighbourhood,-39.34258,-72.08707,390,14.0
villarrica,nancul,Ñancul,village,-39.28163,-72.30864,257,7.0
villarrica,rucalhue,Rucalhue,neighbourhood,-39.27627,-72.23917,256,1.0
villarrica,santa-magdalena,Santa Magdalena,locality,-39.29314,-72.27454,268,4.4
villarrica,santa-rosa-de-trapel,Santa Rosa de Trapel,neighbourhood,-39.46296,-72.17187,353,21.1
villarrica,socorros-mutuos,Socorros Mutuos,neighbourhood,-39.2872,-72.22375,229,1.1
villarrica,volcanes-de-chile,Volcanes de Chile,neighbourhood,-39.3044,-72.22443,296,2.9
vina-del-mar,ampliacion-villa-dulce,Ampliación Villa Dulce,neighbourhood,-33.02526,-71.50732,251,4.1
vina-del-mar,brisas-del-mar,Brisas del Mar,neighbourhood,-32.99059,-71.50537,159,5.7
vina-del-mar,el-encanto,El Encanto,neighbourhood,-32.95909,-71.54709,74,7.3
vina-del-mar,forestal,Forestal,suburb,-33.03857,-71.54282,132,1.8
vina-del-mar,gomez-carreno,Gómez Carreño,suburb,-32.99213,-71.52244,200,4.5
vina-del-mar,lajarilla,Lajarilla,neighbourhood,-32.98044,-71.49754,184,7.0
vina-del-mar,las-palmas-chilenas,Las Palmas Chilenas,neighbourhood,-33.06158,-71.53593,306,4.4
vina-del-mar,las-salinas,Las Salinas,neighbourhood,-32.99893,-71.54837,0,2.9
vina-del-mar,las-tomas,Las Tomas,neighbourhood,-33.0046,-71.48026,300,7.0
vina-del-mar,las-torres,Las Torres,neighbourhood,-33.04734,-71.539,244,2.8
vina-del-mar,las-torres-2,Las Torres,neighbourhood,-33.02636,-71.47886,234,6.8
vina-del-mar,lomas-de-chorrillos,Lomas de Chorrillos,neighbourhood,-33.04108,-71.52837,101,2.9
vina-del-mar,los-almendros,Los Almendros,neighbourhood,-32.96545,-71.52254,145,7.1
vina-del-mar,los-almendros-b,Los Almendros B,neighbourhood,-33.01903,-71.49732,265,5.1
vina-del-mar,los-pinos,Los Pinos,neighbourhood,-32.9593,-71.53537,131,7.4
vina-del-mar,mirador-de-montemar,Mirador de Montemar,neighbourhood,-32.94977,-71.54134,117,8.4
vina-del-mar,miraflores,Miraflores,suburb,-33.02628,-71.52018,172,3.0
vina-del-mar,miramar,Miramar,neighbourhood,-33.02547,-71.56457,36,1.2
vina-del-mar,nueva-aurora,Nueva Aurora,suburb,-33.04549,-71.56522,268,2.6
vina-del-mar,nueva-granadilla,Nueva Granadilla,neighbourhood,-33.00611,-71.51919,188,3.7
vina-del-mar,recreo,Recreo,suburb,-33.03028,-71.57568,46,2.3
vina-del-mar,renaca,Reñaca,suburb,-32.97153,-71.54371,8,5.9
vina-del-mar,renaca-alto,Reñaca Alto,suburb,-32.9968,-71.48837,210,6.7
vina-del-mar,santa-julia,Santa Julia,suburb,-33.00577,-71.50066,207,5.2
vitacura,el-dorado,El Dorado,neighbourhood,-33.38936,-70.55304,727,4.5
vitacura,jardin-del-este,Jardín del Este,neighbourhood,-33.39122,-70.58315,678,1.8
vitacura,lo-castillo,Lo Castillo,neighbourhood,-33.40044,-70.59302,656,0.7
vitacura,lo-curro,Lo Curro,neighbourhood,-33.36936,-70.55821,806,5.2
vitacura,santa-maria-de-manquehue,Santa María de Manquehue,neighbourhood,-33.37398,-70.57067,708,4.0
vitacura,tabancura,Tabancura,neighbourhood,-33.3802,-70.53409,769,6.5
yerbas-buenas,abranquil,Abránquil,village,-35.747,-71.54541,158,3.4
yerbas-buenas,brilla-el-sol,Brilla El Sol,neighbourhood,-35.74146,-71.583,148,1.0
yerbas-buenas,cinco-caminos,Cinco Caminos,village,-35.62251,-71.49812,214,16.1
yerbas-buenas,el-esfuerzo,El Esfuerzo,village,-35.62676,-71.542,197,14.2
yerbas-buenas,lagunillas-de-arquen,Lagunillas de Arquén,neighbourhood,-35.6515,-71.56146,184,11.1
yerbas-buenas,las-acacias,Las Acacias,village,-35.61711,-71.54191,196,15.2
yerbas-buenas,maitencillo-adentro,Maitencillo Adentro,village,-35.64826,-71.50484,216,13.3
yerbas-buenas,maitencillo-afuera,Maitencillo Afuera,village,-35.66992,-71.48353,217,12.7
yerbas-buenas,penuelas,Peñuelas,village,-35.65663,-71.57448,174,10.4
yerbas-buenas,san-carlos-de-arquen,San Carlos de Arquén,neighbourhood,-35.66657,-71.5724,178,9.3
yerbas-buenas,santa-ana-de-queri,Santa Ana de Queri,village,-35.62286,-71.46118,242,17.9
yerbas-buenas,santa-elena,Santa Elena,village,-35.69859,-71.55295,172,6.3
yerbas-buenas,semillero,Semillero,village,-35.67018,-71.46338,228,14.0
yumbel,estacion-yumbel,Estación Yumbel,village,-37.14428,-72.53955,93,1.3
yumbel,la-aguada,La Aguada,village,-37.20819,-72.43671,113,11.9
yumbel,paso-inferior-paso-hondo,Paso inferior Paso Hondo,locality,-37.00235,-72.54247,106,14.6
yumbel,rere,Rere,village,-37.13309,-72.72734,137,17.2
yumbel,rio-claro,Río Claro,village,-37.20346,-72.62073,74,11.0
yungay,campanario,Campanario,village,-37.13411,-72.1892,184,15.4
yungay,cholguan,Cholguán,village,-37.16578,-72.07246,228,7.4
yungay,las-lagunas,Las Lagunas,locality,-37.10385,-71.58917,1618,37.9
yungay,los-castanos,Los Castaños,neighbourhood,-37.11617,-72.03982,248,2.1
yungay,santa-elena,Santa Elena,neighbourhood,-37.12462,-72.01961,264,0.9
yungay,tres-esquinas,Tres Esquinas,neighbourhood,-37.13466,-72.01116,269,2.1
zapallar,beranda,Beranda,neighbourhood,-32.5963,-71.43567,62,9.0
zapallar,cachagua,Cachagua,village,-32.57961,-71.45309,52,10.7
zapallar,catapilco,Catapilco,village,-32.56667,-71.27784,99,6.4
zapallar,coligues,Coligües,locality,-32.59011,-71.27499,145,6.1
zapallar,el-boldo,El Boldo,neighbourhood,-32.54426,-71.46043,99,12.4
zapallar,la-laguna-de-zapallar,La Laguna de Zapallar,village,-32.63049,-71.42457,5,9.1
zapallar,los-callejas,Los Callejas,neighbourhood,-32.61256,-71.42831,162,8.6
zapallar,zapallar,Zapallar,town,-32.55283,-71.45882,36,11.9
