Santiago	city	-33.4376995	-70.6510671
La Serena	city	-29.9027050	-71.2519575
Coquimbo	city	-29.9531851	-71.3379503
Viña del Mar	city	-33.0244535	-71.5517636
Talca	city	-35.4265343	-71.6660322
Puerto Montt	city	-41.4717980	-72.9395915
Frutillar Alto	suburb	-41.1253461	-73.0583953
San Bernardo	suburb	-33.5922859	-70.7045838
Ancud	town	-41.8682162	-73.8287225
Punta Arenas	city	-53.1625688	-70.9078220
Trapiche	village	-30.6276551	-71.3293297
Puyuhuapi	village	-44.3252094	-72.5584277
Coya	village	-34.2046861	-70.5309812
Pozo Almonte	town	-20.2597061	-69.7861372
Diego de Almagro	town	-26.3910794	-70.0459281
Hualqui	town	-36.9759363	-72.9383874
La Higuera	locality	-28.7833330	-71.1500000
Santa Clara	village	-36.8290333	-72.3340981
Viluco	village	-34.8962818	-71.1593473
Buchupureo	village	-36.0740310	-72.7776478
Algarrobito	locality	-30.4444366	-70.9298032
Pid Pid	village	-42.4045458	-73.7826603
Pudeto Bajo	suburb	-41.8776912	-73.7987087
El Frío	locality	-44.4500000	-71.2833330
Chillán Viejo	town	-36.6230032	-72.1317093
Bahía Loreto	neighbourhood	-27.0780904	-70.8390028
Isla de Maipo	town	-33.7537387	-70.9039325
Zorras	locality	-24.4789195	-68.7199986
El Juncal	locality	-32.8666670	-70.1666670
Cutiguano	locality	-19.4158335	-68.6101801
Curicó	city	-34.9853680	-71.2393705
San José de Maipo	town	-33.6403975	-70.3527845
Santa Susana	village	-34.9178018	-71.0331249
El Manzanal	locality	-34.2333330	-70.4833330
Oficina Americana	locality	-24.0162054	-69.8213555
San José de Colico	village	-37.3674172	-73.3390358
Chagres	neighbourhood	-32.8056457	-70.9578935
Pozo del Indio	locality	-26.2068123	-69.5525564
Menque	village	-36.5557321	-72.8654965
Lumaco	village	-38.1653241	-72.9063975
Monardez	neighbourhood	-29.9323809	-71.1847138
Paipote	suburb	-27.4147265	-70.2749806
Gualchaya	locality	-19.7875443	-69.2077546
Zapallar	town	-32.5528294	-71.4588181
Los Azules	locality	-31.7500000	-71.4833330
Ocacucho	locality	-19.7866504	-68.7616228
Las Arañas	village	-34.7148396	-71.2522818
Polvareda	locality	-28.0019704	-70.1625620
Los Lagos	town	-39.8634009	-72.8129655
Piga Chica	locality	-20.0439527	-68.7820455
Freirina	town	-28.5086484	-71.0785719
Marquesa	village	-29.9646810	-70.9726514
Oficina Constancia	locality	-20.0099651	-69.7766779
Mundo Nuevo	neighbourhood	-32.7200457	-71.4149011
Cancha Pelada	locality	-32.8298730	-70.0865924
El Pedregal	locality	-37.3054107	-71.9748259
Estación Pintados	locality	-20.6228506	-69.6369990
Los Hornitos	locality	-30.6211911	-71.5648216
Duplijsa	locality	-20.0729788	-69.4273892
La Verde	locality	-29.0666670	-70.8333330
San Vicente de Tagua Tagua	town	-34.4392675	-71.0767900
Trehuaco	village	-36.4307029	-72.6658186
Don Goyo	locality	-28.3500000	-69.8500000
Schwager	suburb	-37.0166902	-73.1789044
Tambo	locality	-19.8602413	-68.6101673
Canela Baja	village	-31.3984185	-71.4575738
Manzano	locality	-39.9334459	-73.3335201
Pabellón de Pica	locality	-20.9069633	-70.1360356
La Abundancia	locality	-26.5496641	-69.7265127
Quilimarí	village	-32.1210251	-71.5031606
Oficina Pirineos	locality	-20.4481451	-69.9973543
Las Maravillas	locality	-43.7919151	-71.8560063
Tromén Huichucón	locality	-38.7087709	-72.7949813
El Carmen	town	-36.8978550	-72.0246149
Paso Marchant	locality	-33.2664551	-70.3504607
Recoleta	village	-30.5007785	-71.1498317
Pampa Fidelia	locality	-24.9500000	-69.6666670
Francke	locality	-25.8465040	-69.8546831
El Carmen	village	-32.4757746	-71.1872131
Curimón	village	-32.7860524	-70.6842487
Cueva Negra	locality	-19.9845833	-68.9432623
Pasto Cerrado	locality	-26.3909142	-69.4854530
Curanué	village	-43.0302211	-73.5729928
Agua Dulce	locality	-28.9500000	-71.4833330
Huentelauquén Norte	village	-31.5779601	-71.5372643
Saguani	locality	-19.4844109	-68.6906181
Curanilahue	town	-37.4758037	-73.3457069
Planta El Carmen	locality	-26.3936188	-70.1773603
Colchane	village	-19.2758220	-68.6389471
Peumo	town	-34.3959163	-71.1694264
Los Olmos	suburb	-32.8081975	-70.5864090
Pelarco	town	-35.3836634	-71.4469824
La Higuera	locality	-34.9166670	-72.1500000
Callejones	village	-35.5136180	-71.6379190
Isla de Yáquil	village	-34.5949440	-71.4285852
La Higuera	village	-29.5115950	-71.2015007
Paga	locality	-19.1000000	-69.4000000
Santa María	village	-35.0734097	-71.4753484
Ventanas	town	-32.7417709	-71.4883526
Cerro Alto	suburb	-37.6145963	-73.4136537
Santa Marta	village	-33.8655054	-70.6392767
Catapilco	village	-32.5666650	-71.2778384
Mancha de Relbún	locality	-35.1989480	-72.2393411
Pirque	suburb	-33.6348808	-70.5729961
El Asiento	village	-32.6938352	-70.7698705
Ollagüe	village	-21.2242235	-68.2534522
Los Loros	village	-27.8311860	-70.1079294
Población	village	-34.4503941	-71.5480595
Carahue	town	-38.7115844	-73.1651699
El Peñón	village	-30.1369496	-71.2185654
Tongoy	town	-30.2572163	-71.4928580
Putú	village	-35.2125467	-72.2852503
Chincolco	village	-32.2296061	-70.8550281
Contulmo	village	-38.0160243	-73.2286034
Punta de Choros	village	-29.2470730	-71.4616231
Lipita	locality	-20.8500000	-69.1000000
San José	village	-33.6109951	-71.2233790
Crucero	village	-40.9253955	-73.3490272
La Viñita	locality	-30.5333330	-71.4000000
Oficina Oriente	locality	-24.0579339	-69.7936257
Los Ranchillos	locality	-32.9579052	-70.7043162
El Chacay	locality	-29.1500000	-70.1333330
Parronales de Pedehue	neighbourhood	-34.6092464	-70.9680479
Río Bueno	town	-40.3336678	-72.9567617
Lambert	village	-29.8432589	-71.1204403
Florida	town	-36.8253041	-72.6614469
El Tambo	neighbourhood	-32.7645244	-70.6815282
Balada	locality	-29.9166670	-70.2166670
Oficina Alemania	locality	-25.1559176	-69.9070190
Los Lirios	village	-34.2279220	-70.7890584
Machalí	town	-34.1824530	-70.6511584
Puerto Chacabuco	village	-45.4627672	-72.8182370
Peñaflor	town	-33.6058638	-70.8785306
Las Rosas	neighbourhood	-33.0537770	-71.4238915
Santa Bárbara	town	-37.6680813	-72.0214080
Los Sapos	locality	-26.4666670	-69.5166670
San Pedro	village	-33.8943545	-71.4563149
Pedernales	locality	-26.3692662	-69.2729155
Maullín	town	-41.6160139	-73.5950711
Vilcún	town	-38.6703956	-72.2240806
Guayacán	neighbourhood	-29.9680857	-71.3470847
La Reina	suburb	-33.4422820	-70.5432729
Monte Alto	locality	-52.5331666	-70.9666370
Canela Alta	village	-31.3906725	-71.3889726
Charviri	locality	-19.5543529	-68.5867965
Tegualda	village	-41.0391444	-73.4117160
Queule	village	-39.3982606	-73.2104351
Isla Grande	locality	-22.4000000	-68.6833330
Calaunsa	locality	-18.8753826	-69.9970241
Alto de las Padillas	neighbourhood	-34.3069296	-71.3465882
Sarmiento	suburb	-34.9387611	-71.2003039
Antihuala	village	-37.6675362	-73.3904229
San Ignacio	town	-36.7998233	-72.0303507
Estación Tigre	locality	-22.1611994	-70.0022555
Yerbas Buenas	town	-35.7464128	-71.5820799
Posada de los Hidalgos	locality	-25.7683675	-70.5477255
Aserradero La Paciencia	locality	-54.3694953	-69.1621072
La Paz	village	-39.4096736	-72.7107181
Totoral	locality	-41.2087145	-73.0323052
El Potrerillo	locality	-37.5000000	-73.1166670
San Fernando	neighbourhood	-32.7501805	-70.6504077
El Paico	suburb	-33.6889449	-71.0489242
Caleta Clarencia	locality	-52.8927510	-70.1065060
Carén	village	-30.8520943	-70.7699704
Malalcahuello	village	-38.4751686	-71.5815895
Los Huesos	locality	-35.3833330	-72.2500000
Las Breas	locality	-29.5000000	-70.6833330
Los Laureles	village	-38.9890387	-72.2487999
Tarcavire	locality	-19.1205509	-69.2215191
Artificio	village	-32.3978730	-71.0945107
La Quema	locality	-47.6000000	-73.1000000
Punta Negra	locality	-20.1643866	-70.1504251
Agua Buena	locality	-35.3301377	-72.1425206
Navidad	village	-33.9536044	-71.8305775
El Panque	locality	-32.5000000	-71.3833330
Coelemu	town	-36.4876004	-72.7023316
Puerto Santa Regina	locality	-39.6263856	-71.9305435
Tambillo	locality	-23.1188963	-68.0815652
La Ligua	village	-31.0408901	-71.0424994
Guanacos	locality	-35.3203928	-72.2063643
Algarrobo	locality	-27.0447990	-70.5705786
Los Realitos	locality	-28.4291670	-69.7788890
Chullumpire	locality	-19.5275892	-68.9671773
El Higirio	locality	-28.9366762	-71.2540518
Santa Fe	locality	-26.4177427	-70.1839258
Portezuelo	village	-36.5274395	-72.4285292
Doñihue	town	-34.2260740	-70.9648916
Lontué	town	-35.0549065	-71.2745634
Cunco	town	-38.9329729	-72.0320894
Lo de Cuevas	village	-34.2320709	-70.9991129
Chañaral	town	-26.3479340	-70.6223617
Chillán	city	-36.6066616	-72.1033194
Caleta Hornos	village	-29.6222435	-71.2861447
Chimbarongo	town	-34.7089530	-71.0403642
Valdivia de Paine	village	-33.8090302	-70.8592211
La Compañía	village	-34.0799958	-70.6823332
La Mocha	neighbourhood	-36.8324399	-72.1006952
Leyda	village	-33.6129914	-71.4463648
Limarí	village	-30.6382918	-71.2839040
Purén	town	-38.0332836	-73.0725938
El Manzano	village	-34.3662449	-71.0995477
Granalla	village	-32.6207932	-70.7321966
Batuco	town	-33.2300466	-70.8085254
La Cuesta	village	-34.6626873	-71.0013665
Huilquilemu	village	-35.4647604	-71.5733961
La Higuera	locality	-28.6833330	-70.6166670
San Clemente	town	-35.5375459	-71.4858841
Pillanlelbún	village	-38.6359173	-72.4525793
San Felipe	city	-32.7506870	-70.7252688
Palo Blanco	locality	-29.1833330	-71.1000000
Selva Oscura	village	-38.3685612	-72.1665587
Chacao	village	-41.8277984	-73.5253374
Cancura	village	-40.7589682	-72.9645776
Chocalán	village	-33.7244288	-71.2103317
Chiuchiu	village	-22.3428623	-68.6500665
Achao	town	-42.4710010	-73.4880780
La Herradura	suburb	-29.9860532	-71.3630319
Codegua	village	-34.7768841	-70.9478422
La Vega de Pupuya	village	-33.9889954	-71.8806962
Tunca Arriba	village	-34.3846718	-71.0822072
Los Tiuques	locality	-34.8489418	-71.5276905
Calbuco	town	-41.7712143	-73.1275379
Pinto	town	-36.7036112	-71.8922832
San Miguel	village	-36.8126515	-71.9707708
Las Cabras	town	-34.2917304	-71.3098439
Panguipulli	town	-39.6419909	-72.3333801
Azufrera Tacora	locality	-17.6973834	-69.8006866
Puerto Los Morros	locality	-44.5666670	-71.2333330
Combarbalá	town	-31.1781518	-71.0024382
José Francisco Vergara	locality	-22.4598813	-69.6216151
Collipulli	town	-37.9566312	-72.4374375
El Peñón	neighbourhood	-34.9822870	-72.1809479
Palena	village	-43.6178268	-71.8039587
Puchuncaví	town	-32.7259856	-71.4150065
Coinco	town	-34.2699359	-70.9515801
Trabunco	locality	-38.6393318	-72.6422016
Tres Pinos	suburb	-37.6273098	-73.4111783
Popeta	village	-34.4371239	-70.7884759
El Zapallo	locality	-28.7247662	-70.8380425
Pichilo	village	-37.2696485	-73.1976538
El Espino	locality	-35.1900822	-72.2116759
Baquedano	locality	-53.2666670	-69.9833330
Llico	village	-37.1981493	-73.5648656
Tacupa	locality	-19.4487070	-68.6427859
Alojamiento Sallihuinca	locality	-20.9436680	-68.7616420
Punta Colorada	village	-29.3539599	-71.0178760
Romaza	locality	-39.9500000	-73.3166670
Lampa	town	-33.2864213	-70.8729771
Algorta	locality	-22.8735104	-69.8190901
Chela	locality	-21.3495553	-68.5989325
Graneros	town	-34.0644743	-70.7262983
Chalinga	neighbourhood	-31.7722143	-70.9795408
El Parral	suburb	-34.2683530	-71.0569857
La Calera	town	-32.7889810	-71.2035460
Recoleta	suburb	-33.4020744	-70.6428912
Tiquima	locality	-20.9328801	-69.1022901
Keryma	locality	-20.1717025	-69.8175682
Santa Elvira	neighbourhood	-33.6685957	-71.2147642
Tucapel	town	-37.2925581	-71.9495236
Lo Cartagena	village	-34.3821308	-70.8675189
Chile Chico	town	-46.5396625	-71.7245816
Oficina Peña Grande	locality	-20.1338607	-69.7570477
El Durazno	village	-34.1605758	-71.3118952
La Finca	locality	-33.0500000	-70.9500000
Quellón	town	-43.1200305	-73.6203025
Camiña	village	-19.3130810	-69.4266968
Poroto	locality	-30.5000000	-70.8666670
San Rafael	suburb	-41.7585203	-73.1456187
Valle Fértil	locality	-27.2833330	-70.5333330
Quirihue	town	-36.2827085	-72.5408101
El Manzanito	locality	-33.7662300	-70.1671820
Los Nogales	village	-30.7350852	-71.3408389
San Miguel de Azapa	village	-18.5183473	-70.1771824
Oficina San Antonio	locality	-20.4145003	-69.8925560
Huépil	town	-37.2401857	-71.9418681
Aguas del Volcán	locality	-30.0000000	-70.0166670
La Ligua	city	-32.4496375	-71.2316695
Lota	town	-37.0944533	-73.1564024
Quintero	town	-32.7840217	-71.5283361
La Canela	village	-32.3625031	-71.1589652
San Julián	village	-30.6452874	-71.3423720
Rengo	town	-34.4088744	-70.8616583
Coltauco	town	-34.2862794	-71.0825729
Huiscapi	village	-39.2974743	-72.4029311
Guantija	locality	-19.8935677	-68.7712588
Higuerilla	locality	-34.8680930	-72.1017724
Los Mantos	locality	-32.6666670	-70.9166670
Cancosa	locality	-19.5172535	-68.5716023
San Miguel	suburb	-33.4859746	-70.6495465
Los Boldos	village	-34.6284105	-71.3876017
Puyancón	village	-32.3097356	-71.2147085
El Rodeo	locality	-34.7833330	-72.0833330
Animales	locality	-47.8333330	-73.4666670
Chañaral Alto	village	-30.8864800	-71.0154126
Matilla	village	-20.5138233	-69.3613471
Palmilla	village	-34.5960542	-71.3624782
Cabrería	locality	-31.7000000	-71.0166670
El Prado	village	-33.9191515	-71.5098759
Porfía	locality	-25.2445807	-69.6293753
Monte Patria	town	-30.6944769	-70.9579593
Rucapequén	village	-36.6714826	-72.2784519
Padre Hurtado	suburb	-33.5673051	-70.8020467
Codegua	town	-34.0377000	-70.6565422
Los Tambos	locality	-20.7323697	-69.3000858
San Patricio	village	-38.6610016	-72.1155995
Mejillones	town	-23.1002342	-70.4483076
Los Andes	city	-32.8336867	-70.5981609
Caracoles	locality	-32.8264447	-70.0951631
Puerto Ingeniero Ibáñez	village	-46.2919029	-71.9374916
Pachani	locality	-18.4833330	-69.6333330
Pellejos	locality	-28.5955246	-71.0129430
Arrayán	neighbourhood	-41.3833981	-72.8981848
Rosario	town	-34.3452953	-70.8365128
Hualañé	town	-34.9774855	-71.8012086
Angol	city	-37.7987870	-72.7086097
Pataguas Orilla	village	-34.3112563	-71.3418263
Rota	locality	-35.6145179	-71.3681111
Abránquil	village	-35.7470039	-71.5454104
Pueblecillo	village	-35.5412735	-71.6981069
Jarilla	locality	-28.4166670	-70.3833330
Las Salinas	neighbourhood	-32.7451849	-71.4727682
Pudahuel	suburb	-33.4368017	-70.7517915
Chiguayante	town	-36.9292478	-73.0237115
Chelis	locality	-20.9418272	-69.1500840
Tijeral	village	-37.7330268	-72.6147234
Pucupucune	locality	-19.8385146	-68.9526844
El Rosario	neighbourhood	-34.1167192	-71.7312724
Alto de Tuna	locality	-20.8666670	-69.0500000
Cachitos	locality	-27.8857303	-69.4243399
Papudo	town	-32.5075900	-71.4459354
Licantén	town	-34.9856892	-71.9845873
El Salado	village	-26.4213655	-70.3202745
Rocas de Santo Domingo	town	-33.6405948	-71.6260957
Antilhue	village	-39.8059891	-72.9579688
Puerto Varas	town	-41.3178020	-72.9829073
Pailahueque	village	-38.1321075	-72.3214584
Los Maitenes	locality	-33.3166670	-70.3666670
Quecherehue	locality	-38.9958643	-72.0608417
Lastarria	village	-39.2364645	-72.6729337
Playa Ancha	suburb	-33.0284486	-71.6378657
Caracoles	village	-34.4212812	-70.9388253
Quiapo	neighbourhood	-36.8573814	-73.1150621
Ullumalla	locality	-19.5000000	-69.0333330
Santa Inés	neighbourhood	-36.8266286	-73.1442974
San Fabián de Alico	village	-36.5566030	-71.5499036
Placilla de Esmeralda	locality	-25.8966606	-70.5675038
La Laja	locality	-28.6740095	-70.6039482
Pocor	locality	-23.2315403	-68.0124283
Maitencillo	town	-32.6441845	-71.4329357
Guangualí	village	-32.1334175	-71.3738573
Puquios	locality	-27.1600183	-69.8898009
Pelchuquín	village	-39.6243296	-73.0772005
Cuevitas	locality	-20.7147001	-69.3339767
Ercilla	town	-38.0609055	-72.3754686
Cajón Grande	neighbourhood	-33.0006130	-71.1372210
Chovellén	village	-35.9144541	-72.6643711
Pelluhue	town	-35.8150199	-72.5769590
Bucalemu	village	-34.6426250	-72.0381337
Barrio Prat	neighbourhood	-53.1501376	-70.9206521
Comalle	village	-34.8483433	-71.2714819
Villa Quechereguas	neighbourhood	-35.0982509	-71.2707758
Empedrado	town	-35.5907772	-72.2776205
La Escalera	locality	-20.0656592	-68.9261513
Lepihué	village	-41.6016425	-73.5833457
San Francisco de Mostazal	town	-33.9799035	-70.7121737
Gorbea	town	-39.1031567	-72.6759352
Chépica Abajo	neighbourhood	-34.7075255	-71.3000687
San Gabriel	village	-33.7830303	-70.2370499
Linderos	suburb	-33.7626228	-70.7360362
Paine	town	-33.8101102	-70.7390236
Angostura	locality	-30.7271030	-71.6320927
Punta de Cortés	village	-34.1814864	-70.8309156
Resbaladero	neighbourhood	-20.5035621	-69.3374610
Chignoles	locality	-29.4333330	-70.7666670
La Boca	village	-33.9242824	-71.8462686
Curepto	town	-35.0937166	-72.0180794
Mininco	village	-37.7951041	-72.4732316
Tulahuén	village	-30.9649391	-70.7687279
Caimanes	village	-31.9324503	-71.1346112
Oficina Peña Chica	locality	-20.1818582	-69.8024939
Liquiñe	village	-39.7403347	-71.8556479
Baquedano	village	-23.3338059	-69.8434733
Laguna Norte	locality	-20.9682678	-69.6793066
Peña Blanca	locality	-20.0999395	-68.8697784
San Pablo	town	-40.4127606	-73.0115777
Tinguiririca	village	-34.6536514	-70.9715513
El Abra	village	-34.2760397	-70.8535712
Tambillo	locality	-20.2530599	-69.3981976
Las Mariposas	neighbourhood	-34.6951485	-71.0159717
Vilcún	locality	-42.8350678	-72.8165303
Topain	locality	-22.1580655	-68.3238994
Quemchi	town	-42.1445307	-73.4735593
Cañete	town	-37.8004074	-73.3990802
Las Lomas	neighbourhood	-35.8173261	-72.5879076
Duao	village	-34.8954441	-72.1789207
Valle Hermoso	village	-32.4376912	-71.2107289
Lo Campo	village	-32.8032826	-70.9049786
El Salto	locality	-26.6666670	-69.6833330
Lautaro	town	-38.5343120	-72.4350504
Salitrera Aguada	locality	-19.7768426	-69.9096976
Osorno	city	-40.5736955	-73.1358091
Ramadillas	village	-37.3074896	-73.2563584
Higuerita	locality	-28.3019440	-70.2955560
Alto Jahuel	town	-33.7320044	-70.6843181
Blanca Rosa	locality	-24.0548689	-69.8315769
Quehuita	locality	-21.2231145	-68.9246634
Los Muermos	town	-41.3960568	-73.4617177
Las Rojas	village	-29.9742577	-71.0606706
Corrales	locality	-33.5008723	-70.3995247
Rastrojos	village	-34.4638815	-71.0267616
San Alfonso	village	-33.7218412	-70.3283138
Calle Larga	town	-32.8552685	-70.6260407
Gamboa Alto	neighbourhood	-42.4829512	-73.7830528
Molle Bajo	locality	-27.8515652	-70.3162700
Purén	village	-34.2626273	-71.0722522
Cancha de Carretas	locality	-26.8333330	-69.6833330
Corral Quemado	locality	-30.3596561	-71.0246856
Chara	locality	-20.6166670	-68.9833330
El Sauce	neighbourhood	-33.0923133	-70.9301884
Queumahuña	locality	-18.0213847	-69.4177581
Los Barros	locality	-29.0666670	-71.0166670
Pencahue Central	village	-34.4324215	-71.1202812
Tilluma	locality	-19.3952683	-68.5224539
El Palqui	town	-30.7679839	-70.9433428
Puangue	village	-33.6653414	-71.3125494
Coironal	locality	-36.7329031	-71.2613026
Queilén	town	-42.8898582	-73.4720620
El Pangue	locality	-30.4408294	-71.0115901
María	locality	-23.0352129	-69.4545362
Altovalsol	village	-29.9406138	-71.1205101
Catorcemil	locality	-26.9000000	-69.6500000
Tambería	locality	-28.4666670	-69.7833330
Mariscadero	neighbourhood	-35.7984807	-72.5654718
Llallauquén	village	-34.2209934	-71.4390417
San Gregorio	village	-36.2827540	-71.8148307
Rapa Maquehue	locality	-38.7712840	-72.6599910
Placilla	locality	-29.6978558	-70.8202641
Quilitapia	village	-31.1175123	-71.1597988
Lo Calvo	village	-32.7533637	-70.6056434
Pica	town	-20.4911417	-69.3290752
Junquillar	village	-35.2728668	-72.3461144
Barros Arana	village	-38.9858471	-72.9213764
Melinka	village	-43.8975173	-73.7463997
Calvariune	locality	-17.5512859	-69.5176542
Canto	locality	-19.9000327	-68.6466546
La Chimba	village	-30.6402751	-71.2343425
Niebla	town	-39.8704858	-73.4004750
Puerto Octay	town	-40.9727600	-72.8842171
Chañar	locality	-29.1757192	-70.9177208
Buenaventura	locality	-21.2675699	-68.2730226
Hierro Viejo	village	-32.2812196	-71.0138668
El Melocotón	neighbourhood	-33.6983723	-70.3343701
Oficina Rosario	locality	-25.2333330	-69.7833330
Chillepín	village	-31.8834706	-70.7297040
Ekewern	locality	-52.8666670	-69.5166670
Polcura	locality	-34.3166670	-71.6666670
Campamento Don Guillermo	locality	-20.1833330	-69.8166670
Caleta Tortel	village	-47.8036754	-73.5374644
Los Ángeles	city	-37.4707455	-72.3516860
San Esteban	town	-32.7990544	-70.5795811
Rinconada de Idahue	village	-34.2903891	-71.1479345
Palca	locality	-19.1152311	-69.1434790
Los Sauces	town	-37.9829562	-72.8291829
Copequén	village	-34.2497674	-70.9259856
Cherquenco	village	-38.6856270	-72.0038633
Pampa Elena	locality	-24.8666670	-69.8166670
Putagán	village	-35.7660028	-71.6654981
Cuevitas	locality	-27.9263629	-69.3653587
Quillota	city	-32.8799970	-71.2473555
Tabaco Alto	locality	-29.1333330	-70.5833330
Cochrane	town	-47.2541656	-72.5732128
El Zapallo	locality	-28.4666670	-70.5000000
Panguilemo	village	-35.3628744	-71.5910349
Carrizalillo	locality	-26.0230998	-70.3160025
Manca Collacagua	locality	-20.1833330	-68.8500000
Galvarino	town	-38.4111234	-72.7812506
Tiltil	town	-33.0852808	-70.9293877
El Monte	town	-33.6783192	-70.9782465
La Villita	neighbourhood	-33.7740151	-70.9029615
Melipilla	city	-33.6855134	-71.2145796
Iquique	city	-20.2140657	-70.1524646
Alona	locality	-20.6567058	-68.9841055
Vara Gruesa	village	-35.8302257	-71.5145593
La Victoria	village	-32.9277339	-71.4242109
El Quelmén	village	-34.8335205	-71.0983567
Bomba Vergara	locality	-22.4501851	-69.4498124
El Esfuerzo	village	-35.6267622	-71.5420030
Labranza	town	-38.7665376	-72.7534177
Folilco	village	-39.8711188	-72.6681546
Las Canchas	neighbourhood	-36.6862337	-73.1158932
Requegua	village	-34.4510554	-71.0030082
El Cajón	neighbourhood	-34.1913224	-70.6307936
Bulnes	town	-36.7422507	-72.2987216
Puerto Saavedra	town	-38.7923166	-73.3968651
Chanco	town	-35.7341836	-72.5331642
General López	village	-38.6906684	-72.3626088
San Fernando	city	-34.5837910	-70.9891220
Ancayuconi	locality	-18.5490661	-69.1545522
Perquenco	town	-38.4212493	-72.3778344
Nacimiento	town	-37.5018293	-72.6731100
Orilla de Maule	village	-35.5775810	-71.6519748
Quechereguas	neighbourhood	-34.3682008	-70.9806473
El Negrillar	locality	-24.2051225	-68.2531867
Puerto Nuevo	locality	-53.3486038	-69.4361600
Rancagua	city	-34.1702433	-70.7407180
Talinay Alto	locality	-30.8507129	-71.5970635
Renaico	town	-37.6717090	-72.5832643
La Coquimbana	locality	-28.3666670	-70.8500000
Pomaire	village	-33.6501514	-71.1512054
Leoncito	locality	-28.4000000	-71.0166670
Polpaico	village	-33.1706230	-70.8891919
Parada Caracoles	locality	-32.8375681	-70.0921165
San Rafael	village	-32.8082155	-70.6468799
Santa María	town	-32.7478749	-70.6567375
La Granja	suburb	-33.5431234	-70.6332426
Paredones	town	-34.6476395	-71.9008463
El Salto	locality	-20.5167102	-69.2905189
Macul	suburb	-33.4821635	-70.5991929
Angostura	locality	-27.5615663	-69.4549940
Laraquete	village	-37.1674267	-73.1853400
Ayaviri	locality	-22.0361034	-68.0962778
Radal	village	-38.9850538	-72.3915676
Negreiros	locality	-19.8593242	-69.8482392
Los Mellizos	locality	-34.8515637	-71.5566991
Quebrada Seca	locality	-33.6024700	-71.0805115
Lolol	town	-34.7278360	-71.6440839
Peralillo	town	-34.4780273	-71.4793203
Dolores	locality	-19.6772923	-69.9453554
Chicureo	town	-33.2836492	-70.6533760
Oficina Serena	locality	-20.2981084	-69.7815952
Los Treiles	locality	-34.8833330	-72.1333330
Alfalfal	locality	-34.0794729	-70.0958445
Cauquenes	city	-35.9671286	-72.3154270
Puerto Domínguez	village	-38.8976842	-73.2560529
Casa San Martín	locality	-53.3333330	-68.9500000
Quinahue	village	-34.6890639	-71.3211838
La Mostaza	locality	-31.8666670	-71.4333330
Baños de Colina	locality	-33.1838139	-70.5981854
Lonquimay	town	-38.4540680	-71.3706282
Recreo	suburb	-33.0302834	-71.5756776
San Cristóbal	locality	-23.5500000	-69.5500000
Roma Arriba	village	-34.6133152	-70.9255890
Buenaventura	locality	-20.8518667	-69.7105967
Tilopozo	locality	-23.7821156	-68.2516737
Correntada del Toro	locality	-42.5000000	-72.2500000
Miraflores	village	-35.9172557	-71.6479889
Las Majadas	locality	-32.6333330	-70.8666670
Cuesta Apacheta	locality	-21.2143666	-68.9143710
El Duraznito	locality	-29.4666670	-70.6500000
La Tranquita	locality	-26.6666670	-69.5333330
La Cebada	village	-34.2103371	-71.3150136
Quintay	village	-33.1942773	-71.6965542
Río Blanco	village	-32.9096820	-70.3038720
Río Seco	village	-53.0581207	-70.8616392
Tocopilla	city	-22.0887189	-70.1960657
Quinta Normal	suburb	-33.4225631	-70.6944892
Carampangue	village	-37.2574546	-73.2420686
Mineral El Salvador	locality	-26.2491036	-69.5649982
Santa Inés de Chena	neighbourhood	-33.5500000	-70.7333330
Malalhue	village	-39.5404000	-72.5091264
Quebrada de Herrera	village	-32.6782868	-70.7517595
Catemu	town	-32.7784214	-70.9633428
Quepe	village	-38.8678773	-72.6131751
Población Los Esteros	neighbourhood	-36.6012700	-72.9427116
Lonquén	village	-33.7113288	-70.8550105
Tunca Abajo	village	-34.4148491	-71.1211539
Palo Blanco	locality	-29.2500000	-70.8333330
Baños del Tupungato	locality	-33.3530081	-69.8984143
Carelmapu	village	-41.7480358	-73.7061073
Cochamó	village	-41.4925628	-72.3079293
Coligües	locality	-32.5901131	-71.2749874
Churullo	locality	-19.6477771	-68.6838587
Púa	village	-38.3352383	-72.3754333
Montenegro	village	-32.9665751	-70.8361082
Quillón	town	-36.7443758	-72.4764427
Estación Central	suburb	-33.4536375	-70.6898654
Pucón	town	-39.2731173	-71.9777605
Almendral	suburb	-32.7508755	-70.6969581
Artificio	suburb	-32.7725932	-71.1925283
El Algarrobal	village	-32.7161710	-70.7258188
Queñiza	locality	-19.3712814	-68.9119527
Caldera	town	-27.0675545	-70.8222047
Corral	town	-39.8877399	-73.4314543
Los Quillayes	locality	-34.1505967	-71.9029215
Tasma	locality	-20.3166670	-69.3500000
Las Mercedes	village	-35.2590257	-71.2602319
Las Juntas	locality	-30.0371523	-70.9933151
El Panadero	locality	-21.0337446	-68.7489229
Guacolla	locality	-17.7494829	-69.3953960
Lengua de Vaca	locality	-30.2500000	-71.6333330
Colina	city	-33.2024720	-70.6749147
Pidima	village	-38.0164177	-72.4260800
El Cobre	village	-32.7517821	-70.9654061
Maipo	suburb	-33.7328646	-70.7812358
El Llano	locality	-33.1926565	-71.2814513
Lagunillas	village	-33.4458028	-71.4526610
Auquinco	village	-34.7621475	-71.1963055
Punitaqui	town	-30.8337532	-71.2573637
Coñaripe	village	-39.5678530	-72.0074170
El Hinojo	locality	-28.9359790	-71.3071915
Rinconada	suburb	-30.0079517	-71.3347970
Las Mollacas	locality	-30.3500000	-70.9166670
Chañarcillo	locality	-29.0833330	-70.1333330
La Laguna de Zapallar	village	-32.6304941	-71.4245685
El Ternerito	locality	-29.1825000	-70.1080560
Sotaquí	village	-30.6313494	-71.1213176
Futaleufú	town	-43.1857710	-71.8667020
El Ojo de San Pedro	locality	-21.9666670	-68.3166670
Placilla	village	-34.6385927	-71.1173651
Milla Quince	locality	-28.0666670	-70.6833330
Rinconada	neighbourhood	-36.0619708	-71.7698674
Tomé	town	-36.6170801	-72.9575043
Polonia	village	-34.5331071	-70.9399919
Oficina Ramírez	locality	-20.0519413	-69.7432923
Rinconada de Alcones	village	-34.3540147	-71.7352135
Concón	town	-32.9220036	-71.5159565
Refugio Las Melosas	locality	-33.8499967	-70.2333379
Coyhaique	city	-45.5711804	-72.0684863
El Almendro	suburb	-34.2813650	-71.0620321
Pitrufquén	town	-38.9862884	-72.6372500
Toldos	locality	-37.8166670	-73.1333330
Quilicura	suburb	-33.3677670	-70.7315490
Las Perdices	locality	-28.7648007	-71.0146800
Inca de Oro	village	-26.7549708	-69.9049117
Molina	town	-35.1139703	-71.2799798
Choroico	village	-38.9988349	-72.2938355
Sauzal	village	-35.7209814	-72.1269677
El Pino	neighbourhood	-32.8707071	-70.6519336
San José de La Mariquina	town	-39.5394521	-72.9610850
Campamento Esmeralda	locality	-22.9352153	-69.8242952
Yumbe	locality	-30.0784661	-70.6099957
El Alto	locality	-34.0821015	-71.6638992
Linares	city	-35.8452905	-71.5977173
Las Hortensias	village	-38.9415547	-72.1540480
Rungue	village	-33.0082816	-70.8898757
Sagrada Familia	town	-34.9990365	-71.3817116
El Tránsito	village	-28.8715691	-70.2834939
Reñaca	suburb	-32.9715335	-71.5437133
Rincon la Maladita	locality	-30.3487131	-71.3583685
Centinela	locality	-42.9767394	-73.3836858
Pampa Yolanda	locality	-24.9666670	-70.1500000
Dollinco	locality	-38.5328330	-72.3803877
Río Claro	village	-37.2034577	-72.6207339
Bahía Mansa	village	-40.5843291	-73.7307971
Santa Rosa	locality	-43.5476617	-72.0888472
Casuto	locality	-31.8219910	-71.4269815
Cachapoal	village	-36.4614201	-71.7285586
Paposo	village	-25.0094441	-70.4653417
El Rincón	locality	-30.4869277	-71.0805693
Campamento Oficina Iris	locality	-20.9146506	-69.6337774
Cascabeles	locality	-25.2833330	-70.4500000
Toquihua	village	-34.3813371	-71.1234732
San Rosendo	village	-37.2630837	-72.7240272
San Pedro de Atacama	town	-22.9108320	-68.2001376
Paihuano	village	-30.0290417	-70.5164414
Las Trancas	locality	-29.4000000	-70.3000000
La Laja	locality	-29.1500000	-71.0500000
La Arena	locality	-28.4166670	-70.6333330
Chépica	town	-34.7285856	-71.2738582
Rinconada de Parral	village	-34.2417201	-71.0733875
Chuchunco	neighbourhood	-34.2017711	-71.6474710
Oficina Perseverancia	locality	-23.0500000	-69.4000000
El Canelo	neighbourhood	-33.5779499	-70.4536558
Traiguén	town	-38.2508160	-72.6668798
La Arena	locality	-30.7333330	-70.5333330
San Juan	locality	-28.7993466	-71.1505203
La Viña	village	-34.3367703	-70.9672506
Pacoma	locality	-19.4217419	-68.4593271
Trintre	village	-37.9237682	-72.7433874
Baños Andrés Jiguata	locality	-19.8044617	-68.8151864
Espantajas	locality	-28.8258316	-71.4213800
Las Conchas	neighbourhood	-34.7759251	-72.0561785
Oficina Toco	locality	-22.0842581	-69.6049332
La Laguna	village	-34.9586386	-70.9730749
Condoroma	locality	-21.7049120	-68.6543603
Putaendo	town	-32.6260768	-70.7167642
Tambillo	locality	-20.4510656	-69.1661949
Sierra Overa	locality	-25.7666670	-70.0833330
Carbonire	locality	-18.4166670	-69.1833330
El Bronce	locality	-28.4000000	-70.3000000
Galleguillos	locality	-27.0192648	-70.5734783
La Esperanza	locality	-43.5709855	-72.0886072
Barquito	neighbourhood	-26.3592303	-70.6440259
Calama	city	-22.4623917	-68.9272181
Corrales del Juncalito	locality	-26.5189634	-68.9306208
Chaiviri	locality	-19.8161440	-68.7293591
Viluyo	locality	-17.8116171	-69.6888212
Casuto	neighbourhood	-32.8597116	-70.6938535
Casas de San Juan	neighbourhood	-33.6404149	-71.5818285
Tres Puentes	neighbourhood	-53.1191525	-70.8752005
San José	village	-32.7870464	-70.9125534
La Pérez	locality	-34.8505214	-71.5148903
Vaquería	neighbourhood	-35.2038919	-72.2798059
Jahuel	village	-32.6970991	-70.6130536
Villa El Bosque	neighbourhood	-35.0652163	-71.1747488
Aguada de Cachinal	locality	-25.1451775	-69.5587566
Flor del Desierto	locality	-23.2820501	-69.3616136
Petorca	town	-32.2516990	-70.9309103
Guanta	locality	-30.6169377	-70.6209793
Potrero de Toledo	locality	-28.7833330	-70.0333330
Caracol	locality	-28.6889614	-70.5700144
Horcón	neighbourhood	-32.7112408	-71.4884772
Miraflores	locality	-30.0166670	-70.1833330
Huentelauquén Sur	village	-31.6083832	-71.5228445
Puerto Los Patos	locality	-44.5666670	-71.2000000
Campanario	village	-37.1341053	-72.1892045
Tapiche	locality	-21.9005256	-68.5986267
La Pasada	village	-41.6029930	-73.5966331
El Salto	locality	-29.4833330	-70.6000000
Agua Buena	village	-34.6514219	-70.8494651
Villa Alemana	city	-33.0441903	-71.3725464
El Rincón	locality	-30.3040483	-71.5998809
Oficina La Granja	locality	-20.9030269	-69.6173107
Pisco Elqui	village	-30.1231220	-70.4930038
Soncor	locality	-23.3390147	-67.9956296
Villarrica	town	-39.2780911	-72.2274364
Neltume	village	-39.8505613	-71.9429185
El Seco Alto	village	-32.7386334	-70.9694366
Chaitén	town	-42.9165335	-72.7084192
Curacaví	town	-33.4022289	-71.1293733
Quella	village	-36.0579732	-72.0914161
San Antonio de Naltagua	village	-33.7335829	-71.0229533
Ramadas	locality	-22.5000000	-69.1000000
Puerto Aysén	city	-45.4068167	-72.6976787
Panguecillo	locality	-30.7808330	-70.5608330
Coronel	city	-37.0164712	-73.1561953
Los Colorados	locality	-28.3166670	-70.8166670
La Patagua	village	-34.6925643	-71.3636243
Villa Santa Luisa	village	-33.4570528	-71.0958725
Oficina Argentina	locality	-20.4294855	-69.8656607
Río Tinto	locality	-32.2883479	-70.8717727
Pahuil	village	-35.6164302	-72.5708184
Puerto Aguirre	village	-45.1641639	-73.5223410
Ninhue	village	-36.3935896	-72.3976432
Maitencillo	locality	-31.2887913	-71.5934023
E. Sánchez	locality	-19.8903530	-68.6262606
El Llano	locality	-35.9666670	-72.1500000
Ramadas	locality	-20.7833330	-69.2833330
Quilleco	town	-37.4709734	-71.9803093
Licán Ray	village	-39.4897238	-72.1553851
El Puente	locality	-35.3180677	-72.2177485
Rinconada Los Quillayes	locality	-35.1666670	-71.6500000
El Carmen	village	-30.0317813	-71.2542786
Puquillay Bajo	village	-34.6841464	-71.2001136
Mocobí	locality	-26.6000000	-69.4833330
Polcura	village	-37.2873399	-71.7240948
Rincón	locality	-28.8943567	-70.7494206
Cerrillos	suburb	-33.4879868	-70.7030815
Jucuma	locality	-20.2369167	-69.2440777
Puente Alto	suburb	-33.6095279	-70.5754736
Pampa Unión	locality	-23.0795430	-69.4908968
Quilpué	city	-33.0498135	-71.4415282
Caritaya	locality	-19.0152303	-69.3377745
Labrar	locality	-28.8166670	-71.1833330
Rinconada de Guzmán	village	-32.5779882	-70.7427645
Cumpeo	town	-35.2816338	-71.2586749
Carrizales	locality	-36.7666670	-71.2666670
Estación Villa Alegre	village	-35.6942717	-71.6775821
Ciusa	locality	-20.2384066	-69.2177184
Ex Oficina Aurrerá	locality	-20.6416638	-69.6241131
Tranamán	locality	-38.2601435	-72.9935039
Paredones de Auquinco	village	-34.7766055	-71.1626959
Curaña	locality	-19.8026801	-69.6757650
Millantú	village	-37.3975008	-72.6200197
Rinconada	locality	-19.8536724	-68.8891804
Olivar Alto	village	-34.2094366	-70.8172288
Colupito	locality	-22.2132528	-69.9685691
Purranque	town	-40.9128096	-73.1581888
Caracha	locality	-33.0712470	-71.0178322
Capitán Pastene	town	-38.1933180	-72.9924777
Renca	suburb	-33.4042423	-70.7049708
Colbún	town	-35.6960057	-71.4060907
Piuquenes	locality	-30.4263890	-70.3855560
Alpajere	locality	-19.1573490	-69.2853006
El Melón	town	-32.6841242	-71.2207186
Melozal	village	-35.7434646	-71.8100100
Chapod	locality	-38.8212682	-72.7166426
El Chocal	locality	-21.2500000	-68.8833330
Olivar Bajo	village	-34.2299969	-70.8866428
Camarico	village	-35.2211048	-71.4224826
Checo de Plata	locality	-27.5333330	-70.1500000
Moraleda	locality	-31.9000000	-71.0166670
Catalina	locality	-25.2333828	-69.7189270
Rinconada de Navarro	village	-34.8045793	-71.2211237
Talinay Bajo	locality	-30.8672366	-71.6012487
Peñaliri	locality	-22.6245777	-68.1229924
Roma	village	-34.5785199	-70.9093281
Cajón	village	-38.6775553	-72.5031812
La Placilla	locality	-34.4166670	-70.1333330
Chapi	locality	-19.4059156	-68.5171906
Pedernales	locality	-29.3000000	-70.6166670
Malloa	town	-34.4421408	-70.9440652
Chonchi	town	-42.6239756	-73.7724416
Entre Lagos	town	-40.6835571	-72.6039988
Punta del Cobre	neighbourhood	-27.5002084	-70.2658033
La Islita	village	-33.7413212	-70.8625645
Portezuelo	locality	-28.1000000	-70.9166670
Chusquina	locality	-20.8414954	-68.6400774
Codao	village	-34.3543092	-71.2166957
Anchicha	locality	-19.4780532	-68.4973699
El Rungue	suburb	-32.6960906	-71.4063267
Chañar Quemado	locality	-28.3815207	-70.8503433
La Unión	town	-40.2952392	-73.0820366
Las Tunas	neighbourhood	-33.3276426	-71.4132233
Ingenio	locality	-27.1166670	-69.9333330
Barranquilla	locality	-28.1500000	-71.1333330
Planta Concentradora Astillas	locality	-28.2975418	-70.8780973
Saucache	neighbourhood	-18.4902211	-70.2666176
Ujina	locality	-20.9417136	-68.5745864
Paso Mallo	locality	-29.1000000	-70.1500000
Tambería	locality	-26.8396974	-69.1568750
Tierra Amarilla	town	-27.4680505	-70.2649307
Las Bandurrias	locality	-32.5000000	-71.3500000
Bosques de Montemar	neighbourhood	-32.9407434	-71.5420896
Ñuñoa	suburb	-33.4543164	-70.5936358
Antofagasta	city	-23.6463741	-70.3980033
Reumén	village	-39.9900011	-72.8327018
Piga	locality	-20.0334262	-68.7672759
Rinconada	village	-34.5094625	-71.0800542
Recinto	village	-36.8464142	-71.6568726
Yerba Buena	locality	-28.0444570	-70.2533944
Mulchén	town	-37.7200873	-72.2441318
Pumire Azufreras	locality	-19.0500000	-69.0500000
La Guanaca	locality	-26.5333330	-69.6000000
Freire	town	-38.9514242	-72.6254333
Pachacamita	village	-32.8186353	-71.1750832
Rinconada	town	-32.8393819	-70.6871827
Pichingal	village	-35.1166091	-71.2135505
Tambo de Cosapilla	locality	-17.9500000	-69.3000000
La Posada	locality	-21.8571298	-69.9302860
Morla Vicuña	locality	-38.2500000	-73.5000000
Peñita	locality	-28.7496896	-71.3595216
El Arrayán	locality	-33.8121423	-70.5947751
La Tuna	village	-34.6322766	-71.0629392
Hijuelas	town	-32.8000578	-71.1452210
Retiro	town	-36.0554429	-71.7650623
Oficina Salinitas	locality	-25.0500000	-69.9833330
Piscicultura	neighbourhood	-32.9320786	-70.2826517
La Rana	neighbourhood	-33.8158797	-70.6492841
Dichato	town	-36.5486269	-72.9364378
San Marcos	village	-30.9552422	-71.0697200
Cachagua	village	-32.5796147	-71.4530850
Los Chacapes	locality	-28.8766670	-69.9119440
Tranquilla	village	-31.9000347	-70.6807159
Mendoza	locality	-30.5000000	-70.9166670
Charrúa	village	-37.1003817	-72.3250253
Las Coimas	village	-32.6905946	-70.7251365
Cholchol	town	-38.6025592	-72.8476626
Collín Alto	locality	-38.5679668	-72.2465631
Talcamávida	village	-37.1624743	-72.9076406
Santa Juana	town	-37.1737794	-72.9425900
Nacara	locality	-22.5166670	-69.2333330
El Polvo	locality	-31.1451880	-70.5740123
Bañaguano	locality	-19.4500000	-68.4500000
Cortadera	locality	-29.8862219	-70.7433569
Copihue	village	-36.0900312	-71.7992418
Estación Yungay	locality	-24.0794594	-69.9198235
Hospital	town	-33.8659904	-70.7469697
Arenilla	locality	-29.2500000	-71.1000000
Fresia	town	-41.1531405	-73.4223148
Villa Alegre	neighbourhood	-34.3464851	-70.9569166
Juntas de Coplapó	locality	-28.0333482	-69.9813662
Huasco Bajo	village	-28.4746612	-71.1775473
El Algarrobal	locality	-20.7203481	-69.2155944
Palermo	locality	-28.8500000	-71.1000000
Riachuelo	village	-40.8206094	-73.3370559
Puente Negro	village	-34.6860235	-70.8723926
Puerta de Marcelo	locality	-33.5005368	-70.2032380
Los Pellines	village	-41.1918314	-73.0668874
Puerto Guadal	village	-46.8445724	-72.7042872
Queri	village	-35.5891893	-71.4301197
Buin	town	-33.7319741	-70.7419619
Lagunita	locality	-22.5529881	-68.1010401
Leñadura Norte	neighbourhood	-53.2156307	-70.9394207
Ojanco Nuevo	locality	-27.4974333	-70.3781370
El Tambo	village	-34.4771090	-70.9805328
Los Álamos	town	-37.6271305	-73.4618419
Curarrehue	town	-39.3589800	-71.5873592
Huaca	locality	-20.2109831	-69.1487342
Llico	village	-34.7664408	-72.0746267
Loncoche	town	-39.3706160	-72.6300704
María Pinto	town	-33.5159823	-71.1200324
Porvenir	town	-53.2956738	-70.3687401
Bustamante	village	-36.5890856	-71.7676731
Algarrobito	village	-29.9411107	-71.1470533
Jarza	locality	-19.4794986	-70.0347728
Costa Azul	suburb	-33.5213638	-71.6053386
Puerto Williams	town	-54.9357749	-67.6062504
Puente Salinillas	locality	-33.4943455	-70.1385644
Carrizo	locality	-28.1166670	-70.1000000
Conanoxa	locality	-19.0431839	-69.9760149
San Vicente de Arrayanes	locality	-34.0490940	-71.7730202
Pueblo Hundido	village	-34.3796398	-70.8815424
Quillayloma	locality	-37.3449166	-72.0039855
Limahue	village	-34.4639135	-70.9238915
Agua Amarga	locality	-28.8317230	-70.7337353
El Portón	neighbourhood	-36.6914614	-73.1039610
Cortadero	locality	-26.3845825	-69.4332311
San José de Piguchén	village	-32.5685736	-70.6881032
La Greda	neighbourhood	-32.7445227	-71.4756055
Longaví	town	-35.9659749	-71.6846723
Los Chacayes	locality	-33.7333330	-70.1666670
Islón	village	-29.8970633	-71.1852844
San Bernardo	locality	-30.3720090	-71.3113144
Matancilla	locality	-29.4755560	-70.2722220
Río Nuevo	locality	-53.2666670	-69.4833330
Carcote	locality	-21.4322496	-68.4114701
Oficina San Donato	locality	-20.1079455	-69.7514892
Vallenar	city	-28.5750438	-70.7616398
Lirquén	suburb	-36.7126985	-72.9766787
Vilacollo	locality	-19.3848979	-68.5440221
San Bartolo	locality	-22.7294631	-68.2165027
Oficina Bellavista	locality	-20.8229475	-69.7209387
Pelequén	village	-34.4660472	-70.8956199
Los Graneros	locality	-28.3166670	-69.9666670
Aucanquilcha	locality	-21.2031608	-68.4609163
Paso del Rosario	locality	-33.4828444	-71.4825369
Santa Cruz	town	-34.6403243	-71.3661297
Port de Contarito	locality	-28.6225000	-69.8425000
El Peral	locality	-34.9306301	-72.0856791
Nilahue Cornejo	village	-34.6597728	-71.7400458
Panimávida	village	-35.7623706	-71.4188927
Pichidegua	town	-34.3584097	-71.2827150
La Peñuela	locality	-34.8530792	-71.5385910
Balmaceda	village	-45.9093931	-71.6997225
El Gauchal	locality	-31.7666670	-71.4666670
Refresco	locality	-23.4166670	-69.7666670
Nehuentúe	village	-38.7438538	-73.4116021
Casablanca	town	-33.3205864	-71.4100762
Cerrillos	locality	-34.2500000	-70.4000000
Cobquecura	village	-36.1317572	-72.7915423
San Pedro	village	-32.9385059	-71.2764582
Pichilemu	town	-34.3851693	-72.0046606
Negrete	town	-37.5856678	-72.5292643
Chaxas	locality	-22.7833330	-67.9833330
El Peñón	locality	-32.8790210	-70.2093285
Mucomucone	locality	-19.0479203	-68.9276926
Huechuraba	suburb	-33.3744615	-70.6362988
Tuquí	neighbourhood	-30.5656257	-71.1797050
San Carlos de Purén	village	-37.5955810	-72.2765028
Parral	town	-36.1414293	-71.8222221
Rauco	town	-34.9246071	-71.3166884
Cogotí	village	-31.0884980	-70.9557363
Maule	town	-35.5213470	-71.6918891
Vitacura	suburb	-33.3871062	-70.5764516
Puerto Cisnes	town	-44.7272567	-72.6804630
Indio Muerto	locality	-26.2333330	-69.5666670
Ovalle	city	-30.6030819	-71.2029894
Rivadavia	village	-29.9771202	-70.5594985
Irupata	locality	-19.5169198	-68.5013089
Turicapur	locality	-22.6204235	-68.2321820
El Chacay	locality	-30.4337574	-70.6853500
El Molino	locality	-20.9239109	-69.0851984
Planchada	locality	-33.2833330	-70.3500000
Monte Águila	town	-37.0878820	-72.4385017
Guacate	locality	-22.5166670	-69.3000000
Victoria	town	-38.2339494	-72.3316568
Tambería	locality	-27.8581987	-69.4624355
Panul	locality	-30.0137610	-71.3954209
Curaco de Vélez	village	-42.4396611	-73.6028415
Villa Los Boldos	village	-39.1561259	-73.0979622
Peñablanca	suburb	-33.0453491	-71.3581105
El Bosque	suburb	-33.5561468	-70.6655679
Pampa Nacha	locality	-24.9439954	-69.8833182
Alto de la Posada	locality	-32.8756212	-70.2061591
Umirpa	locality	-18.7834264	-69.3480637
Tirúa	town	-38.3438662	-73.4934808
El Manzano	village	-34.1794024	-71.3998661
Curanipe	village	-35.8452538	-72.6363570
Carrizalillo	locality	-35.1833330	-72.1833330
Santa Ana	locality	-20.4670691	-69.9267670
Aparejito	locality	-30.1333330	-70.5666670
Itahue	village	-35.1333277	-71.3563532
Aguas Blancas	locality	-24.1349277	-69.8797833
Puquios	locality	-30.5333330	-70.4000000
Laguna Verde	village	-33.1045621	-71.6675632
María Elena	town	-22.3451485	-69.6618035
San Rafael	neighbourhood	-33.6501798	-70.9288126
Altamira	locality	-25.7983932	-69.8464584
Sewell	village	-34.0848832	-70.3829390
Llano Choros	locality	-29.2397366	-71.3854382
Quebrada Alvarado	village	-33.0535350	-71.1083227
La Vinilla	neighbourhood	-34.1757478	-70.6383108
Casa de Piedra	locality	-20.9435022	-68.7093875
Ñielol	locality	-38.4430691	-72.6691103
Llaillay	town	-32.8429665	-70.9526493
Punta de Rieles	locality	-28.3000000	-70.8166670
Balmaceda	locality	-25.0666670	-69.7333330
Carrera Pinto	locality	-27.0833330	-69.9333330
Huamalata	village	-30.5694975	-71.1642137
Pargua	village	-41.7915011	-73.4603425
Larmahue	village	-34.4104569	-71.2128700
Calale	locality	-21.4339232	-69.7888120
Talquipén	village	-36.6100080	-71.9258565
El Temblador	locality	-29.4785561	-71.3090820
Baños de Chusmisa	locality	-19.7000000	-69.1333330
Baños Quiguata	locality	-19.8338931	-68.8500107
Melipeuco	town	-38.8532381	-71.6950139
Pozo Gregorio	locality	-30.7829920	-71.4101997
Bersovio el Covacio	locality	-53.4333330	-70.0666670
San Juan	locality	-23.0833330	-69.0333330
Guacarhue	village	-34.3542971	-71.0163561
Cholguán	village	-37.1657813	-72.0724611
Zapiga	locality	-19.6398405	-69.9644569
Quinamávida	village	-35.8112378	-71.4318657
Rosita	locality	-19.8903206	-69.8035514
Corte Alto	village	-40.9529371	-73.1615448
Pomuyeto	neighbourhood	-36.4281053	-71.9324255
Providencia	suburb	-33.4321835	-70.6095284
Los Marayes	locality	-27.4666670	-69.7000000
San Juan Bautista	village	-33.6357292	-78.8313164
La Ñipa	village	-32.2826605	-70.9736495
Oficina Diana	locality	-20.4680541	-69.7688879
El Cerrillo	neighbourhood	-35.6605130	-71.5736450
Bobadilla	village	-35.5703760	-71.6985913
Lircay	suburb	-35.4030113	-71.6376543
La Hacienda	locality	-30.1230147	-71.3678257
Casma	village	-41.0071302	-73.1232885
Copiapó	city	-27.3664685	-70.3322753
Yumbel	town	-37.0978676	-72.5622801
Quilaco	village	-37.6841271	-72.0054893
Río Negro	town	-40.7961713	-73.2163904
Tolar	locality	-20.9322007	-68.8857041
Chictuca	locality	-20.7815629	-69.0573223
Las Compañías	suburb	-29.8764032	-71.2380030
Placilla de Caracoles	locality	-23.0375554	-69.0055993
Puerto Chico	neighbourhood	-41.3281579	-72.9605331
Cuesta Idahue	village	-34.3413095	-71.1563459
Viluco	village	-33.7926180	-70.7803040
Granizo	suburb	-32.9878733	-71.1421977
Cachahuano	locality	-19.2658373	-68.7259473
San Carlos	town	-36.4248192	-71.9581208
Pehuén	village	-37.6697462	-73.5371284
Choshuenco	village	-39.8372162	-72.0823409
Trupán	village	-37.2761569	-71.8350569
Alto del Carmen	village	-28.7596711	-70.4861108
La Totorita	locality	-29.5500000	-70.7000000
Lo Espejo	suburb	-33.5250782	-70.6945390
Las Guías	locality	-30.2500000	-71.0166670
Las Cruces	town	-33.4996501	-71.6238636
Cabaña	locality	-22.0645624	-68.0595946
Pichidangui	village	-32.1396358	-71.5271605
Reserva Fiscal	locality	-52.6500000	-69.3500000
La Herradura Oriente	neighbourhood	-29.9885606	-71.3510267
Aimani	locality	-21.6154777	-68.6673647
Chintuya	locality	-19.7678326	-69.4286453
Lago Verde	village	-44.2402147	-71.8492779
Caren-Rumiñañi	locality	-38.9353247	-71.5488178
Taltal	town	-25.4078293	-70.4858424
El Salvador	town	-26.2462114	-69.6259658
Villa Alegre	town	-35.6752031	-71.7446702
La Mina	village	-34.6966022	-71.2839424
Majada El Tomate	locality	-27.3833330	-70.8833330
Serón	village	-30.3327366	-70.7458629
La Toroya	locality	-29.9375432	-70.0703676
La Portada	locality	-23.4987530	-70.4244233
Los Vilos	town	-31.9121725	-71.5138659
Huellahue	village	-39.6070696	-72.3623569
Cajoncito	locality	-26.7000000	-69.6166670
Guanaqueros	village	-30.1977033	-71.4220104
Pampa Anita	locality	-24.9000000	-69.7333330
Lo de Lobos	village	-34.3788261	-70.8136650
Hanga Roa	town	-27.1481172	-109.4273440
Alca	locality	-20.2733899	-69.0679545
Curimanqui	locality	-36.2166670	-72.3666670
Cunaco	village	-34.6499829	-71.2813389
Rapel	village	-33.9434247	-71.7380794
Placilla de Peñuelas	town	-33.1148867	-71.5679796
Canteras	village	-37.3997146	-72.0091534
Coihueco	town	-36.6288020	-71.8319077
Marchigüe	town	-34.4000880	-71.6182815
Pumanque	village	-34.6048141	-71.6546810
Pichirropulli	village	-40.1494470	-72.8991097
Sierra Gorda	village	-22.8916766	-69.3200101
Auchac	village	-43.0332286	-73.5364300
Casa Angostura	locality	-20.0166670	-68.6000000
Las Condes	suburb	-33.4084548	-70.5671489
Visviri	village	-17.5947669	-69.4815536
Finca Agua Dulce	locality	-26.4333330	-69.5166670
La Higuera	village	-32.7144595	-70.6420696
Montevideo	locality	-20.3166670	-69.8666670
Chorillos	locality	-28.1500000	-70.9000000
San Rafael	town	-35.3050966	-71.5156699
El Tabo	town	-33.4545847	-71.6691070
Futrono	town	-40.1311960	-72.3826602
La Pulpería	locality	-32.8911856	-70.2246083
Chapire	locality	-19.6541800	-69.1316110
El Portillo	locality	-28.9405616	-70.2653570
El Bolsico	village	-35.2453650	-71.1861922
Cantera Alta	neighbourhood	-29.9784718	-71.2888970
Lo Valdivia	village	-34.9991879	-71.3361242
Almireses	locality	-28.9964323	-71.0545046
Lebu	city	-37.6102279	-73.6560550
Grutas	locality	-21.9542603	-69.6138595
Cuncumén	village	-31.8971300	-70.6299877
La Chimba	neighbourhood	-32.4483629	-71.2886484
San Enrique de Romeral	village	-34.7312795	-70.9895957
Oficina Virginia	locality	-20.4683998	-69.7892085
Santa Irene	village	-34.4759047	-71.3109162
Lago Ranco	town	-40.3216708	-72.4813502
El Alto	locality	-32.7157380	-71.4306303
Llanquihue	town	-41.2575704	-73.0047428
Loma Blanca	locality	-35.2000000	-72.1333330
Pedro Montt	locality	-26.1833330	-69.9833330
Miramar	neighbourhood	-33.0254688	-71.5645744
Potrero El Pingo	locality	-30.5666670	-70.6500000
Agua de Doro	locality	-29.2333330	-71.1000000
Nueva Imperial	town	-38.7453101	-72.9519984
Paillaco	town	-40.0706633	-72.8726695
Gualliguaica	village	-30.0043157	-70.8166534
Villa Prat	town	-35.0880542	-71.6086692
Alto Hospicio	town	-20.2700478	-70.1009162
Chipallanta	locality	-19.8964397	-68.7067671
Refugio Llaima	locality	-38.6999494	-71.8047726
Pichasca	village	-30.3946623	-70.8708931
Fundición	locality	-19.8507971	-69.0642218
Los Dones	locality	-22.7067680	-69.7733574
Calina	locality	-21.9553827	-68.5955445
Peuco	village	-33.9568980	-70.6432683
Challe	locality	-28.2166670	-71.0500000
Los Lirios	locality	-30.7280590	-71.7041091
Casa de Lata	locality	-20.9638217	-68.7566948
Máfil	town	-39.6659792	-72.9521276
Ten Ten	neighbourhood	-42.4532520	-73.7726784
Cabrero	town	-37.0358293	-72.4026797
Tapinga	locality	-20.2666670	-69.1166670
Cartagena	town	-33.5468491	-71.6031708
Isla Negra	suburb	-33.4402750	-71.6805641
Domeyko	village	-28.9551341	-70.8933332
Huara	village	-19.9957872	-69.7727034
Barrio Meiggs	neighbourhood	-33.4519908	-70.6763884
Paso Integración Austral	locality	-52.1418182	-69.5198758
Cerro Castillo	neighbourhood	-33.0226250	-71.5643519
Cerro Alegre	neighbourhood	-33.0434064	-71.6298435
Cerro Concepción	neighbourhood	-33.0422635	-71.6264954
Población Antillanca	neighbourhood	-41.4575034	-72.9349293
Población Puerta del Sol	neighbourhood	-41.4545334	-72.9384680
Población Pichipelluco	neighbourhood	-41.4726458	-72.9103059
Cerro Monjas	neighbourhood	-33.0529492	-71.6154000
Gómez Carreño	suburb	-32.9921268	-71.5224352
Los Almendros	neighbourhood	-32.9654475	-71.5225377
Foresta de la Costa	neighbourhood	-32.9634578	-71.5410974
Costa Brava	neighbourhood	-32.9296023	-71.5492249
Cerro Panteón	neighbourhood	-33.0451536	-71.6253704
Barrio Las Mil Calles	neighbourhood	-33.4440799	-70.6267166
Villa El Tattersall	neighbourhood	-33.5569817	-70.6684777
Forestal	suburb	-33.0385676	-71.5428193
Miraflores Alto	neighbourhood	-33.0219207	-71.5196066
Paso Internacional Los Libertadores	locality	-32.8281906	-70.0926437
Villa Olímpica	neighbourhood	-33.0591971	-71.4500535
Santa Julia	suburb	-33.0057742	-71.5006640
Cerro Miraflores	neighbourhood	-33.0460668	-71.6317015
Barrio O'Higgins	neighbourhood	-33.0590427	-71.5929471
Cerro Molino	neighbourhood	-33.0511961	-71.5987260
Cerro Polanco	neighbourhood	-33.0498292	-71.5971387
Cerro Rodríguez	neighbourhood	-33.0487459	-71.5989704
Cerro Larraín	neighbourhood	-33.0461919	-71.5988202
Cerro Lecheros	neighbourhood	-33.0439400	-71.6022180
Cerro Artillería	neighbourhood	-33.0329179	-71.6314496
El Belloto	suburb	-33.0475612	-71.4081581
Penco	town	-36.7385838	-72.9937749
Caleta Lenga	village	-36.7672088	-73.1713576
Michaihue	neighbourhood	-36.8396465	-73.1427811
Villa San Pedro	neighbourhood	-36.8408061	-73.1073035
Los Derrumbes	locality	-40.7599421	-72.2975759
Chico	locality	-40.7715726	-72.2824429
Chanlefu	locality	-40.7468822	-72.3216052
Cerro Perdices	neighbourhood	-33.0362886	-71.6360537
Cerro Toro	neighbourhood	-33.0376557	-71.6350238
Cerro Arrayán	neighbourhood	-33.0351297	-71.6321555
Cerro Mesilla	neighbourhood	-33.0334464	-71.6345002
Cerro Locera	neighbourhood	-33.0404331	-71.6366031
Cerro Chaparro	neighbourhood	-33.0437499	-71.6375987
Puerto Peleco	locality	-37.8849507	-73.3720098
Los Lleuques	village	-36.8546688	-71.6445176
Reloca	village	-36.5505002	-72.0035802
Capilla Cox	village	-36.5535742	-71.9776629
Ñipas	village	-36.6050640	-72.5343744
Piamonte del Este	neighbourhood	-32.9694702	-71.5268707
La Viñita	village	-36.5868299	-71.7494605
Curauma	suburb	-33.1274190	-71.5696552
La Foresta de Curauma	neighbourhood	-33.1359742	-71.5744364
Jardines del Lago	neighbourhood	-33.1389796	-71.5693638
Lomas de Curauma	neighbourhood	-33.1436032	-71.5663487
Llanos de Curauma	neighbourhood	-33.1250137	-71.5735572
Villa Cardenal Samoré	neighbourhood	-33.1167829	-71.5801035
Casas Viejas	neighbourhood	-33.6082195	-70.5322003
Llo Lleo	suburb	-33.6125502	-71.6103119
Concepción	city	-36.8270698	-73.0502064
La Pintana	suburb	-33.5833594	-70.6298270
Ciudad Empresarial	neighbourhood	-33.3898021	-70.6183599
La Florida	suburb	-33.5204181	-70.6006178
San Ramón	suburb	-33.5428175	-70.6438120
Pedro Aguirre Cerda	suburb	-33.4938300	-70.6760755
Mina Spence (BHP Billiton)	locality	-22.7961054	-69.2614837
Coihuería	locality	-36.9433747	-71.4101855
Población Cayenel	neighbourhood	-41.4497168	-72.9569139
Población Chile Barrio	neighbourhood	-41.4491503	-72.9620081
Villa Artesanía	neighbourhood	-41.4509539	-72.9634463
Población Rotonda	neighbourhood	-41.4618295	-72.9510877
Condominio de Los Ríos	neighbourhood	-33.2566374	-70.6218564
La Florida	suburb	-29.9204007	-71.2115617
Fundo Entrepiernas	locality	-36.8172889	-71.7457867
Fundo Trelenca	locality	-36.8167171	-71.7634468
Higuerillas	neighbourhood	-32.9294668	-71.5406069
Concón Sur	neighbourhood	-32.9337399	-71.5329451
Villa Primavera	neighbourhood	-32.9344194	-71.5185565
Cerro Navia	suburb	-33.4293011	-70.7306399
Conchalí	suburb	-33.3960309	-70.6708385
Barrancas	suburb	-33.5971592	-71.6127855
Mirador de Reñaca	neighbourhood	-32.9991136	-71.4925524
Población Antonio Varas Norte	neighbourhood	-41.4597423	-72.9262588
Población Antonio Varas	neighbourhood	-41.4603203	-72.9313371
Población Chiloé	neighbourhood	-41.4615340	-72.9358845
Población Ampliación Chiloé	neighbourhood	-41.4614629	-72.9309476
Población Anef	neighbourhood	-41.4621205	-72.9270386
Villa Barcelona	neighbourhood	-36.5940452	-72.0656715
Jardín del Este	neighbourhood	-36.5873956	-72.0624096
Villa Emmanuel	neighbourhood	-36.5878913	-72.0710675
Barrio Toledo	neighbourhood	-36.5855496	-72.0704914
Putre	town	-18.1963825	-69.5592242
Unión Campesina	village	-30.7275450	-71.3037153
Las Ramadas	village	-30.7942867	-71.2550764
Chada	village	-33.9007780	-70.6608654
Las Vertientes	neighbourhood	-33.5883894	-70.4669595
Estación Yumbel	village	-37.1442845	-72.5395531
Reserva Nacional Tamango	locality	-47.2424663	-72.5240154
Puerto Río Tranquilo	village	-46.6239258	-72.6762876
El Rosal	village	-36.7203524	-71.8490647
Alerce	town	-41.3941802	-72.9145614
Punta Mancilla	neighbourhood	-47.8017837	-73.5349007
Punta Rodolfo	locality	-47.8063875	-73.5486923
Sector El Rincón	neighbourhood	-47.7974604	-73.5348815
Curacautín	town	-38.4372985	-71.8883419
Lo Prado	suburb	-33.4426273	-70.7178219
Teno	town	-34.8667952	-71.1612202
ALMA Operation Support Facility	locality	-23.0725867	-67.9807008
Los Hornitos	locality	-33.2822933	-70.3040131
Iloca	village	-34.9336612	-72.1801552
Campiche	village	-32.7321235	-71.4490130
Constitución	city	-35.3318306	-72.4118998
Villa Don José Miguel	neighbourhood	-34.6303899	-71.3593277
Villa Las Garzas	neighbourhood	-34.6368240	-71.3494386
Población Las Viñas	neighbourhood	-34.6324166	-71.3516070
Población Pablo Neruda	neighbourhood	-34.6324640	-71.3488788
Punta de Parra	village	-36.6735245	-72.9647787
Puente Ñuble	village	-36.5399898	-72.0850667
Litueche	town	-34.1154229	-71.7296864
La Orilla	neighbourhood	-34.7420669	-71.1850939
Candelaria N3	locality	-34.8322080	-71.4462823
Candelaria N1	locality	-34.8067004	-71.4348067
Almacigo Las Palmas	locality	-34.8521274	-71.4923222
Alquihue	village	-35.6388376	-71.8087124
Quinquehua	village	-36.5425626	-71.8822939
Sindempart	suburb	-29.9832780	-71.3429065
Illapel	city	-31.6326932	-71.1683039
Caleta Los Pescadores de Peñuelas	neighbourhood	-29.9533780	-71.3001842
Lo Barnechea	suburb	-33.3616012	-70.5051957
Los Nogales	neighbourhood	-33.3313065	-70.5320002
Los Trapenses	neighbourhood	-33.3426240	-70.5461334
El Huinganal	neighbourhood	-33.3414804	-70.5098564
Pueblito de Lo Barnechea	neighbourhood	-33.3545935	-70.5077110
El Canelo	neighbourhood	-33.3696589	-71.6825564
El Quisco	town	-33.4003110	-71.6939980
Santuario del Valle	neighbourhood	-33.3230122	-70.5480909
Jardín La Dehesa	neighbourhood	-33.3655041	-70.5294167
Parque del Sol	neighbourhood	-33.3404964	-70.5028136
Parque San Rafael	neighbourhood	-33.3600756	-70.5362293
Valle La Dehesa	neighbourhood	-33.3303880	-70.5198316
El Golf de Manquehue	neighbourhood	-33.3384779	-70.5556243
Las Pataguas	neighbourhood	-33.3516080	-70.5345536
Quinchamalí	neighbourhood	-33.3718430	-70.4971902
Valle Escondido	neighbourhood	-33.3472764	-70.4904493
Santa María de Manquehue	neighbourhood	-33.3739818	-70.5706660
Los Dominicos	neighbourhood	-33.4077309	-70.5423520
Lomas de La Dehesa	neighbourhood	-33.3429489	-70.5271918
Colón Oriente	neighbourhood	-33.4162734	-70.5338172
El Dorado	neighbourhood	-33.3893553	-70.5530437
San Damián	neighbourhood	-33.3811415	-70.5221011
Los Frailes	neighbourhood	-33.3763610	-70.5118641
Vital Apoquindo	neighbourhood	-33.4254877	-70.5333755
El Golf	neighbourhood	-33.4139377	-70.5922889
La Hoyada	neighbourhood	-33.3646568	-70.4880671
San Carlos de Apoquindo	neighbourhood	-33.4012621	-70.5172896
Nueva Las Condes	neighbourhood	-33.4052967	-70.5726248
Barrio El Salto	neighbourhood	-33.4022582	-70.6283196
Tabancura	neighbourhood	-33.3802002	-70.5340927
La Pincoya	neighbourhood	-33.3661209	-70.6335607
Bellavista de San Cristóbal	neighbourhood	-33.4321051	-70.6361346
La Pirámide	neighbourhood	-33.3839405	-70.6150792
Población 11 de Septiembre	neighbourhood	-41.7744470	-73.1337566
Población El Mirador	neighbourhood	-41.7707405	-73.1345588
Población El Bosque	neighbourhood	-41.7682745	-73.1314366
Población José Miguel Carrera	neighbourhood	-41.7726275	-73.1326382
Pabellón	village	-33.7507954	-71.1965295
Tierras Blancas	neighbourhood	-18.4536331	-70.2987912
Santa María del Mar	neighbourhood	-33.6653499	-71.6344879
Los Molles	village	-32.2395654	-71.5136665
Costa Cachagua	neighbourhood	-32.6235026	-71.4236619
Marbella	neighbourhood	-32.6642817	-71.4312268
Totoralillo	village	-30.0638888	-71.3663490
Salamanca	town	-31.7804674	-70.9649896
Hualpín	village	-39.0915487	-73.1810015
Bahía Inglesa	village	-27.1023240	-70.8559192
Bollenar	town	-33.5696545	-71.2119606
Mehuín	village	-39.4426544	-73.2129689
Codigua	village	-33.7578581	-71.3238859
Quenuir	village	-41.5641945	-73.6770539
San Luis	neighbourhood	-33.2189646	-70.6638109
Alto El Manzano	village	-33.1627545	-70.7893035
Coihue	village	-37.5564990	-72.5957887
Cerro de la Cruz	neighbourhood	-53.1598516	-70.9152968
Población El Porvenir	neighbourhood	-38.4122849	-72.7877926
Población El Toqui	neighbourhood	-38.4124277	-72.7767705
El Carmen	village	-34.2552438	-71.3850416
Loncura	suburb	-32.7861696	-71.5080585
Punta Puyai	neighbourhood	-32.4993406	-71.4341706
Quidico	village	-38.2502357	-73.4858640
Pichicuy	village	-32.3406658	-71.4560330
Beranda	neighbourhood	-32.5962967	-71.4356696
Ralco	village	-37.8820267	-71.6373781
Cáhuil	village	-34.4785681	-72.0168312
Villa O'Higgins	village	-48.4684802	-72.5592493
Cerro Sombrero	village	-52.7764615	-69.2909082
Pintué	village	-33.8747716	-70.8815572
Las Cascadas	village	-41.0787726	-72.6371667
Fundo Los Pellines	locality	-36.8239260	-71.6166006
Villa El Boldo 1	neighbourhood	-34.9690578	-71.2292381
Conavicoop	neighbourhood	-34.9687516	-71.2203176
Santa Ana	neighbourhood	-34.9680560	-71.2259851
Santa Fe	neighbourhood	-34.9651438	-71.2382053
La Marqueza	neighbourhood	-34.9751792	-71.2397680
Boldo 2	neighbourhood	-34.9685485	-71.2333115
Villa Apumanque	neighbourhood	-34.9716589	-71.2372523
Boldo 4	neighbourhood	-34.9666788	-71.2333765
Santa María	neighbourhood	-34.9712379	-71.2210435
Santa Laura	neighbourhood	-34.9710821	-71.2270006
Villa San Francisco	neighbourhood	-34.9874312	-71.2281892
Villa Aranjuez	neighbourhood	-34.9836068	-71.2226823
Población John Kennedy	neighbourhood	-34.9902421	-71.2313851
Población Sol de Septiembre	neighbourhood	-34.9782388	-71.2176277
Villa Las Flores	neighbourhood	-34.9744694	-71.2096085
Villa Alegría	neighbourhood	-34.9761723	-71.2114051
Villa Andrés Bello	neighbourhood	-34.9719001	-71.2089003
Villa Victor Domingo Silva	neighbourhood	-34.9709515	-71.2112233
Villa Los Cedros	neighbourhood	-34.9726380	-71.2043839
Villa Los Huertos	neighbourhood	-34.9700596	-71.2029083
Villa Parque de Rauquén	neighbourhood	-34.9693441	-71.2046063
Villa Pucará	neighbourhood	-34.9706836	-71.2061270
Villa Palestina	neighbourhood	-34.9723033	-71.2064723
Villa Alameda	neighbourhood	-34.9711670	-71.2090881
Villa Anakena	neighbourhood	-34.9734518	-71.2050252
Villa El Pilar	neighbourhood	-34.9690634	-71.2307916
Las Brisas del Boldo	neighbourhood	-34.9674506	-71.2204079
Población Manuel Rodríguez	neighbourhood	-34.9726424	-71.2267619
Villa San Vicente de Paul	neighbourhood	-34.9705797	-71.2340750
Villa Manuel Larrain	neighbourhood	-34.9708101	-71.2320925
Villa La Paz	neighbourhood	-34.9711423	-71.2459292
Villa Costa Azul	neighbourhood	-34.9738748	-71.2495248
Villa La Reina	neighbourhood	-34.9750092	-71.2526576
Villa El Arrayan	neighbourhood	-34.9730663	-71.2465098
El Macal	locality	-36.8303355	-71.6875466
Millalemu	locality	-36.8350150	-71.6862994
Nueva Braunau	village	-41.3255151	-73.0839076
Don Rodrigo del Boldo	neighbourhood	-34.9617498	-71.2267203
Población El Boldo	neighbourhood	-34.9678401	-71.2305952
Población Rauquén	neighbourhood	-34.9752179	-71.2152875
Santa Inés	neighbourhood	-34.9941013	-71.2403412
Diego Portales	neighbourhood	-34.9955905	-71.2360319
Población Bombero Garrido	neighbourhood	-34.9783757	-71.2576898
Villa Galilea	neighbourhood	-34.9720652	-71.2597479
Prosperidad	neighbourhood	-34.9944800	-71.2551620
Población Curicó	neighbourhood	-34.9752368	-71.2255455
Don Sebastián de Rauquén	neighbourhood	-34.9603332	-71.2117865
Isla Cautín	locality	-38.7468209	-72.5925718
Elecmec	neighbourhood	-34.9986543	-71.2443132
Araucanía	neighbourhood	-34.9817401	-71.2596429
Los Aromos	neighbourhood	-34.9898801	-71.2483123
Electrificación	neighbourhood	-34.9868852	-71.2480334
Santa Lucía	neighbourhood	-34.9915350	-71.2541387
La Foresta	neighbourhood	-34.9870881	-71.2505823
Vaticano	neighbourhood	-34.9854745	-71.2541834
Los Profesores	neighbourhood	-34.9842025	-71.2508579
Las Nieves	neighbourhood	-34.9910033	-71.2520458
El Cobre / Imperial	neighbourhood	-33.5767772	-70.6661100
La Colmena	neighbourhood	-34.9748468	-71.2429500
Villa Universo	neighbourhood	-34.9887223	-71.2555121
Rucatremu	neighbourhood	-34.9806354	-71.2206536
Galvarino	neighbourhood	-34.9992320	-71.2482286
Ricardo Rojas	neighbourhood	-34.9818167	-71.2537909
Villa Freire	neighbourhood	-34.9750461	-71.2371724
Caupolicán	neighbourhood	-34.9896702	-71.2351752
Consistorial	neighbourhood	-34.9903747	-71.2407702
Libertad	neighbourhood	-34.9943959	-71.2359048
Huaiquillo	neighbourhood	-34.9961666	-71.2414891
Vinicas Patrias	neighbourhood	-34.9957011	-71.2389274
Los Alerces	neighbourhood	-34.9952070	-71.2440038
Nilahue	neighbourhood	-34.9923252	-71.2422257
Fundo San Isidro	locality	-36.5448882	-71.6582351
Población Mataquito	neighbourhood	-34.9783614	-71.2368225
San Francisco	neighbourhood	-35.6954963	-71.4077638
Villa Las Estrellas	neighbourhood	-35.7033878	-71.4035238
Población Chiburgo	neighbourhood	-35.7040487	-71.4037651
Villa Los Lagos	neighbourhood	-35.7007099	-71.4032729
Villa Bicenterario	neighbourhood	-35.6971814	-71.3952603
Villa La Primavera	neighbourhood	-33.6116447	-70.5520015
Parque San Francisco	neighbourhood	-33.5851787	-70.5675487
San Pedro	neighbourhood	-33.6238914	-70.5784712
Villa Industrial Papelera	neighbourhood	-33.6153501	-70.5665407
Villa Nocedal 3	neighbourhood	-33.6274737	-70.5949099
Villa Andes del Sur	neighbourhood	-33.5648299	-70.5749838
Villa Los Prados	neighbourhood	-33.5746185	-70.5763679
Ciudad del Sol	neighbourhood	-33.5959995	-70.5895400
Ciudad del Este	neighbourhood	-33.5641603	-70.5488269
Villa Don Ramón	neighbourhood	-33.5837326	-70.5550004
Los Quillayes	neighbourhood	-33.5656261	-70.5891594
Villa O'Higgins	neighbourhood	-33.5341909	-70.6038040
Enea	neighbourhood	-33.4278653	-70.7782800
Población El Estanque	neighbourhood	-33.4720813	-70.5396189
Villa Francia	neighbourhood	-33.4717741	-70.7106849
Barrio Franklin	neighbourhood	-33.4731019	-70.6451423
Barrio República	neighbourhood	-33.4527404	-70.6674296
Barrio Brasil	neighbourhood	-33.4406468	-70.6658915
Población La Legua Emergencia	neighbourhood	-33.4868112	-70.6368146
Hualpén	town	-36.7927608	-73.0943414
Población 18 de Septiembre	neighbourhood	-36.6050994	-72.9633235
Cerro Estanque	neighbourhood	-36.6104176	-72.9487377
Bellavista de La Florida	neighbourhood	-33.5171637	-70.6036064
Lo Planella	neighbourhood	-33.5625306	-70.5354266
Población La Victoria	neighbourhood	-33.4876590	-70.6773510
Cerro Dieciocho	neighbourhood	-33.3559289	-70.5014955
Población Dávila	neighbourhood	-33.5027442	-70.6759519
Población La Bandera	neighbourhood	-33.5486718	-70.6440248
Comunidad Ecológica de Peñalolén	neighbourhood	-33.4886616	-70.5308733
ʻŌroŋo	locality	-27.1892750	-109.4432250
La Chocota	neighbourhood	-32.7301986	-71.4874215
Boldo 6	neighbourhood	-34.9704527	-71.2383530
Fundo La Esperanza	locality	-36.7795280	-71.7266401
Fundo Castillo	locality	-36.8774597	-71.6153027
Casa Piedra	locality	-36.8770734	-71.6713750
Kemoa	locality	-55.1873548	-67.4577503
Caleta Buena	locality	-19.8808488	-70.1316826
Maule	neighbourhood	-37.0020917	-73.1862451
Guanillos	locality	-21.2002916	-70.0935031
Mina Explotadora	locality	-25.8260228	-69.3154604
Mina Rosario	locality	-26.0178269	-70.2584478
La Pólvora	locality	-25.7766447	-69.5412488
Oficina Miraflores	locality	-25.4684712	-69.8008340
Mina Yaquie	locality	-25.6372383	-70.3784096
Mina La Unión	locality	-25.5936160	-70.3659101
Canchas	locality	-25.4239896	-70.1745505
Oficina Catalina del Sur	locality	-25.4938910	-69.7819610
Villa Tauro	neighbourhood	-33.5595479	-70.5958348
Champa	suburb	-33.8548541	-70.7623595
Huelquén	town	-33.8326411	-70.6424684
Hacienda Guay-Guay	neighbourhood	-33.2626123	-70.6244103
Santa Olga	village	-35.4508337	-72.2792882
Minera San Andrés	locality	-22.5297948	-70.2494460
Oficina Bonasort	locality	-24.2261100	-69.8951798
Oficina Renacimiento	locality	-24.2241698	-69.8027090
Oficina María Teresa	locality	-24.2076365	-69.8541527
Oficina Castilla	locality	-23.8987992	-69.8383813
Oficina Rosario	locality	-24.3131186	-69.9701475
Oficina Valparaíso	locality	-24.2422330	-69.8421364
Oficina Chile	locality	-25.1657008	-69.8576718
Oficina Atacama	locality	-25.2021725	-69.8417765
Oficina Caupolicán	locality	-25.2000905	-69.7199135
Oficina Esperanza	locality	-25.3435832	-69.7225099
Oficina Flor de Chile	locality	-25.3293482	-69.8114949
Oficina Lacalle	locality	-24.4217953	-69.9049645
Oficina Britania	locality	-25.3147132	-69.8696281
Oficina Ballena	locality	-25.2904554	-69.6740799
Pan de Azúcar	locality	-24.1152929	-68.6740299
Mina Zaldívar	locality	-24.2238679	-69.0841018
Ex Oficina Augusta Victoria	locality	-24.1075088	-69.3627589
Negrillar	locality	-24.2355977	-68.4382279
La Junta	village	-43.9721171	-72.4053016
Oficina Empresa	locality	-22.0374560	-69.6207514
Oficina Rica Aventura	locality	-21.9865286	-69.6074047
Oficina Buena Esperanza	locality	-22.0189236	-69.6180701
Oficina Prosperidad	locality	-21.9768990	-69.6073189
Parque del Loa	locality	-22.3498190	-69.5659850
Oficina Santa Fe	locality	-21.8655326	-69.5631097
Ojeda	locality	-22.1108348	-69.8684689
Puntilla	locality	-22.0253206	-69.7413942
Mina El Abra	locality	-21.9217804	-68.8320739
Polapi	locality	-21.7670536	-68.4281468
Piedras Comadres	locality	-36.8839858	-71.5715761
Yuma	locality	-21.0149128	-68.4830693
Villa Santa Elena	neighbourhood	-35.0698106	-71.1549777
Villa El Manzano	neighbourhood	-35.0726293	-71.1605170
Villa Primavera	neighbourhood	-35.0540732	-71.2778596
Don Horacio	neighbourhood	-35.0597249	-71.2621341
La Cruz	village	-35.0107753	-71.3121048
Diego Portales	neighbourhood	-35.0450531	-71.3081041
Santa Rosa	village	-35.0429888	-71.3091770
Pencahue	town	-35.3961663	-71.7993745
Prados del Valle	neighbourhood	-34.9676810	-71.2472692
Ríos de Chile	neighbourhood	-36.7053717	-72.9732184
Guzmán	neighbourhood	-36.7512711	-72.9979526
Baquedano	neighbourhood	-36.7255724	-72.9849269
Penco Chico	neighbourhood	-36.7482121	-72.9950306
Forjadores de Chile	neighbourhood	-36.7427190	-73.0043598
Cerro Verde Bajo	neighbourhood	-36.7241293	-72.9902670
Cosmito	neighbourhood	-36.7761993	-73.0209418
La Greda	neighbourhood	-36.7672356	-73.0130869
Bellavista	neighbourhood	-36.7398298	-73.0020500
Cerro Verde Alto	neighbourhood	-36.7268755	-72.9879168
La Huerta	village	-35.0894691	-71.6571369
Lomas de San Sebastián	neighbourhood	-36.7802271	-73.0490923
Villa Marcela Paz	neighbourhood	-34.9643237	-71.2345453
Barrio Chino	neighbourhood	-36.7118773	-72.9769453
Rahue	neighbourhood	-36.7109886	-72.9716952
Hacienda El Peñón	neighbourhood	-33.5879203	-70.5096043
Villa Alegre	neighbourhood	-34.9521146	-71.1260111
San Sebastián	neighbourhood	-34.9535401	-71.1225591
Villa El Bosque	neighbourhood	-34.9555149	-71.1278808
Villa San José	neighbourhood	-34.9580187	-71.1270704
Villa Santa Amalia	neighbourhood	-36.7174966	-72.9758682
Miraflores	neighbourhood	-36.8156579	-73.0776286
Población Juan Pablo II	neighbourhood	-36.8146153	-73.0789026
Barrio Cívico	neighbourhood	-36.8305703	-73.0600020
Brisa del Sol	neighbourhood	-36.7710114	-73.0779041
Cerro El Golf	neighbourhood	-36.8092949	-73.0630425
Caleta Tumbes	village	-36.6402273	-73.0940993
Villuco	neighbourhood	-36.8805874	-73.0360862
Lomas de San Andrés	neighbourhood	-36.7921263	-73.0578132
Pedro de Valdivia Bajo	neighbourhood	-36.8402600	-73.0565525
Lonco Parque	neighbourhood	-36.8720789	-73.0375652
Pedro de Valdivia	neighbourhood	-36.8467567	-73.0512857
Pedro de Valdivia Alto	neighbourhood	-36.8598680	-73.0460886
Valle Escondido de Paicaví	neighbourhood	-36.8021732	-73.0600214
San Pedro del Valle	neighbourhood	-36.8455255	-73.1176048
Huertos Familiares	neighbourhood	-36.8332456	-73.1083194
Villa Parque Las Gaviotas	neighbourhood	-36.8314626	-73.1185271
Parque Residencial Los Canelos	neighbourhood	-36.8422534	-73.0968359
Villa Padre Hurtado I	neighbourhood	-36.8234833	-73.1330924
Parque Residencial Laguna Grande	neighbourhood	-36.8403354	-73.1167341
Vilumanque	neighbourhood	-36.7850767	-73.0181209
Villa San Francisco	neighbourhood	-36.7978248	-73.0269052
Villa Concepción	neighbourhood	-36.7881221	-73.0222050
Villa Universitaria	neighbourhood	-36.7930111	-73.0242980
Frutillar	town	-41.1258462	-73.0604738
Algarrobo	town	-33.3691720	-71.6680533
Rafael	village	-36.6314649	-72.7918884
Santa Mónica	neighbourhood	-35.0607354	-71.1732428
Santa Claudia	neighbourhood	-35.0586097	-71.1727343
Villa Aurora	neighbourhood	-35.0765704	-71.1478522
Santa Fe	village	-37.4661301	-72.5829291
La Cruz	town	-32.8279116	-71.2271534
Huasco	town	-28.4651248	-71.2207947
Lo Miranda	town	-34.1896393	-70.8906484
California	village	-34.2190758	-70.9272822
Rinconada de Doñihue	village	-34.2066249	-70.9435047
Chillehue	neighbourhood	-34.2913674	-70.9872796
El Rulo	village	-34.3068930	-71.0199248
Quinta de Tilcoco	town	-34.3545849	-70.9638806
Corcolén	village	-34.4090203	-71.0003331
Panquehue	village	-34.4092652	-70.9257117
Bellavista	neighbourhood	-34.9784877	-71.7935543
Maitencillo	village	-28.5291514	-70.9287240
Cerrillos	neighbourhood	-34.2536688	-70.9907752
Santa Lucía	neighbourhood	-30.6207891	-71.1244334
Santa Berta	neighbourhood	-30.6451582	-71.1053822
Requínoa	town	-34.2848586	-70.8175128
El Cerrillo	village	-34.3957371	-70.7823353
Laja	town	-37.2795106	-72.7149212
Rere	village	-37.1330888	-72.7273379
La Tirana	village	-20.3359256	-69.6564201
San José de Apalta	village	-34.6333977	-71.2550551
Santa Elena	village	-33.2156715	-70.7323896
Nancagua	town	-34.6527427	-71.1953819
Lo Salinas	locality	-34.1220233	-71.0740546
Villa Alhué	town	-34.0320589	-71.0991207
Ignao	village	-40.3309854	-72.5547950
Llifén	village	-40.2001273	-72.2596093
Estoril	neighbourhood	-33.3882756	-70.5332850
El Porvenir	neighbourhood	-32.7916669	-70.6733429
Tierras Blancas	village	-32.7855964	-70.7156350
Crucero	village	-40.4188264	-72.7877481
Lanco	town	-39.4522225	-72.7754222
Caburgua	village	-39.1993825	-71.8081281
Pueblo Seco	village	-36.8812319	-72.0916604
El Colorado	village	-33.0739428	-70.7178912
Catripulli	village	-39.3476299	-71.7062786
Villa Cordillera	neighbourhood	-34.8720447	-71.1670216
Quilacoya	village	-37.0545384	-72.9628530
Población Comalle	neighbourhood	-34.9229275	-71.3172650
Villa Universidad Católica	neighbourhood	-33.4822993	-70.5827093
Población Guayacán	neighbourhood	-34.9219424	-71.3156184
Padres Trapenses	neighbourhood	-34.9217489	-71.3137731
Villa España	neighbourhood	-34.9339851	-71.1995749
Papa Vaka Petroglifos	locality	-27.0910569	-109.2946026
Población Quilvo	neighbourhood	-34.9564426	-71.1265237
Puerto Americano	locality	-45.0307757	-73.6960315
Uspallante	locality	-44.9386309	-73.1190862
Puerto Ballena	locality	-44.1355021	-73.4548710
Villa Hermano Bonifacio	neighbourhood	-32.8971150	-71.2511383
Caleta Vidal	locality	-45.2569249	-73.4324388
Barrio Industrial	neighbourhood	-53.1065466	-70.8901759
Centro de Punta Arenas	neighbourhood	-53.1603296	-70.9068549
Bahía Catalina	neighbourhood	-53.1352453	-70.8616706
Barranco Amarrillo	neighbourhood	-53.0955656	-70.8779988
Río de los Ciervos	neighbourhood	-53.2009942	-70.9365316
Puerto del Hambre	locality	-53.6134860	-70.9300364
Calingasta	neighbourhood	-30.0231843	-70.6921467
18 de Septiembre	neighbourhood	-53.1640326	-70.9360576
Archipiélago de Chiloé	neighbourhood	-53.1823995	-70.9467869
Costanera Sur	neighbourhood	-53.1781460	-70.9211286
El Golf	neighbourhood	-53.1395274	-70.8743448
San José del Carmen	village	-34.5231480	-71.3746479
Lo Herrera	village	-33.6691108	-70.7436393
Villa Macizo Andino	neighbourhood	-33.8211916	-70.7364660
Estancia Almirantazgo	locality	-54.4614410	-69.0870686
Puerto Cóndor	locality	-53.9762125	-70.0966456
Puqueldón	village	-42.5992585	-73.6762714
Temuco	city	-38.7358908	-72.5905380
Villa Santa Elena	neighbourhood	-33.5038942	-70.6111895
Rinconada de Mejillones	neighbourhood	-23.0991226	-70.4793293
Río Pudeto	neighbourhood	-41.8865015	-73.7977596
Villa Pedro Lagos	neighbourhood	-18.4474049	-70.2964761
Vista Hermosa	neighbourhood	-41.8604616	-73.8160355
Bonilla	neighbourhood	-41.8622720	-73.8198536
San Valentín	neighbourhood	-41.8605175	-73.8116903
Inés de Bazán	neighbourhood	-41.8733358	-73.8186621
Fátima	neighbourhood	-41.8763913	-73.8296490
Bellavista 1	neighbourhood	-41.8757110	-73.8255017
Población 18 de Septiembre	neighbourhood	-41.4709695	-72.9199020
Villa Chiloé	neighbourhood	-41.8699331	-73.8065037
Bellavista 2	neighbourhood	-41.8768605	-73.8254314
Primero de Mayo	neighbourhood	-41.8807068	-73.8326207
Huillinco	village	-42.6746761	-73.8976229
Carmen Bajo	village	-33.7234084	-71.1944138
Huechún Bajo	village	-33.7113644	-71.2875793
24 de Abril	village	-33.8019827	-70.6819723
El Carmen	village	-34.0851234	-70.6531030
Ramón Freire	neighbourhood	-41.8729235	-73.8273026
Villa Esperanza	neighbourhood	-41.8790236	-73.8351094
Río Puelo	village	-41.6642824	-72.2962174
Villa Portal Andino	neighbourhood	-33.1904992	-70.6644253
Lo Seco	neighbourhood	-33.1935191	-70.6715552
Dalcahue	town	-42.3795533	-73.6472998
Villa Los Lagos	neighbourhood	-36.4225508	-71.9759089
Población 11 de Septiembre	neighbourhood	-36.4175303	-71.9706149
La Foresta	neighbourhood	-36.8772516	-73.1358530
Villa Los Escritores	neighbourhood	-36.8998714	-73.1471103
Bosque San Pedro	neighbourhood	-36.8832915	-73.1451635
Portal San Pedro	neighbourhood	-36.8859432	-73.1453888
Altos del Llanquihue	neighbourhood	-41.3106129	-72.9886006
Punta de Tralca	suburb	-33.4254016	-71.6917407
Guaylandia	locality	-33.4673025	-71.6436802
Cocalán	village	-34.2078505	-71.2769501
Gultro	town	-34.2032219	-70.7556327
El Tabito	neighbourhood	-33.4634578	-71.6482994
Pudeto Medio	neighbourhood	-41.8751360	-73.8052815
Libertad	neighbourhood	-41.8817936	-73.8318547
La Reserva de Machalí	neighbourhood	-34.1825565	-70.6854546
Barrio Centro Nuevo Machalí	neighbourhood	-34.1790023	-70.6990878
Villa María Lucía	neighbourhood	-34.1809098	-70.6997149
Alto Lo Castillo	neighbourhood	-34.1697054	-70.6904591
Plazas del Campo	neighbourhood	-34.1709371	-70.6873118
Plazas del Valle	neighbourhood	-34.1718603	-70.6882183
Las Palmeras de Sanchina	neighbourhood	-34.1826192	-70.6958125
Santa Ana de Sanchina	neighbourhood	-34.1811226	-70.6906189
Barrio Colonial Sanchina	neighbourhood	-34.1793393	-70.6956746
Villa Bosques de San Francisco I	neighbourhood	-34.1765086	-70.7596446
Condominio Vista al Valle	neighbourhood	-34.1653723	-70.6397019
Villa Bosques de San Francisco III	neighbourhood	-34.1832838	-70.7601214
Galilea A	neighbourhood	-34.1740043	-70.7653061
Bosques de Santa Clara	neighbourhood	-34.1752754	-70.7719412
Camino a Machalí	suburb	-34.1731346	-70.6847361
El Polo de Machalí	neighbourhood	-34.1885288	-70.6745243
Nogales	suburb	-34.2086142	-70.6578940
Población Santa Teresa	neighbourhood	-34.1768946	-70.6884059
Adobes de Nogales	neighbourhood	-34.2021063	-70.6669040
Valle Nogales	neighbourhood	-34.2106124	-70.6596258
Condominio Nogales Alto	neighbourhood	-34.2076977	-70.6610581
Santa María de Machalí	neighbourhood	-34.1744306	-70.6851862
Condominio Lomas de Nogales	neighbourhood	-34.2024028	-70.6568711
El Polo B	neighbourhood	-34.1917740	-70.6729457
Condominio Santa Sofía	neighbourhood	-34.1645338	-70.6681231
Condominio Parque San Juan	neighbourhood	-34.1681335	-70.6669322
Villa Millaray	neighbourhood	-34.9753415	-71.2109813
Los Encinos de Santa Rosa	neighbourhood	-34.1715206	-70.6797570
Santa Rosa de Machalí	neighbourhood	-34.1724570	-70.6829166
Haras de Machalí	neighbourhood	-34.1732744	-70.6779366
Las Pircas de Machalí	neighbourhood	-34.1687286	-70.6833624
Jardines de Sanchina	neighbourhood	-34.1742723	-70.6933129
Plaza Las Rosas	neighbourhood	-34.1736332	-70.6811142
Plaza Las Orquídeas	neighbourhood	-34.1723417	-70.6816506
Villa Antonio Cerezuela	neighbourhood	-34.9652076	-71.2437515
Población Nueva Esperanza	neighbourhood	-34.8681643	-71.1684264
Hornopirén	town	-41.9660516	-72.4706795
Puerto Fuy	village	-39.8732995	-71.8944513
Malloco	suburb	-33.6042468	-70.8526137
Hacienda El Polo	neighbourhood	-34.1842174	-70.6652948
Nueva Esperanza	village	-36.5183874	-72.0543567
San José de Marchigüe	village	-34.2958352	-71.4381880
Pataguas Cerro	village	-34.3113804	-71.3843353
Portezuelo	village	-34.4121621	-71.2349214
Lo Argentina	village	-34.4140868	-71.1902275
Santa Amelia	village	-34.4080689	-71.3020061
El Niche	village	-34.4453627	-71.1710676
El Toco	village	-34.3472843	-71.4070623
La Torina	village	-34.3542155	-71.3033926
Mal Paso	neighbourhood	-34.3700418	-71.2595372
Población Monterrey	neighbourhood	-33.0298590	-71.5633745
Paso Moya	neighbourhood	-35.4384173	-71.6475411
Villa El Dorado	neighbourhood	-34.9269983	-71.3223060
Las Escaleras	neighbourhood	-34.9273514	-71.3133258
Condominio La Fuente	neighbourhood	-33.2587635	-70.6250860
Condominio Canquén	neighbourhood	-33.2656887	-70.6220337
Condominio El Refugio	neighbourhood	-33.2698488	-70.6222858
Mirador de Nogales	neighbourhood	-34.2159599	-70.6592737
Tierras Blancas	neighbourhood	-34.1941544	-70.6407912
El Guindal	neighbourhood	-34.1955068	-70.6451471
Ex Cancha de los Huasos	neighbourhood	-41.8809048	-73.7904668
Alto Rancagua	neighbourhood	-34.1731223	-70.7011511
Población Laguna del Inca	neighbourhood	-34.1626731	-70.6975668
Población Cardenal Raúl Silva Henríquez	neighbourhood	-34.1606623	-70.6988435
Villa Las Cumbres	neighbourhood	-34.1616433	-70.6965288
Villa Hermano de la Fuente	neighbourhood	-34.1632172	-70.6947406
Parque Isluga	neighbourhood	-34.1617525	-70.6945135
Villa Arcoiris	neighbourhood	-34.1650416	-70.6964876
Villa Cordillera	neighbourhood	-34.1624672	-70.7034560
Villa Teniente	neighbourhood	-34.1589383	-70.7059182
Villa Nevada	neighbourhood	-34.1615994	-70.7015248
Rodolfo Cortés Ferrada	neighbourhood	-34.1565057	-70.7025977
Goleta Ancud	neighbourhood	-41.8677426	-73.8206778
Villa Subercaseaux	neighbourhood	-41.8825510	-73.8355060
Corinto	village	-35.4421331	-71.8667632
Bellavista 4	neighbourhood	-41.8793384	-73.8215310
Bellavista 3	neighbourhood	-41.8782712	-73.8234192
Aldeas Infantiles SOS	neighbourhood	-41.8809201	-73.8217885
Costa Quilén	neighbourhood	-32.7157197	-71.4726917
Población Esperanza	neighbourhood	-34.8687162	-71.1670090
Isla del Trabajo	locality	-38.4115821	-73.9346280
Cerro La Cruz	locality	-38.3457183	-73.9488754
Lobería	locality	-38.3184841	-73.9558062
Contao	village	-41.8024607	-72.7186955
Estancia Los Onas	locality	-53.3401374	-69.5642562
Caleta Los Crillos	locality	-53.3390760	-69.6081206
Cumbres de Nogales	neighbourhood	-34.2043325	-70.6548056
Villa San Juan de Dios	neighbourhood	-41.8785516	-73.8099085
La Gamboína	neighbourhood	-34.1557414	-70.6934727
Los Álamos de La Cruz	neighbourhood	-34.1445142	-70.7251692
Juan Riquelme Garay	village	-36.8014910	-72.9550685
Tucapel Bajo	neighbourhood	-36.8087100	-73.0579060
San Sebastián	suburb	-33.5270136	-71.5973512
Villa Archipiélago	neighbourhood	-41.8797729	-73.8238577
Solar de Sanchina	neighbourhood	-34.1754963	-70.6955468
Condominio Jardín Inglés	neighbourhood	-34.1750924	-70.6938677
Las Cabras	village	-32.7319568	-70.6247383
Tres Peñas	neighbourhood	-35.8263864	-72.6071346
Rayito de Sol	neighbourhood	-34.3973579	-71.9924212
Villa Florencia 4	neighbourhood	-34.1831355	-70.7691201
Villa Conavicoop	neighbourhood	-34.1845149	-70.7647323
Galilea C	neighbourhood	-34.1719272	-70.7670980
Población Lourdes	neighbourhood	-34.1692021	-70.7578819
San Vicente de Paul	neighbourhood	-34.1804128	-70.7618998
Villa Provincial	neighbourhood	-34.1721137	-70.7640402
Santa Julia	neighbourhood	-34.1822279	-70.7559185
Galilea D	neighbourhood	-34.1802797	-70.7659553
Galilea E	neighbourhood	-34.1825785	-70.7726019
Villa San Ignacio	neighbourhood	-34.1784999	-70.7645925
Villa El Bosque	neighbourhood	-38.9630567	-72.6288906
Villa Futuro	neighbourhood	-35.0601110	-71.2653808
Región del Maule	neighbourhood	-35.1058139	-71.3019666
La Concepción	neighbourhood	-35.1074771	-71.2979165
Villa Huelén	neighbourhood	-35.1084821	-71.2975356
Don Hilario	neighbourhood	-35.1117997	-71.2930295
Santa Jessica	neighbourhood	-41.8608317	-73.8268554
22 de Mayo	neighbourhood	-41.8624797	-73.8225800
Villa Fuerte Real	neighbourhood	-41.8605313	-73.8294594
Bórquez Solar	neighbourhood	-41.8619862	-73.8255769
Villa Olímpica	neighbourhood	-33.4635039	-70.6197050
Población Los Copihues	neighbourhood	-35.0573721	-71.2746868
Condominio Victoria	neighbourhood	-34.1582379	-70.6979275
Altos de Caracoles	neighbourhood	-41.8805792	-73.8068555
Salitrera Huáscar	locality	-19.7493422	-69.9148394
Villa Iquique	neighbourhood	-20.3373844	-69.6528044
Villa Esperanza	neighbourhood	-20.3354302	-69.6529573
Los Pioneros	neighbourhood	-36.8520857	-73.1336112
Villa Instituto Inglés	neighbourhood	-34.1762324	-70.6820319
Parque San Andrés	neighbourhood	-34.1709640	-70.6725702
Villa San Marcelino	neighbourhood	-34.1760376	-70.6839315
Conjunto Don Rodrigo	neighbourhood	-34.1716256	-70.6858621
Santa Josefina	neighbourhood	-34.1688116	-70.6746076
El Palquial	neighbourhood	-34.1695180	-70.6606659
Comandante Araya	neighbourhood	-41.8743954	-73.8117949
Padre Alberto Hurtado	neighbourhood	-41.8796358	-73.7971286
Lomas de Machalí	neighbourhood	-34.1747144	-70.6584719
Villa El Maitén	neighbourhood	-34.1749564	-70.6631593
Condominio La Fontana	neighbourhood	-34.1708132	-70.6610897
Condominio Los Llanos de Machalí	neighbourhood	-34.1692325	-70.6529479
El Bolsón	neighbourhood	-37.4558159	-72.3786154
Paillihue	suburb	-37.4866769	-72.3396815
Villa Ciudades de Chile	neighbourhood	-37.4715303	-72.3729248
Villa Galilea	neighbourhood	-37.4753249	-72.3751317
Villa Colo Colo	neighbourhood	-37.4721910	-72.3747157
Población Dávila	neighbourhood	-37.4730353	-72.3600013
Población General Baquedano	neighbourhood	-37.4751878	-72.3663077
Población Iansa	neighbourhood	-37.4820707	-72.3658818
Población 2 de Septiembre	neighbourhood	-37.4782143	-72.3637731
Población Kennedy	neighbourhood	-37.4706229	-72.3645926
Población Nueva Estrella	neighbourhood	-37.4758545	-72.3601558
Población Victoria	neighbourhood	-37.4732311	-72.3648406
Villa Los Ángeles	neighbourhood	-37.4689757	-72.3685152
Población Nuevo Horizonte	neighbourhood	-37.4751831	-72.3648459
Población 11 de Septiembre	neighbourhood	-37.4706988	-72.3707945
Población El Esfuerzo	neighbourhood	-37.4740251	-72.3616702
Población Polígono	neighbourhood	-37.4715340	-72.3658908
Villa Pablo Neruda	neighbourhood	-37.4734524	-72.3743361
Población Lautaro	neighbourhood	-37.4757510	-72.3575648
Población Santa María	neighbourhood	-37.4730455	-72.3628853
Población El Retiro	neighbourhood	-37.4752453	-72.3630424
Villa Parque Lauquén	neighbourhood	-37.4939214	-72.3299236
Santiago Bueras	neighbourhood	-37.4630063	-72.3704485
Villa El Avellano	neighbourhood	-37.4488646	-72.3411854
Villa Parque Sor Vicenta	neighbourhood	-37.4506848	-72.3314465
Villa Monte Cea	neighbourhood	-37.4662797	-72.3313995
Villa Pinares	neighbourhood	-37.4490801	-72.3343532
Villa Hermosa	neighbourhood	-37.4566517	-72.3481374
Los Quinquelles	village	-32.2905129	-71.4708742
Villa Los Olmos	neighbourhood	-35.2163441	-71.2583777
Villa San Andrés	neighbourhood	-35.2158401	-71.2535674
Galilea F	neighbourhood	-34.1787471	-70.7743997
Cardenal Silva Henríquez	neighbourhood	-41.8812229	-73.8390362
Santa Rosa	village	-37.6467943	-73.6231739
Las Parrillas	locality	-46.5857924	-72.4195008
El Pedregal	locality	-46.7238854	-73.0294137
El Ciruelo	locality	-47.2625704	-72.4493908
Puesto Tejuela	locality	-47.1767598	-72.3661350
Potrero Las Vacas	locality	-47.0524015	-72.3905643
Los Leones	locality	-47.2138526	-72.8694461
El Porvenir	locality	-47.2399653	-72.6842235
Poco a Poco	locality	-47.3334226	-72.7555536
Laguna Fría	locality	-47.4256651	-72.4134963
Bajo Pascua	locality	-48.2288389	-73.2158174
Caleta Puerto Alegre	locality	-47.7477016	-73.2415269
El Tacay	locality	-47.3936524	-72.8736566
Baños Cahuelmó	locality	-42.2536824	-72.3735934
Puerto Slight	locality	-46.8040590	-75.5822531
Mirador de Puerto Varas	village	-41.3441553	-72.9444538
Confluencia	locality	-33.7575785	-69.9725619
Villa Ukika	neighbourhood	-54.9334890	-67.5912159
Portal de Machalí	neighbourhood	-34.1825653	-70.6915899
Los Cántaros de Machalí	neighbourhood	-34.1737792	-70.6639445
Romeral	town	-34.9599696	-71.1253134
La Punta	town	-34.0099985	-70.6485808
Condominio Vista del Valle	neighbourhood	-34.1872511	-70.7242871
Casas del Alba	neighbourhood	-34.1861616	-70.7237669
Camino Real	neighbourhood	-34.1880527	-70.7260599
Parque del Este	neighbourhood	-34.1870003	-70.7272538
Villa Santo Tomás	neighbourhood	-34.1571362	-70.6993497
Villa Camino Real	neighbourhood	-34.1555328	-70.7011795
Villa Doña Sofía	neighbourhood	-34.1602122	-70.6939855
Santa María de Triana	neighbourhood	-34.1832943	-70.7150130
Estancia Florita	locality	-52.8151556	-71.4014419
Condominio Los Poetas	neighbourhood	-34.1730756	-70.7291554
Villa San Francisco	neighbourhood	-42.4823881	-73.7773917
Villa Chiloé	neighbourhood	-42.4809455	-73.7800625
Altos de Gamboa	neighbourhood	-42.4850823	-73.7819302
Villa Guarello	neighbourhood	-42.4904024	-73.7715528
Pedro Montt 1er Sector	neighbourhood	-42.4747626	-73.7616994
Pedro Montt 2do Sector	neighbourhood	-42.4706792	-73.7657763
Quinta Ramos	neighbourhood	-42.4698884	-73.7711942
VIlla Los Presidentes	neighbourhood	-42.4695870	-73.7871482
Manuel Rodríguez	neighbourhood	-42.4724950	-73.7785104
Villa Palmira	neighbourhood	-42.4679682	-73.7863102
Club Aéreo	neighbourhood	-42.4895389	-73.7737103
La Chacra	neighbourhood	-42.4589959	-73.7839633
Gamboa	neighbourhood	-42.4831001	-73.7723781
Villa Archipiélago	neighbourhood	-42.4689253	-73.7806669
Población Puente Alto	neighbourhood	-34.9764935	-71.2229408
Villa Nazareth	neighbourhood	-34.9733395	-71.2084861
Villa Pedro Prado	neighbourhood	-34.9969867	-71.2383698
Villa Parques Nacionales	neighbourhood	-37.4618335	-72.3389140
Villa Italia	neighbourhood	-37.4553951	-72.3394183
Villa Francia	neighbourhood	-37.4542219	-72.3348617
Villa Grecia	neighbourhood	-37.4533361	-72.3324049
Villa España	neighbourhood	-37.4594494	-72.3376054
Población Endesa	neighbourhood	-37.4581924	-72.3438847
Población Galvarino	neighbourhood	-37.4630190	-72.3447323
Rangue	village	-33.8443376	-70.9510913
Huiticalán	village	-33.8613112	-70.8542207
Río Malo	locality	-35.1136934	-70.4867792
Calderilla	neighbourhood	-27.0940138	-70.8490291
Las Terrazas de Bahía	neighbourhood	-27.0958238	-70.8613345
Villa Santa Teresita	neighbourhood	-34.5799120	-70.9850697
Villa Olímpica	neighbourhood	-34.5802850	-70.9862164
Población Colchagua	neighbourhood	-34.5960364	-70.9859797
Villa Jardines del Sur	neighbourhood	-34.5998163	-70.9897562
Villa Horizonte	neighbourhood	-34.5953307	-70.9895631
Villa O'Higgins	neighbourhood	-34.5917092	-70.9980909
Población Codeviche	neighbourhood	-34.7340284	-71.2695170
Virquenco	village	-37.4572950	-72.4989711
Villa Verde	neighbourhood	-34.1657471	-70.6550396
Los Paltos	neighbourhood	-32.8833556	-71.2564810
Villa El Alba	neighbourhood	-33.5503824	-70.5598728
Villa La Arboleda	neighbourhood	-33.4898949	-70.6143847
Población Olivarera	neighbourhood	-18.4804057	-70.2920861
Ampliación Olivarera	neighbourhood	-18.4817155	-70.2907903
Villa Mañihuales	village	-45.1728253	-72.1469806
Ñancul	village	-39.2816252	-72.3086385
Villa Todos los Santos	neighbourhood	-37.4872971	-72.3528925
Villa Los Jardines	neighbourhood	-37.4895445	-72.3498659
Villa Las Quintas	neighbourhood	-37.4845558	-72.3500386
Cerrillos de Tamaya	village	-30.5797942	-71.4090982
Villa Pablo Moriamez	neighbourhood	-30.6310184	-71.2192478
Los Leices	neighbourhood	-30.6277955	-71.2134434
Villa San Antonio	neighbourhood	-30.5638200	-71.1594654
Piedra Roja	neighbourhood	-33.2800738	-70.6409045
Fundo El Peñón	locality	-33.5975609	-70.4750599
San Pedro de la Paz	city	-36.8414183	-73.1039909
San Javier	town	-35.5923933	-71.7353080
Circo de los Altares	locality	-49.2803634	-73.1266701
Rodelillo	suburb	-33.0577113	-71.5763674
Lomas de Rodelillo	neighbourhood	-33.0655091	-71.5664164
Los Huertos de Machalí	neighbourhood	-34.1840785	-70.6965545
Parque Viña Santa Blanca	neighbourhood	-34.1899473	-70.7412811
Mirasol	village	-33.3245874	-71.6473609
Algarrobo Norte	neighbourhood	-33.3317506	-71.6447623
Conjunto Residencial Santa Blanca	neighbourhood	-34.1883654	-70.7382368
Villa Parque Lampa	neighbourhood	-33.2819870	-70.8830001
Levicán	locality	-46.3856083	-71.8531065
Tahuinco	village	-31.7903627	-71.0572946
El Tambo	village	-31.7859801	-71.0225858
Las Bandurrias	locality	-41.2448330	-72.1335912
Plaza Viva	neighbourhood	-33.5925884	-70.5501728
Tres Esquinas	village	-36.7884847	-72.2088162
Doña Rosario	neighbourhood	-33.3275844	-70.7639311
Casas de Itahue	neighbourhood	-33.3235031	-70.7517077
Santa María	neighbourhood	-33.3247373	-70.7469534
Villa Cardenal Raúl Silva Henríquez	neighbourhood	-33.4803911	-70.7211224
Jardines de la Estación	neighbourhood	-33.2899549	-70.7689466
Villa Jardines de Santa María	neighbourhood	-33.5017398	-70.7858378
Llanos de Maipú II	neighbourhood	-33.5467600	-70.7616626
Portal del Bosque	neighbourhood	-33.5458792	-70.7881038
Antupirén Alto	neighbourhood	-33.4818558	-70.5321848
Barrio Tres Montes	neighbourhood	-33.3574701	-70.7467300
Villa Pedro de Oña	neighbourhood	-33.4077019	-70.7470222
Bosques del Sur	neighbourhood	-33.5474443	-70.7919278
Barrio Las Encinas	neighbourhood	-33.5305381	-70.7920734
El Peral	village	-37.4848319	-72.2157388
Villa Consistorial	neighbourhood	-35.1095374	-71.2853235
Mantos de Punitaqui	neighbourhood	-30.8478213	-71.2497284
Talcahuano	city	-36.7144863	-73.1141087
El Maitén	village	-33.5128014	-70.8266243
Villa Las Parras	neighbourhood	-39.8511582	-73.1948465
Quino	village	-38.3400319	-72.4991549
Villa Tantauco	neighbourhood	-41.8722044	-73.8209416
Portada de Huechuraba	neighbourhood	-33.3630163	-70.6690954
Nueva Toltén	town	-39.1782056	-73.1638850
Valle Lo Castillo	neighbourhood	-34.1692480	-70.6861481
Plaza Los Acantos	neighbourhood	-34.1750141	-70.6802475
Alto Los Nogales	neighbourhood	-34.1675402	-70.6987676
Trupán Bajo	neighbourhood	-37.2789486	-71.8250930
Tres Esquinas	neighbourhood	-37.1346561	-72.0111606
Trovolhue	village	-38.6302974	-73.3156153
Villa El Abrazo de Maipú.	neighbourhood	-33.5428232	-70.7774501
Villa Sodimac	neighbourhood	-33.3651267	-70.7135906
General Cruz	village	-36.9372686	-72.3506083
Villa O'Higgins	neighbourhood	-41.8723783	-73.8104546
José Joaquin Prieto	neighbourhood	-41.8600419	-73.8175897
Villa Solidaridad	neighbourhood	-41.8805019	-73.8344221
La Reserva de Chicureo	neighbourhood	-33.3179814	-70.6745290
Villa Los Cisnes	neighbourhood	-34.9719494	-71.2491817
Huaquén	village	-35.1164428	-71.6947832
Villa Los Cerrillos	neighbourhood	-34.8712293	-71.1664189
Villa San Francisco	neighbourhood	-34.8719972	-71.1647935
La Cañada del Boldo	neighbourhood	-34.9671169	-71.2244237
Condominio Los Guindos	neighbourhood	-34.9664791	-71.2288013
Población Empleados Particulares	neighbourhood	-32.8839311	-71.2530948
Corral de Piedra	village	-34.9977892	-71.3463788
Villa Padre Hurtado	neighbourhood	-35.0382175	-71.4533386
Villa Santa Teresa	neighbourhood	-33.5183610	-70.5524919
Villa La Esperanza	neighbourhood	-34.6169508	-71.2727741
Millahue de Apalta	village	-34.6192588	-71.2689326
San Antonio	village	-35.8673554	-71.5516176
Villa Don Horacio	neighbourhood	-34.6350058	-71.3473189
Alto Macul	neighbourhood	-33.5131234	-70.5341278
Villa Nueva Galicia	neighbourhood	-41.8650406	-73.8136585
Villa San Francisco	neighbourhood	-34.6220488	-71.3712321
La Florentina	neighbourhood	-36.6368345	-72.9526428
La Junta	neighbourhood	-36.6382908	-72.9495788
Población José Miguel Carrera	neighbourhood	-37.6103900	-73.6464382
El Progreso	neighbourhood	-37.5044831	-72.6569996
Las Mercedes	village	-34.2636660	-70.8035272
Bramadero	village	-35.6034510	-71.2996630
Villa Hermosa	neighbourhood	-34.1786926	-70.7095816
Villa Padre Hurtado	neighbourhood	-34.9791423	-71.2519808
Pukará San Lorenzo	locality	-18.5230616	-70.1842006
Cerro Sombrero	neighbourhood	-18.5113351	-70.2684443
Centro Incásico Catarpe	locality	-22.8552010	-68.2126857
Barrio Laguna	neighbourhood	-33.2114168	-70.7306445
Las Canteras	village	-33.3062369	-70.6949067
Condominio Los Bosques	neighbourhood	-33.2773940	-70.6239580
Estancia Liray	neighbourhood	-33.2177885	-70.6828725
Lo Arcaya	village	-33.2436630	-70.6856449
Santa Filomena	neighbourhood	-33.2107553	-70.6575651
Brisas de Chicureo	neighbourhood	-33.2371823	-70.6723702
Los Ciruelos	neighbourhood	-33.2433946	-70.7078345
Valle Norte	neighbourhood	-33.3089073	-70.6609210
Población Libertad	neighbourhood	-33.0056367	-71.5293832
Nueva Granadilla	neighbourhood	-33.0061091	-71.5191945
Población Juan Pablo II	neighbourhood	-33.0610167	-71.5591870
Valle de la Luna	locality	-22.9316208	-68.3087226
Villa El Manzano	neighbourhood	-35.0255711	-71.2203418
Los Areneros	neighbourhood	-35.4223316	-71.6863752
Población Tarapacá	neighbourhood	-34.1792139	-70.6466660
Villa Los Descubridores	neighbourhood	-34.1691526	-70.6454268
Villa Nuevo Horizonte	neighbourhood	-34.1696761	-70.6423151
Villa Valle Hermoso	neighbourhood	-34.1677035	-70.6424741
Villa El Alamo	neighbourhood	-34.1728719	-70.6376537
Población Salvador Allende	neighbourhood	-34.1672041	-70.6477657
Villa Doña María	neighbourhood	-34.1703199	-70.6446382
Villa El Bosque	neighbourhood	-34.1683847	-70.6457862
Villa Cordillera	neighbourhood	-34.1713361	-70.6404215
Villa La Vinilla	neighbourhood	-34.1734444	-70.6399497
Villa El Llano	neighbourhood	-34.1726145	-70.6423902
Villa Arturo Prat	neighbourhood	-34.1762493	-70.6475028
Condominio Puerta del Alba	neighbourhood	-34.1626765	-70.6515371
Condominio Las Mercedes	neighbourhood	-34.1642791	-70.6543854
Los Botes	neighbourhood	-35.8155626	-72.5815028
Lovelván	neighbourhood	-35.8218149	-72.5995715
El Torreón	neighbourhood	-35.8203649	-72.5945920
Chorriadero	neighbourhood	-35.7946538	-72.5543580
Pimpinela	village	-34.3360351	-70.7131349
Totihue Oriente	village	-34.3367493	-70.7664685
Población El Roble	neighbourhood	-37.1265418	-72.0058049
Población Laguna Blanca	neighbourhood	-37.1246171	-72.0054937
Población La Concepción	neighbourhood	-37.1190390	-72.0272845
La Vega	village	-35.8755847	-72.4462203
Villa Sara Lamothe	neighbourhood	-35.8423645	-71.5956719
Semillero	village	-35.6701795	-71.4633822
Aldea Príncipe Guillermo de Luxemburgo	neighbourhood	-34.9482210	-71.1278700
Villa Las Araucarias	neighbourhood	-34.9549037	-71.1205101
Villa Doctor Hurtado	neighbourhood	-35.1211261	-71.2811151
Corvi	neighbourhood	-35.1082274	-71.2916806
Las Delicias	village	-35.0220413	-71.4303004
Villa Los Jardines	neighbourhood	-34.9572237	-71.1199839
Paso Río Don Guillermo	locality	-51.2459150	-72.2589389
Villa Las Artes	neighbourhood	-41.8799815	-73.8095980
San Ramón	village	-38.8709641	-72.3915961
Villa Bicentenario	neighbourhood	-34.6369489	-71.3458967
5 de Abril	neighbourhood	-41.8739137	-73.8226270
Hacienda Maitenes	neighbourhood	-33.4240373	-71.3900684
Caracoles	neighbourhood	-41.8764613	-73.8089110
Papirúa	village	-35.5002815	-72.5184997
Costa Blanca	neighbourhood	-35.5093071	-72.5240014
Lomas de Puquillihue	neighbourhood	-41.8778177	-73.8347978
Santa María del Boldo IV	neighbourhood	-34.9703574	-71.2129149
Las Obras	village	-35.8080087	-71.6574694
Población Baquedano	neighbourhood	-36.8121557	-73.0341659
Jardines de Andalién	neighbourhood	-36.8010262	-73.0294508
Los Álamos	neighbourhood	-36.8022454	-73.0302105
Villa Endesa	neighbourhood	-36.8027545	-73.0304403
Copiulemu	village	-36.8943310	-72.8070163
Nontuela	village	-40.0575205	-72.5484755
Ahu Te Peu	locality	-27.1008371	-109.4123735
Ana Te Pahu	locality	-27.1115399	-109.4041003
Ahu Haŋa Kioe	locality	-27.1339191	-109.4269963
Petroglyphs	locality	-27.1903052	-109.4424817
Rano Raraku	locality	-27.1220834	-109.2884993
Villa Arcoiris	neighbourhood	-34.1764929	-70.6556160
La Estrella	village	-34.2052857	-71.6546039
Las Ánimas	suburb	-39.8127062	-73.2226787
Población Almirante Simpson	neighbourhood	-45.5842934	-72.0291262
Lomas de Aysén	neighbourhood	-45.4139910	-72.6957713
Ensenada Tolken	locality	-33.7269461	-80.8090252
Villa Teniente 8	neighbourhood	-34.1797575	-70.6525804
Villa Estancia Austral	neighbourhood	-45.5914967	-72.0742713
San Roberto	village	-34.4017309	-71.3674236
San Francisco de Huique	village	-34.4445545	-71.3670637
Santa Matilde	village	-34.4701012	-71.3303153
Cumbres de Machalí	neighbourhood	-34.1718046	-70.6524330
Población 12 de Febrero	neighbourhood	-34.1785416	-70.6373912
Ecoparque Las Palmas	neighbourhood	-34.1725502	-70.6493470
San Juan	suburb	-29.9732958	-71.3257840
Puerto Futrono	neighbourhood	-40.1398106	-72.3942823
Fundacion Chol Chol	locality	-38.7671187	-72.7965437
Cayucupil	village	-37.8119175	-73.2653494
El Llano	neighbourhood	-29.9643168	-71.3417276
Punta Mira	suburb	-29.9934607	-71.3276594
La Pampilla	neighbourhood	-29.9588195	-71.3530266
Villa Músicos del Mundo	neighbourhood	-33.4793646	-70.6239963
Geoglifos de Tiliviche	locality	-19.5431283	-69.9663259
Condominio Pupelde	neighbourhood	-41.8876718	-73.7962014
Puerto Cruz Grande	locality	-29.4522683	-71.3136488
Los Cornillos	locality	-34.2045607	-71.7364360
Los Aromos	village	-34.1726089	-71.3746950
Santa Inés	village	-34.0942100	-71.3739482
Naicura	neighbourhood	-34.3240213	-70.9221404
Esmeralda	village	-34.3319600	-70.8957475
Angostura	neighbourhood	-34.2600858	-70.9505238
Santa Inés	village	-34.4779790	-71.1497301
Bellavista	village	-34.4824276	-71.0284942
Población Arturo Prat	neighbourhood	-34.4626594	-71.0338651
Cholqui	village	-33.7813909	-71.1426820
El Cardal	neighbourhood	-34.2716676	-70.9617651
Puntilla de Panquehue	village	-34.4114063	-70.9128653
La Esperanza	village	-34.3032931	-71.2713591
Estación Cholguán	neighbourhood	-37.1667545	-72.0729359
Panquehue	town	-32.7705769	-70.8361303
San Roque	neighbourhood	-32.7921658	-70.8724205
Peñalolén	suburb	-33.4765918	-70.5418308
Termas de Quimey-Co	locality	-39.2189835	-71.6964756
Parque Termal Menetué	locality	-39.3299290	-71.7211659
Cuevas Playa Corazones (Anzota)	locality	-18.5519896	-70.3314361
Porvenir	neighbourhood	-40.6936066	-72.6068641
Quebrada de Jere	locality	-23.1895565	-67.9941571
Reserva Nacional Los Flamencos - Soncor	locality	-23.2875086	-68.1762735
Geyser El Tatio	locality	-22.3416368	-68.0117987
Melefquén	village	-39.5809631	-72.4410421
Puaucho	village	-40.6047274	-73.4705310
La Higuera	neighbourhood	-29.9915992	-71.3579843
Parte Alta	suburb	-29.9488547	-71.3458339
Pilmaiquén	village	-40.6512379	-72.6590281
Santa Marta de Liray	village	-33.2399722	-70.7367394
Población El Maitén	neighbourhood	-37.1165869	-72.0200710
Villa Corina	neighbourhood	-37.1203975	-72.0258743
Villa Trilaleo	neighbourhood	-37.1077394	-72.0068855
Villa Esmeralda	neighbourhood	-37.1195804	-72.0208920
Población Juan Pablo II	neighbourhood	-37.1269629	-72.0095409
Villa El Bosque	neighbourhood	-37.1266250	-72.0079584
Puerto Nuevo	village	-40.2457506	-72.5852862
Lo Chacón	suburb	-33.6869215	-71.0235950
Las Cañas	village	-31.7311923	-71.2562674
San Antonio	city	-33.5808615	-71.6132377
La Torre	village	-30.6162322	-71.3748292
Población Francisco de Aguirre	neighbourhood	-40.3018773	-73.0730805
Valle Simpson	village	-45.7133036	-72.0797985
Gemini Sur	locality	-30.2418980	-70.7384491
Cerro Tololo	locality	-30.1695009	-70.8067381
Huertos Familiares	village	-33.1359132	-70.7987317
Chomedahue	village	-34.6558698	-71.3418587
Villa Altos de Puerto Varas	neighbourhood	-41.3285099	-72.9868536
Barrio Germania	neighbourhood	-41.3266474	-72.9905060
Parque Lican Rayén	neighbourhood	-41.3273201	-72.9870537
El Recurso	village	-33.6909354	-70.7030696
Maipú	suburb	-33.5094409	-70.7561820
Rinconada de Manantiales	village	-34.6232666	-71.0368255
Villa Ignacio Serrano	neighbourhood	-33.5424312	-70.6156115
Villa Los Rosales 2	neighbourhood	-33.5413679	-70.6140134
Pachacama	village	-32.8387614	-71.1474610
Rabuco	village	-32.8502071	-71.1180344
El Boco	locality	-32.8608349	-71.2676668
Pablo Neruda	neighbourhood	-53.1673673	-70.9474797
Cumbres Patagonicas	neighbourhood	-53.1633163	-70.9461175
Fresia Alessandri	neighbourhood	-53.1743206	-70.9475165
Nelda Panicucci	neighbourhood	-53.1723013	-70.9511171
Gobernador Phillipi	neighbourhood	-53.1458734	-70.9367877
Población Jardín de la Patagonia Etapa 1	neighbourhood	-53.1446785	-70.9271270
Santos Mardones	neighbourhood	-53.1484240	-70.9346317
Juan Pablo II	neighbourhood	-53.1597726	-70.9452817
Monseñor Boric	neighbourhood	-53.1592065	-70.9418056
Bicentenario	neighbourhood	-53.1812021	-70.9425813
Ojos de Agua	locality	-32.8623493	-70.1733172
Comunidad Ecológica Santa Sofía de Lo Cañas	neighbourhood	-33.5251612	-70.5269145
Villa Los Copihues	neighbourhood	-36.6245437	-72.1186162
El Rosario	village	-29.9791489	-71.0915737
Caleta Pucatrihue	neighbourhood	-40.5451906	-73.7189700
Pelícana	village	-29.9877915	-71.0084987
Santa Emilia	village	-33.4692900	-71.1052345
Chorombo Alto	village	-33.5031099	-71.2569340
Las Mercedes	village	-33.4945783	-71.2013844
Loteo Santa Aurora / Los Acacios	neighbourhood	-34.1633332	-70.6747700
Villa Ricardo Lagos	neighbourhood	-30.6395355	-71.2359078
Umiña	locality	-19.4995151	-68.7156054
Usiga	locality	-19.3299050	-68.6138670
Población Nahuelbuta	neighbourhood	-37.4681925	-73.3582782
Población Curamalal	neighbourhood	-37.4675716	-73.3590338
Villa Magisterio	neighbourhood	-37.4707582	-73.3531594
Villa América	neighbourhood	-37.4685219	-73.3556404
Navidad	neighbourhood	-37.4713564	-73.3540043
Carcoop	neighbourhood	-37.4737788	-73.3501098
Los Amarillos	neighbourhood	-37.4720652	-73.3516091
Cerro Verde	neighbourhood	-37.4718443	-73.3371663
Chillancito	neighbourhood	-37.4679929	-73.3620107
El Dos	neighbourhood	-37.4866670	-73.3449840
Miraflores	neighbourhood	-37.4858411	-73.3276677
Población Rayen Antu	neighbourhood	-37.4840193	-73.3275175
Población Forestal	neighbourhood	-37.4899274	-73.3253288
Población Eleuterio Ramírez	neighbourhood	-37.4803328	-73.3337080
Población Ramón Rabal	neighbourhood	-37.4782451	-73.3514858
Villa Los Héroes	neighbourhood	-37.4739044	-73.3515286
Pulutauco	neighbourhood	-42.3662355	-73.6598105
Cancha Rayada	neighbourhood	-42.4710471	-73.7754738
Portones de Machalí	neighbourhood	-34.1619190	-70.6672927
La Isla	village	-35.0300169	-71.2974463
Parque La Posada	neighbourhood	-36.9601200	-73.1502477
San Pedro de la Costa 2	neighbourhood	-36.8510743	-73.1455265
Peñuelas	village	-35.6566326	-71.5744784
Santa Ana de Queri	village	-35.6228593	-71.4611798
Villa Alegría	neighbourhood	-35.5734188	-71.6723813
Población El Esfuerzo	neighbourhood	-36.8211672	-72.6521194
Tapihue	neighbourhood	-36.8278483	-72.6787454
Santa Rosa	village	-35.2408728	-71.2526926
Chanavayita	village	-20.7026849	-70.1874168
San José de Los Lingues	village	-34.5637917	-70.9143940
Porvenir	village	-35.1619102	-71.2861487
Parque Industrial Puerta Sur	neighbourhood	-33.5516277	-70.7147625
Los Niches	village	-35.0630289	-71.1713441
La Palmera	village	-35.1278149	-71.1488560
Pelluco	suburb	-41.4874323	-72.8992518
Población Martín	neighbourhood	-36.5404789	-72.0844582
El Bosque	neighbourhood	-42.3790715	-73.6604242
18 de Septiembre	neighbourhood	-42.3696898	-73.6523545
Bellavista	neighbourhood	-42.3746331	-73.6442666
Villa Lautaro	neighbourhood	-34.9827893	-71.2531432
Loma de las Tortillas	village	-35.6229027	-71.7468844
El Llano	village	-32.7935545	-70.6265514
Las Cadenas	neighbourhood	-32.7951691	-70.6217768
Hacienda Rinconada de Los Andes	neighbourhood	-32.8183516	-70.7201946
Villa Las Flores	neighbourhood	-32.8531275	-70.6842101
Maule Sur	village	-35.6376715	-71.3966272
Punta Passage	locality	-50.7662536	-74.4203474
Pullally	village	-32.4369477	-71.3157675
Puerto Gray	locality	-48.9190501	-74.3133977
Caleta Lackawana	locality	-49.1683506	-74.4085945
Caleta Lucas	locality	-49.0005903	-74.4071614
Caleta Hoskyn	locality	-48.9438961	-74.4140515
Caleta Level	locality	-49.1180407	-74.3558493
Caleta Grau	locality	-49.3403381	-74.4106545
Punta Porpoise	locality	-50.7408016	-74.5196856
Caleta Rayo	locality	-50.7583140	-74.5373635
Punta Cutter	locality	-50.7117855	-74.5179408
El Paso	locality	-33.4707827	-70.3186692
Codelco Andina	locality	-33.1444620	-70.2587257
Oficina Sargento Aldea	locality	-23.2004780	-69.6842992
Oficina Riviera	locality	-23.1941222	-69.6696489
Oficina Francisco Puelma	locality	-23.1856212	-69.6606045
Población Tralhuén	neighbourhood	-37.1192348	-72.0263942
Población 27 de Febrero	neighbourhood	-37.1182957	-72.0294201
Villa Magallanes	neighbourhood	-33.3172362	-71.4139442
Cimas de Nogales	neighbourhood	-34.2068687	-70.6528311
Punta Lavapié	village	-37.1497070	-73.5808215
Paine	village	-36.0142637	-71.7051550
Los Cristales	village	-36.0121488	-71.6517210
Santa Rosa	neighbourhood	-36.7689742	-73.0122875
Limache Viejo	suburb	-33.0072796	-71.2600429
El Polígono	neighbourhood	-32.7363340	-71.2159197
Villa Los Alpes	neighbourhood	-41.3095909	-72.9949933
Villa Casino	neighbourhood	-41.3157057	-72.9962348
Limachito	neighbourhood	-33.0043273	-71.2826167
Maitenes Alto	neighbourhood	-32.9868544	-71.2356056
La Araucana	neighbourhood	-36.8394742	-73.0026247
Campanane	locality	-18.3145716	-69.6968155
Punta Becerra	locality	-42.9504498	-72.8120646
Punta Navarro	locality	-42.9694869	-72.7884590
Puerto Yelcho	locality	-43.0096980	-72.7514595
Punta Errázuriz	locality	-43.0036380	-72.7600555
Punta Auchemó	locality	-43.0293080	-72.8544157
Punta Carabantes	locality	-43.0441277	-72.7434302
Punta Huerta	locality	-43.0439206	-72.7775736
Punta Pilcomayo	locality	-43.0229769	-72.8362239
Bajo Abreojo	locality	-43.0146739	-72.8489665
Vicuña	town	-30.0340482	-70.7126702
El Yeco	village	-33.3081770	-71.6445231
Lagunillas de Arquén	neighbourhood	-35.6514968	-71.5614599
Catillo	village	-36.2864406	-71.6522623
Molino Viejo	neighbourhood	-41.2916184	-72.9818344
Paso Poquis	locality	-23.0071250	-66.9928361
Lancuyén	neighbourhood	-41.4525370	-72.9217473
Villa O'Higgins	neighbourhood	-35.1240554	-71.1499874
Punta Quelén	locality	-32.1114340	-71.5278532
Lomas de Bellavista	neighbourhood	-36.7850861	-73.0429876
Teniente Merino 2	neighbourhood	-36.7934091	-73.0382390
Villa CAP	neighbourhood	-36.7996720	-73.0343309
Recta Foitzick	neighbourhood	-45.5909769	-72.0797602
La Cruz	locality	-35.5448328	-71.2277422
Punta El Piojo	locality	-42.4929355	-73.7682499
Parque Industrial San Andrés	neighbourhood	-41.4638050	-72.9727115
Villa Frontera	village	-18.4003073	-70.3134370
Población Raúl Silva Henríquez	neighbourhood	-18.4441209	-70.2896865
Pudahuel	neighbourhood	-35.0966703	-71.6143352
Loteo Bosquemar	neighbourhood	-41.4828677	-73.0002314
Altos del Llanquihue	neighbourhood	-41.3225833	-72.9477127
Lomas Panorámicas	neighbourhood	-41.3277791	-72.9468398
Faro de Los Colonos	neighbourhood	-41.3328198	-72.9586224
Brisas de Puerto Varas	neighbourhood	-41.3355162	-72.9650064
Población San Enrique	neighbourhood	-35.1235215	-71.2828513
Población Bernardo O'Higgins	neighbourhood	-40.9727589	-72.8890374
Población Carelmapu	neighbourhood	-40.9699731	-72.8906279
Población Villa El Lago	neighbourhood	-40.9696207	-72.8861486
Población 21 de Mayo	neighbourhood	-40.9768264	-72.8811541
Condominio Parque Doña Inés	neighbourhood	-41.3288801	-72.8874915
Barrio Residencial Los Arrayanes	neighbourhood	-41.3112468	-72.9922951
Lomas del Lago	neighbourhood	-41.3100591	-72.9906104
Cerro La Virgen	neighbourhood	-33.0558678	-71.6043530
Cerro El Litre	neighbourhood	-33.0566297	-71.6105221
Cerro Ramaditas	neighbourhood	-33.0546222	-71.5983771
Cerro Santa Elena	neighbourhood	-33.0572914	-71.6001014
Villa Reloncaví	neighbourhood	-41.4625703	-72.9553706
Costa Chinquio I	neighbourhood	-41.5075560	-73.0153469
Paso Zapaleri	locality	-22.8497180	-67.1444222
Arauco	town	-37.2462480	-73.3176399
Villa El Parque	neighbourhood	-29.8866358	-71.2292392
Graneros de Puerto Varas	neighbourhood	-41.3812823	-72.9495691
Villa Altos San Pedro	neighbourhood	-35.1048272	-71.2936824
Villa Micaela	neighbourhood	-35.1043185	-71.3035148
Piedra Azul	neighbourhood	-35.1128896	-71.2729185
Población El Trigal	neighbourhood	-35.1217714	-71.2870178
Población San Vicente	neighbourhood	-35.1101370	-71.2953541
Parque Ivian	neighbourhood	-41.3356947	-72.9825755
Villa Bicentenario	neighbourhood	-35.1185309	-71.2759613
Población Bicentenario 155	neighbourhood	-35.1170092	-71.2741326
Villa Pablo Neruda	neighbourhood	-35.0470071	-71.3265299
Villa San Francisco	neighbourhood	-35.0457598	-71.3315001
Villa Juan XXIII	neighbourhood	-35.0446026	-71.3313767
Punta Larga	locality	-41.1663458	-72.9626524
Pichi Lagunita	locality	-41.1560399	-72.9679739
El Pino	village	-36.8414112	-72.9232783
Chaimávida	village	-36.8579827	-72.8738474
Villa Nuevo Horizonte	neighbourhood	-35.4291991	-71.6345142
Dona Ignacia III	neighbourhood	-35.4569696	-71.6803353
Ecoaldea Blowing in the Wind	neighbourhood	-32.9598511	-71.5185060
Jardines del Claro	neighbourhood	-39.2850872	-71.9396124
Villa Trancura	neighbourhood	-39.2712821	-71.9512820
Bomberos de Chile	neighbourhood	-39.2854943	-71.9439389
Santa Rosa	village	-18.4543698	-70.0713299
Acha	village	-18.5852688	-70.2407785
Loteo Centenario 3	neighbourhood	-41.3322820	-72.9540567
Villa Las Araucarias	neighbourhood	-41.8664706	-73.8136552
Lomas de Pelluco	neighbourhood	-41.4814465	-72.8915389
Lomas de Reloncaví	neighbourhood	-41.4778064	-72.9084974
Puerto Micaela	locality	-49.5118630	-74.2710134
Caleta Lucrecia	locality	-49.5118623	-74.2661425
El Álamo	neighbourhood	-34.2020752	-70.5161494
Cerro Bellavista	neighbourhood	-33.0501278	-71.6222731
Cerro San Juan de Dios	neighbourhood	-33.0496604	-71.6266801
Cerro La Loma	neighbourhood	-33.0486734	-71.6291960
Villa Vicente Pérez Rosales	neighbourhood	-41.3272065	-72.9697277
Aires del Sur	neighbourhood	-41.2555525	-73.0473096
Altos del Lago	neighbourhood	-41.2543981	-73.0204015
Mirador de Trapén Alto	neighbourhood	-41.5325953	-73.0499740
Parque Costanera II	neighbourhood	-38.7060199	-72.5406290
Parque Residencial Fundadores	neighbourhood	-41.4224551	-72.9048701
Villa Los Arbolitos	neighbourhood	-39.7955857	-73.1943299
Población Vista Hermosa	neighbourhood	-41.4728648	-72.9218259
Población Miramar	neighbourhood	-41.4714354	-72.9217650
Villa Santa Esperanza	neighbourhood	-35.1218937	-71.2153014
Parque Los Coigües	neighbourhood	-41.3245042	-72.9515914
Condominio La Marina	neighbourhood	-41.3260671	-72.9540995
Villa La Paloma	neighbourhood	-41.4553507	-72.9275112
VIlla Padre Hurtado	neighbourhood	-39.4515529	-72.7645988
Parque Residencial Bayona	neighbourhood	-36.8449056	-73.1125817
Cumbres de Andalué	neighbourhood	-36.8480316	-73.0942777
Población Modelo	neighbourhood	-41.4662248	-72.9486183
Mirador de la Bahía	neighbourhood	-41.4488648	-72.9282600
Población Libertad	neighbourhood	-41.4585460	-72.9455129
Villa Cerro Castillo	village	-46.1226165	-72.1543663
Villa Frei	neighbourhood	-33.4567309	-70.5828981
Población Cabo Roca	neighbourhood	-18.4842984	-70.2814605
Castro	city	-42.4823750	-73.7642918
Playa Tongoy	locality	-42.4758175	-73.7287986
Parque Residencial Las Bahías	neighbourhood	-41.3415947	-72.9494583
Alfalfares	neighbourhood	-29.9034793	-71.2323443
Andacollo	town	-30.2322048	-71.0847556
Caleta San Pedro	village	-29.8775399	-71.2719168
Ceres	neighbourhood	-29.9252661	-71.1976355
El Milagro	suburb	-29.9459716	-71.2457669
Gabriela Mistral	village	-29.9731578	-71.0885849
Huachalalume	village	-29.9761634	-71.2219596
Quebrada de Talca	village	-30.0100300	-71.0373968
Andacollito	village	-30.0252676	-70.6238657
La Calera	village	-29.9983320	-70.9918533
La Viñita	neighbourhood	-30.0238323	-70.7263298
Lourdes	village	-30.0463563	-70.6628247
Nueva Talcuna	village	-29.9533423	-70.9694197
San Isidro	neighbourhood	-30.0263481	-70.6907307
Villaseca	village	-30.0436862	-70.6794545
Villa Huaquén Los Molles	neighbourhood	-32.2256768	-71.5025082
La Higuera	village	-32.4816101	-71.1793277
El Trapiche	village	-32.3197348	-71.2902784
Las Parcelas de Longotoma	village	-32.3947642	-71.3752287
Perales	locality	-32.3111717	-71.4614186
Placilla	village	-32.4478785	-71.2850340
Parque Industrial Tyrol	neighbourhood	-41.4667301	-72.9814658
Condominio Santa Sarita	neighbourhood	-34.1690585	-70.6719167
San Francisco	neighbourhood	-34.1698454	-70.6738417
Lupivinto	locality	-19.2880619	-68.6891630
Usiga Chico	locality	-19.3208079	-68.6194494
Sacramento	locality	-19.6587082	-69.9613233
Chinchillani	locality	-19.0841295	-68.8885676
Machajullo	locality	-19.0860893	-68.8910475
Tiquiina	locality	-19.5579146	-69.2568378
San Francisco	locality	-19.7007193	-69.9321699
Santa Catalina	locality	-19.7247216	-69.9123770
Villa Javiera Carrera	neighbourhood	-33.5170899	-70.7924650
Villa O'Higgins	neighbourhood	-33.5207273	-70.7940213
Humberstone	locality	-20.2085809	-69.7954741
Jesús María	neighbourhood	-20.4933824	-69.3199237
Mapocho	locality	-20.0850741	-69.7465147
Oficina Anita	locality	-20.5467859	-69.7488937
Oficina Nena	locality	-20.5960485	-69.7017745
Oficina San Pablo	locality	-20.4644494	-69.8444630
Oficina Santa Elena	locality	-20.4456351	-69.7892933
Oficina Santa Lucía	locality	-20.5251422	-69.9608509
Paposo	locality	-20.3714229	-69.8673827
Laguna Sur	locality	-20.9981648	-69.6686202
Chiqlla	locality	-21.0257558	-68.7374380
Mont	locality	-20.9780451	-68.6846881
Pitausa	locality	-21.1715654	-68.7920449
Calachus	locality	-21.6835347	-68.6621508
La Parte	locality	-21.6815634	-69.5296475
Oficina Iberia	locality	-21.9427190	-69.5934629
Pinchal	locality	-21.4532951	-68.8756406
Santa Teresa	locality	-21.9738575	-69.5866509
Tranque Sloman	locality	-21.8527697	-69.5150196
Cerrillos	locality	-22.2806844	-69.8672013
Cerritos Bayos	locality	-22.6391592	-69.1504575
Chacance	locality	-22.3965258	-69.5604541
Estación Central	locality	-22.1521788	-69.9630174
Las Tres Marías	neighbourhood	-22.0609924	-70.1851125
Miraje	locality	-22.5037688	-69.5680785
San Martín	locality	-21.4065960	-68.3566118
Union Candelaria	locality	-22.1812839	-69.5982647
San Ignacio de Palomares	village	-36.6257901	-72.6038298
Agua Larga	locality	-22.0076699	-68.3299045
Algarrobo	locality	-22.6466416	-68.1455593
Chulqui	locality	-22.2661992	-68.1828312
Chunchurri	neighbourhood	-22.4701769	-68.9167123
Divisoco	locality	-22.2523032	-68.4372864
El Abra Chica	locality	-22.0210135	-68.3080225
El Médano	locality	-22.0645805	-68.2984961
El Peuco	neighbourhood	-22.4856322	-68.9171602
El Potrero	locality	-22.2557020	-68.0958771
El Sifón	locality	-22.2917348	-68.3474816
Envidias	locality	-22.6138363	-68.1014225
Jalquinche	neighbourhood	-22.4409217	-68.8907076
Las Puntas	locality	-22.3508793	-68.2045589
Licán Chico	locality	-22.6581556	-68.1837909
Núñez	neighbourhood	-22.4886552	-68.9424801
Rincón de Guaitiquina	locality	-22.6487606	-68.1339998
San Juan	locality	-22.6094260	-68.1184840
Santa Juana	neighbourhood	-22.4785084	-68.9488129
Santa Rose	locality	-22.5438239	-68.2364603
Vega Yuto	locality	-22.5745692	-68.0833258
Vega de Paniri	locality	-22.1512264	-68.2708549
Anita	locality	-23.0605430	-69.4986253
Araucana	locality	-23.0835816	-69.4490628
Arturo Prat	locality	-23.0949517	-69.5060172
Ausonia	locality	-23.0689790	-69.5410769
Blanco Encalada	locality	-23.2119319	-69.6148351
Candelaria	locality	-23.0572174	-69.5200110
Carmela	locality	-23.1065485	-69.5669478
Central	locality	-23.1216289	-69.5431199
Chela	locality	-22.9661231	-69.3783724
Concepción	locality	-22.9899643	-69.3936850
Filomena	locality	-23.0104659	-69.4141808
Incahuasi	locality	-22.5407809	-68.0143053
La Noria	locality	-22.9114269	-69.3352894
Luisis	locality	-23.0385174	-69.5157818
Ossa	locality	-23.1331204	-69.5836024
Pinto	locality	-23.0860244	-69.5052175
Salinas	locality	-23.1577643	-69.6106019
Ayaviri	locality	-22.7667563	-68.1957006
Purico	locality	-22.8996239	-68.1880961
Villa Luis Cruz Martínez	neighbourhood	-35.1297016	-71.1537696
Villa El Roble	neighbourhood	-35.1258421	-71.1526650
Isla del Guindo	village	-34.6576750	-71.3210633
Loteo Mirador	neighbourhood	-41.3443333	-72.9811019
Villa Cordillera	village	-35.1781269	-71.1211149
Villa Kennedy	neighbourhood	-41.4724324	-72.9541114
Lomas de Lo Aguirre	village	-33.4566010	-70.8219909
El Tapial	locality	-23.6131555	-67.8604084
Mal Paso	locality	-23.5656504	-67.9297099
Oficina Tilopozo	locality	-23.7952113	-68.2358341
Tulan	locality	-23.8091535	-68.0387378
Tumbre	locality	-23.3233788	-67.7965233
Agua Buena	locality	-24.3137204	-69.8936414
Cerro Negro	locality	-23.9178216	-69.6284012
El Deserto	locality	-23.4236624	-69.8577990
Alcalde Poblete	locality	-24.1256960	-69.1688799
Oficina Cota	locality	-24.0784262	-69.8659011
Oficina Dominador	locality	-24.3654319	-69.5097734
Oficina Esmeralda	locality	-24.1544663	-69.8854971
Oficina Eugenia	locality	-24.1392994	-69.8974167
Oficina Pampa Rica (ruins)	locality	-24.0493058	-69.9342452
Oficina Pepita	locality	-24.0748794	-69.8642614
Oficina San Martin	locality	-24.2636813	-69.8250274
Oficina Santiago	locality	-24.1791191	-69.9174020
Palestina	locality	-23.8783333	-69.7350087
Portezuelo	locality	-23.6902514	-70.2805095
Huáscar	neighbourhood	-23.7345586	-70.4388205
Pajonales	locality	-22.9478444	-67.8149160
Alto Pangue	village	-35.3498158	-71.5764547
San Juan de la Sierra	village	-34.6996678	-70.9272837
Villa Vista Alegre	neighbourhood	-28.5880839	-70.7653761
Condominio Cerro Grande	neighbourhood	-29.9509467	-71.2229377
Condominio Santa Margarita	neighbourhood	-29.9572203	-71.2247294
Lomas de Bellavista	neighbourhood	-29.9599801	-71.2302891
Cerro Pancho	locality	-51.6868834	-72.4920604
Endesa	neighbourhood	-51.7311423	-72.4863331
Mirador de Última Esperanza	neighbourhood	-51.7367502	-72.4789302
Etnias Unidas	neighbourhood	-51.7391560	-72.4817428
Nueva Esperanza	neighbourhood	-51.7335355	-72.4798395
Cardenal Silva Henríquez	neighbourhood	-51.7394125	-72.4885357
Octavio Castro	neighbourhood	-51.7201133	-72.4943382
Natales Antiguo	neighbourhood	-51.7233592	-72.4913616
Nueva Patagonia	neighbourhood	-51.7325165	-72.5055666
Chile Nuevo	neighbourhood	-51.7358380	-72.4904239
Costanera	neighbourhood	-51.7342191	-72.5043500
Villa Altos del Calle Calle	neighbourhood	-39.8009834	-73.2062293
Villa Pedro Montt I	neighbourhood	-39.8441179	-73.2313643
Parcelación Yunge	neighbourhood	-41.3126290	-73.0167352
Parque Residencial Santa Inés	neighbourhood	-41.3216428	-73.0156015
Parcelación Crell	neighbourhood	-41.3197024	-73.0151295
Juan Pablo II	neighbourhood	-51.7408183	-72.4918295
Campos de Hielo Patagónicos	neighbourhood	-51.7403267	-72.4873877
Eduardo Frei Montalva	neighbourhood	-51.7411904	-72.4863363
Torres del Paine	neighbourhood	-51.7388449	-72.4842695
Villa Los Jardines	neighbourhood	-40.4084803	-73.0132164
El Boldal	village	-34.6751084	-71.3091899
Villa La Vendimia	neighbourhood	-34.6395912	-71.3607109
Barrio La Lisera	neighbourhood	-18.4911964	-70.3265655
Barrio San José	neighbourhood	-18.4736186	-70.2937813
Las Palmas	neighbourhood	-18.4914097	-70.3037763
Magisterio	neighbourhood	-18.4821848	-70.3084801
Población Maipú Oriente	neighbourhood	-18.4809251	-70.3017505
Población Nueva Esperanza	neighbourhood	-18.4991762	-70.2830396
Villa España	neighbourhood	-18.5017783	-70.2853336
Villa Los Industriales	neighbourhood	-18.4552754	-70.2828155
Villa Arboleda	neighbourhood	-36.9704686	-72.9313679
El Valle	village	-32.2146513	-70.8198358
Pedegua	village	-32.3565163	-71.0691243
Santa Rosa	locality	-32.3094777	-70.9448147
Parcelación Industrial La Laja	neighbourhood	-41.3518540	-72.9844314
Caleta La Cuchara	locality	-21.9090057	-70.1783497
Condominio Santa Clara	neighbourhood	-41.3004029	-73.0147927
Parque Residencial Troncos Milenarios	neighbourhood	-41.4177695	-72.9174832
Santa Julia	village	-32.3057707	-71.0780062
Villa Bicentenario	neighbourhood	-33.7438493	-70.8685467
Parcelación San Alfonso	neighbourhood	-41.3234483	-73.0061137
Los Callejas	neighbourhood	-32.6125559	-71.4283119
Villa El Rosario	neighbourhood	-34.6461930	-71.3578203
Villa Arauco	neighbourhood	-34.6469834	-71.3610234
La Rinconada	neighbourhood	-32.4414235	-71.0795706
La Vega	village	-32.4468366	-70.9491888
La Viña	village	-32.4252015	-70.9140888
Las Arenas	locality	-32.3160469	-70.6861540
Nueva Esperanza	neighbourhood	-32.4194214	-71.0527399
Villa San José	village	-32.4151363	-71.0718818
Cantagua	neighbourhood	-32.6177458	-71.4290501
El Cobre	neighbourhood	-32.4589306	-71.2310656
El Mirador	neighbourhood	-32.4525423	-71.2341877
El Peumo	neighbourhood	-32.4596629	-71.2292971
El Rayado	neighbourhood	-32.4551424	-71.2477868
La Cantera	neighbourhood	-32.4531476	-71.2282994
La Gruta	neighbourhood	-32.4522301	-71.2240582
Población Juan Pablo II	neighbourhood	-32.4479917	-71.2231518
Población Rodríguez	neighbourhood	-32.4524658	-71.2267125
Pulmahue	neighbourhood	-32.4456754	-71.2241228
Villa El Arrayán	neighbourhood	-32.4586870	-71.2355579
Villa Fértil	neighbourhood	-32.4564143	-71.2407950
Villa Futuro	neighbourhood	-32.4563973	-71.2449238
Villa Holanda	neighbourhood	-32.4513834	-71.2371878
Villa Los Lagos	neighbourhood	-32.4465889	-71.2382069
Villa Lua	neighbourhood	-32.4494027	-71.2398909
Villa San Alberto Hurtado	neighbourhood	-32.4578639	-71.2371292
Villa San Expedito	neighbourhood	-32.4571695	-71.2358832
Población Wisconsin	neighbourhood	-32.4526960	-71.2369135
Barrio Bellavista	neighbourhood	-32.4247758	-71.0603492
Cabildo	town	-32.4265909	-71.0663299
Población Araucaria	neighbourhood	-32.4264141	-71.0687730
Población Nueva Cabildo	neighbourhood	-32.4316617	-71.0718579
Población El Esfuerzo	neighbourhood	-32.4330988	-71.0709656
Villa Las Cenizas	neighbourhood	-32.4356808	-71.0720855
Condominio Campo Alegre	neighbourhood	-32.7235367	-71.4117646
Tacna	neighbourhood	-32.6750324	-71.4392311
Santa Adela	village	-32.8749353	-71.4930560
El Tebo	neighbourhood	-32.7236757	-71.4935170
Alto Camiña	neighbourhood	-19.3110150	-69.4268711
Altuza Alto	locality	-19.2642679	-69.3792908
Camping	neighbourhood	-19.3110994	-69.4312729
Troncales	neighbourhood	-19.3110728	-69.4289401
Piedras Canteadas	locality	-21.0533440	-68.7518123
Condominio Los Laureles	neighbourhood	-41.3294424	-72.9593614
Villa Santa Teresita	neighbourhood	-41.3312214	-72.9626367
Los Adoquines	neighbourhood	-33.4385287	-70.5791309
El Jote	locality	-26.0936575	-70.1471167
Estacion Empalme	locality	-26.4123523	-70.1353238
La Fortuna	locality	-26.3502430	-70.0430283
Mina La Dichosa	locality	-26.2375296	-70.2158218
Mina El Carmen	locality	-26.3457622	-70.1486275
Mina Ellana	locality	-26.1020051	-70.2580386
Mina La Suerte	locality	-26.3382966	-70.4144794
Mina Los Juanitos	locality	-26.5722627	-70.1054521
Mina Manto Verde	locality	-26.5644177	-70.3270562
Mina Rosario	locality	-26.0450174	-70.1358272
Mina San Juan	locality	-26.6034933	-70.3159974
Mina San Manuel	locality	-26.6099080	-70.1439981
Mina Silvita	locality	-26.3085833	-70.1551893
Mina Tulipán	locality	-26.3915165	-70.3017636
Punta Negra	locality	-26.3949859	-70.4174330
Villa Aires Nuevos	neighbourhood	-33.2881867	-70.8853055
Villa El Trébol	neighbourhood	-41.3176844	-73.0036980
Cardones	locality	-27.4084390	-70.6529112
Chañar	locality	-27.2958994	-70.6288723
Mineral Chañarcillo	locality	-27.8122569	-70.4148563
Chulo	locality	-27.3163918	-70.1637718
Estacion Llampos	locality	-27.1706512	-70.0153692
Mina Venado Sur	locality	-27.2731660	-69.9743144
Monte Amargo	locality	-27.3502592	-70.7177003
San Pedro	village	-27.3226591	-70.5363040
Las Pataguas	village	-32.8833354	-71.2074136
Comunidad La Foresta I	neighbourhood	-38.6499647	-72.7585882
Villa Edén	neighbourhood	-35.4317242	-71.6742359
Población Argentina	neighbourhood	-35.4222449	-71.6511489
Villa Olavarría	neighbourhood	-35.4250585	-71.6532960
Villa Don Alfonso	neighbourhood	-35.4259948	-71.6254771
Nueva Holanda	neighbourhood	-35.4236817	-71.6305732
Villa Inglesa	neighbourhood	-35.4238799	-71.6268288
Villa Tabunco	neighbourhood	-35.4296957	-71.6305461
Población Ferroviaria	neighbourhood	-35.4335727	-71.6535258
Población Cerámica	neighbourhood	-35.4442573	-71.6617505
Población Colín 5	neighbourhood	-35.4474821	-71.6613795
Población Mantos del Río	neighbourhood	-35.4495243	-71.6620659
Población Cristi Gallo	neighbourhood	-35.4437978	-71.6524296
Villa Víctor Macchiavello	neighbourhood	-35.4481744	-71.6504249
Barrio Abate Molina	neighbourhood	-35.4373165	-71.6563725
Población Brilla el Sol	neighbourhood	-35.4405803	-71.6586189
Población El Esfuerzo	neighbourhood	-35.4451746	-71.6602027
Población Aurora de Chile	neighbourhood	-35.4474121	-71.6674232
Villa Maule	neighbourhood	-35.4431206	-71.6733241
Villa Perú	neighbourhood	-35.4423863	-71.6770363
Villa CCU	neighbourhood	-35.4314919	-71.6703058
Barrio Seminario	neighbourhood	-35.4227420	-71.6737662
Población Libertad	neighbourhood	-35.4241566	-71.6531202
Barrio Santa Ana	neighbourhood	-35.4187577	-71.6505145
Villas Unidas	neighbourhood	-35.4156213	-71.6446098
Población Francisco Encina	neighbourhood	-35.4319500	-71.6322480
Población Pedro Aguirre Cerda	neighbourhood	-35.4287310	-71.6394507
San Valentín	neighbourhood	-35.4214160	-71.6046204
Barrio El Prado	neighbourhood	-35.4391304	-71.6654760
Barrio Chorrillos	neighbourhood	-35.4131672	-71.6593611
Barrio Astaburuaga	neighbourhood	-35.4144181	-71.6481422
Barrio Las Heras	neighbourhood	-35.4177211	-71.6584337
Barrio La Paz	neighbourhood	-35.4072932	-71.6608143
Barrio San Agustín	neighbourhood	-35.4190977	-71.6643050
Independencia	neighbourhood	-35.4387405	-71.6704899
Santa Ana	village	-35.0436901	-71.4592020
Villa Don Matías	neighbourhood	-35.4299473	-71.6254520
Villa Magisterio	neighbourhood	-35.4431928	-71.6951222
Población Santa Marta	neighbourhood	-35.4371675	-71.6322717
Población Colín 1	neighbourhood	-35.4471301	-71.6534369
La Florida	neighbourhood	-35.4337850	-71.6825533
Villa Santa María de Colín	neighbourhood	-35.4412503	-71.6863342
Villa Doña Blanca	neighbourhood	-35.4454128	-71.6855167
Villa Quinto Centenario	neighbourhood	-35.4454544	-71.6913924
Villa Valle Claro	neighbourhood	-35.4276374	-71.6294337
Lomas de San José	neighbourhood	-35.4262738	-71.6321181
Cooperativa Prosperidad	neighbourhood	-35.4087857	-71.6570344
Cancha Rayada	neighbourhood	-35.4078002	-71.6529811
Población José Miguel Carrera	neighbourhood	-35.4047046	-71.6569663
Los Jardines de Talca	neighbourhood	-35.4158647	-71.6703867
Población Compañía de Fósforos	neighbourhood	-35.4193261	-71.6485387
Manuel Larraín	neighbourhood	-35.4133687	-71.6515805
Villa San Esteban	neighbourhood	-35.4154041	-71.6542926
Villa Salamanca	neighbourhood	-35.4150330	-71.6518448
Condominio Social Independencia	neighbourhood	-35.4390110	-71.6677315
Villa Los Cerrillos	neighbourhood	-35.4254274	-71.6277909
Don Enrique	neighbourhood	-35.4068525	-71.6469213
Don Arturo	neighbourhood	-35.4129202	-71.6449785
Villa Don Sebastián	neighbourhood	-35.4106301	-71.6414496
Villa El Sol de Sarmiento	neighbourhood	-34.9442569	-71.1950179
Villa Los Alpes	neighbourhood	-34.9376781	-71.2016555
Don Matías	neighbourhood	-34.9420230	-71.2067789
Doña Patricia	neighbourhood	-34.9398419	-71.2032201
Villa Nueva Ilusión	neighbourhood	-35.4230361	-71.6468915
Villa Monte Baeza	neighbourhood	-35.4248404	-71.6446219
Villa Maitenhuapi	neighbourhood	-35.4224984	-71.6441503
Villa El Parque	neighbourhood	-35.4157204	-71.6366670
Faustino González	neighbourhood	-35.4162822	-71.6410947
Los Paltos	neighbourhood	-35.4201905	-71.6399038
Villa Puelche	neighbourhood	-35.4119682	-71.6501203
Las Américas	neighbourhood	-35.4031481	-71.6494479
Villa San Luis	neighbourhood	-35.4157880	-71.6589591
Villa Juan Herrera	neighbourhood	-35.4342559	-71.6436486
Barrio La Foresta	neighbourhood	-35.4539471	-71.6733258
Portal Las Palmas	neighbourhood	-35.4469663	-71.6980446
Parque Bicentenario	neighbourhood	-35.4130059	-71.6141137
Don Rodolfo	neighbourhood	-35.4231019	-71.6251302
Condominio Marín de Poveda	neighbourhood	-35.4318375	-71.6605104
Población Santa Clara	neighbourhood	-35.4307420	-71.6351120
Población Nacional	neighbourhood	-35.4174276	-71.6637218
Población Colín 4	neighbourhood	-35.4479802	-71.6589904
Loteo Prosperidad	neighbourhood	-35.4133281	-71.6553206
Villa Diego Portales	neighbourhood	-35.9892486	-72.3064992
Villa Primavera	neighbourhood	-34.9284840	-71.1936465
Don Hernán	neighbourhood	-34.9297340	-71.1954758
Coihuín	village	-41.4845810	-72.8548338
Población La Hacienda	neighbourhood	-40.5781802	-73.1738760
Población Jardín del Sol	neighbourhood	-40.5773686	-73.1733831
Villa Almagro III	neighbourhood	-40.5770279	-73.1724390
Población Santa Norma	neighbourhood	-40.5824378	-73.1788742
Rodados del Sándalo	locality	-33.8157573	-80.7767529
Población Murrinumo	neighbourhood	-40.5886342	-73.1815733
Manuel Rodríguez	neighbourhood	-42.4755053	-73.7685858
René Schneider	neighbourhood	-42.4722760	-73.7710024
Punta Flores	locality	-54.9210915	-68.2537842
Caleta Fique	locality	-54.9084488	-68.2128183
Punta Bartlett	locality	-54.9030207	-68.2229463
Punta Moya	locality	-54.9182668	-68.2338468
Caleta Segura	locality	-54.9165402	-68.2123033
Puerto Corriente	locality	-54.9894339	-68.3658711
Caleta Molinare	locality	-55.0004814	-68.3523527
Villa Claudio Matte	neighbourhood	-35.4331643	-71.6565871
Villa El Retiro	neighbourhood	-38.7027156	-72.5368471
Valle de Asturias	neighbourhood	-38.6988264	-72.5364232
Vista Volcán	neighbourhood	-38.6934632	-72.5282063
Praderas Santa Carolina	neighbourhood	-38.6893704	-72.5201946
Caleta Domingo	locality	-55.0394578	-68.3170654
Caleta Contreras	locality	-54.8735197	-68.7758505
Caleta Tanswuani	locality	-55.0725638	-68.3272403
Villa Santa Elvira	neighbourhood	-35.4459875	-71.6709316
Villa Flor de Chile	neighbourhood	-35.4274196	-71.6385492
Villa Don Rafael	neighbourhood	-35.4090196	-71.6370590
Población René Schneider	neighbourhood	-35.4179493	-71.6703758
Brisas del Claro	neighbourhood	-35.4173139	-71.6662484
Villa San Agustín	neighbourhood	-35.4399280	-71.6755503
Villa San Andrés	neighbourhood	-35.4414279	-71.6735211
Villa Los Nogales II	neighbourhood	-35.4310194	-71.6790959
Población Productos Fernandez	neighbourhood	-35.4161991	-71.6501123
Condominio Santa Elena	neighbourhood	-41.3297662	-72.9922954
Puerto Micalvito	locality	-55.1955097	-67.8674147
Llau-Llao	neighbourhood	-42.4347464	-73.7682670
Codominio Los Arrayanes	neighbourhood	-41.3086150	-72.8896105
Costa del Lago	neighbourhood	-41.3106022	-72.9181133
Bordesur	neighbourhood	-41.3137412	-72.9279124
Parque Stocker	neighbourhood	-41.3144822	-72.9397442
Los Molinos	suburb	-35.3440583	-72.4188690
Cerro Alto	suburb	-35.3404474	-72.4169726
Villa Copihue	suburb	-35.3312159	-72.4296002
Cerro O'Higgins	neighbourhood	-35.3277556	-72.4186368
Los Guanayes	neighbourhood	-35.3347200	-72.4167734
Chacarillas	suburb	-35.3416277	-72.4230026
Villa Sur	neighbourhood	-35.4428387	-71.6705104
Población Los Nibelungos	neighbourhood	-35.4446737	-71.6695756
Población San Luis	neighbourhood	-35.4395516	-71.6299218
Santa Rosa	neighbourhood	-34.8408538	-72.0527390
Caleta Castillo	locality	-55.2301676	-68.2555667
Península Pasteur	locality	-55.2711881	-68.2802060
Caleta Canacus	locality	-55.2197140	-68.2986057
Punta Carpintero	locality	-55.2213013	-68.2105083
Punta Morrison	locality	-53.8360115	-70.4363546
Punta Rafael	locality	-53.8552554	-70.4318963
Punta Arboleda	locality	-53.8647213	-70.4207383
Punta Cabras	locality	-43.8904312	-73.7364761
Villa Los Tilos	neighbourhood	-35.4374323	-71.6833275
Villa Río Claro	neighbourhood	-35.4385016	-71.6778920
Población Diego Portales	neighbourhood	-35.4329830	-71.6707270
Punta Puquitin	locality	-43.8214264	-73.7752676
Caleta Granizo	locality	-43.8494232	-73.7603180
Vichuquén	village	-34.8840168	-71.9923708
Población Isla Centro	neighbourhood	-34.5955100	-71.4352926
Población Belgrano	neighbourhood	-35.4326223	-71.6624236
Población Juan Antonio Ríos	neighbourhood	-35.4245609	-71.6560591
Villa Los Olivos	neighbourhood	-34.8938251	-71.1634842
Villa Santa Elena	neighbourhood	-34.8901136	-71.1380719
Altos de Manquehue	neighbourhood	-33.0734283	-71.4282479
Araya	neighbourhood	-33.0514953	-71.4301669
Argentina	neighbourhood	-33.0473517	-71.4731364
Baldomero Lillo	neighbourhood	-33.0549320	-71.4164886
Barrio Industrial	neighbourhood	-33.0383572	-71.4195671
Basso	neighbourhood	-33.0501606	-71.4616588
Belloto Centro	neighbourhood	-33.0449138	-71.4105749
Bosques de Marga-Marga	neighbourhood	-33.0661500	-71.4233153
Buenos Aires	neighbourhood	-33.0447918	-71.4541449
Chilectra	neighbourhood	-33.0717024	-71.4162121
Villa California	neighbourhood	-33.0390046	-71.4298412
Carlos Condell	neighbourhood	-33.0722736	-71.4131690
Carozzi	neighbourhood	-33.0493639	-71.4375686
Comunidad El Bosque	neighbourhood	-33.0671368	-71.4159121
El Bosque	neighbourhood	-33.0281535	-71.4310305
El Esfuerzo	neighbourhood	-33.0581503	-71.4296462
El Mirador	neighbourhood	-33.0604161	-71.4428635
Esperanza	neighbourhood	-33.0570593	-71.4362549
Estero Viejo	neighbourhood	-33.0577733	-71.4128917
Estrella Polar	neighbourhood	-33.0415293	-71.4812656
Frutillar Alto	neighbourhood	-33.0299390	-71.4039819
Geosal	neighbourhood	-33.0705518	-71.4199036
Gorbea	neighbourhood	-33.0570341	-71.4507234
Halley	neighbourhood	-33.0371523	-71.4110554
Héroes del Mar	neighbourhood	-33.0347986	-71.4111977
Júpiter	neighbourhood	-33.0496621	-71.4026314
La Cumbre	neighbourhood	-33.0595092	-71.4366977
Las Palmas	neighbourhood	-33.0675048	-71.4253214
Las Viñas	neighbourhood	-33.0546208	-71.4530835
Lautaro	neighbourhood	-33.0552689	-71.4315821
Lomas de Quilpué	neighbourhood	-33.0729253	-71.4223619
Lomas del Sol	neighbourhood	-33.0321383	-71.4290458
Los Espinos	neighbourhood	-33.0351236	-71.4333105
Los Estanques	neighbourhood	-33.0525020	-71.4567009
Los Lunes II	neighbourhood	-33.0380723	-71.4840532
Los Lunes	neighbourhood	-33.0355005	-71.4831564
Los Naranjos	neighbourhood	-33.0497723	-71.4252412
Manquehue	neighbourhood	-33.0652671	-71.4277032
Manuel Rodríguez	neighbourhood	-33.0534366	-71.4604865
Mena	neighbourhood	-33.0505526	-71.4456439
Patricio Lynch	neighbourhood	-33.0403184	-71.4123445
Peyronet	neighbourhood	-33.0543043	-71.4385689
Pompeya Norte	neighbourhood	-33.0548633	-71.4662941
Puerto Marino	neighbourhood	-33.0542606	-71.4094794
Puerto del Este	neighbourhood	-33.0522919	-71.4098731
Puerto del Norte	neighbourhood	-33.0315103	-71.4073930
República de Brasil	neighbourhood	-33.0416201	-71.4066602
Samuel Valencia	neighbourhood	-33.0482170	-71.4666379
San Cristóbal	neighbourhood	-33.0638600	-71.4382471
San Gregorio	neighbourhood	-33.0440224	-71.4737038
Santa Marta	neighbourhood	-33.0366346	-71.4042059
Serena I	neighbourhood	-33.0605268	-71.4033381
Serena II	neighbourhood	-33.0521345	-71.4030043
Serena III	neighbourhood	-33.0425103	-71.4024703
Sol del Pacífico	neighbourhood	-33.0616565	-71.4274621
Soublete	neighbourhood	-33.0449177	-71.4328838
Teniente Serrano	neighbourhood	-33.0754642	-71.4168940
Textil Viña	neighbourhood	-33.0594912	-71.4220459
Victoria	neighbourhood	-33.0557651	-71.4460159
Villa Cumming	neighbourhood	-33.0567156	-71.4414754
Villa Dulce CRAV	neighbourhood	-33.0353127	-71.5062420
Villa Humboldt	neighbourhood	-33.0565418	-71.4608537
Villa Los Canelos	neighbourhood	-33.0611714	-71.4316488
Viña Alerces	neighbourhood	-33.0330090	-71.4077370
Viña del Sol	neighbourhood	-33.0358605	-71.4293451
21 de Mayo	neighbourhood	-33.0494328	-71.4522496
28 de Marzo	neighbourhood	-33.0453653	-71.4675291
Villa Los Libertadores	neighbourhood	-41.1212645	-73.0568512
La Feria	neighbourhood	-33.4800703	-70.6708381
Villa Numancia	neighbourhood	-33.4797817	-70.6728515
Población San Joaquín Poniente	neighbourhood	-33.4815665	-70.6758347
El Mirador	neighbourhood	-33.4774792	-70.6690703
El Carmelo	neighbourhood	-33.4783254	-70.6614809
Población Alessandri	neighbourhood	-33.4795088	-70.6609425
Balmaceda	neighbourhood	-33.4819395	-70.6596629
Ochagavía D-7	neighbourhood	-33.4826587	-70.6618544
San Miguel	neighbourhood	-33.4837146	-70.6620154
Ochagavía A	neighbourhood	-33.4872229	-70.6640258
Villa Yarur	neighbourhood	-33.4847513	-70.6637982
Población Magallanes	neighbourhood	-33.4840046	-70.6658444
Hermanos Carrera	neighbourhood	-33.4868943	-70.6615838
Villa Florencia	neighbourhood	-33.4871551	-70.6626564
Ochagavía D-4	neighbourhood	-33.4885152	-70.6623775
Población Histórica de Chile	neighbourhood	-33.4877009	-70.6646466
Ochagavía D-3	neighbourhood	-33.4880902	-70.6672752
Ochagavía C	neighbourhood	-33.4913785	-70.6643784
Ochagavía D-2	neighbourhood	-33.4906179	-70.6710517
Ochagavía D-1	neighbourhood	-33.4930972	-70.6726883
Ochagavía D-6	neighbourhood	-33.4949735	-70.6734619
Ochagavía B	neighbourhood	-33.4952196	-70.6665554
Villa Presidente José Joaquín Prieto	neighbourhood	-33.4949484	-70.6694746
Villa Nueva Lo Valledor	neighbourhood	-33.4868103	-70.6830251
Población Alberto Risopatrón	neighbourhood	-33.4912287	-70.6880967
Villa Nueva México	neighbourhood	-33.4941813	-70.6886600
Lo Valledor Norte	neighbourhood	-33.4921145	-70.6847117
José María Caro	neighbourhood	-33.4987175	-70.6907199
Fraternal Ferroviaria	neighbourhood	-33.4997284	-70.6871043
Lo Valledor Sur	neighbourhood	-33.5006768	-70.6846581
Población Santa Adriana	neighbourhood	-33.5101592	-70.6778270
Población Los Maitenes	neighbourhood	-33.5003592	-70.6708447
Villa Sur	neighbourhood	-33.4963132	-70.6798896
Nueva Villa Sur	neighbourhood	-33.4989190	-70.6822875
Villa S.E.A.M.	neighbourhood	-33.4956489	-70.6756464
Población 2 de Marzo	neighbourhood	-33.4966505	-70.6742903
Villa Las Lilas	neighbourhood	-33.4987401	-70.6777814
Villa La Feria	neighbourhood	-33.4974943	-70.6774630
Ñandú	neighbourhood	-33.4984896	-70.6742516
Villa Caussade	neighbourhood	-33.4963636	-70.6765100
La Providencia	neighbourhood	-33.4975904	-70.6747505
Villa La Candelaria	neighbourhood	-40.5588182	-73.1684442
Altos de Chiloé	neighbourhood	-42.4658311	-73.7793456
Alonso de Ercilla	neighbourhood	-42.4642759	-73.7781386
Valparaíso	city	-33.0458456	-71.6196749
Población Superintendente Custodio Ampuero	neighbourhood	-42.3759496	-73.6480921
Puerto Tictoc	locality	-43.5973958	-72.9442870
Isla Falsa	locality	-43.5932621	-72.9984397
Bahía Pescadores	locality	-43.5901539	-72.8852806
Puerto Escondido	locality	-43.6176904	-72.8800449
Caleta Silva Palma	locality	-43.5994812	-72.9223594
Sol de Oriente	neighbourhood	-41.4526147	-72.9251950
Terrazas de Angelmó	neighbourhood	-41.4830693	-72.9717089
Manzana H	neighbourhood	-33.0650199	-71.6247502
Violeta Parra	neighbourhood	-33.9272209	-70.7094465
Cerro Alegre	neighbourhood	-36.7076701	-73.1165996
Villa La Foresta	neighbourhood	-34.1704278	-70.7805201
Paso Internacional Los Libertadores	locality	-32.8157187	-70.0824961
Villa Las Palmeras	neighbourhood	-34.3938992	-71.9897171
Villa Santa Gemita	neighbourhood	-34.3926615	-71.9922921
Villa Arauco	neighbourhood	-34.3923074	-71.9907900
Villa Los Andes	neighbourhood	-34.3936867	-71.9922491
Don Matías	neighbourhood	-34.9478596	-71.1232078
Puertas de Fierro	neighbourhood	-34.1752954	-70.7810695
Ranguelmo	village	-36.5787404	-72.7632805
Cardenal Silva Henríquez	neighbourhood	-53.1300382	-70.9145028
Almirantazgo	neighbourhood	-53.1421583	-70.9302678
Aves Australes	neighbourhood	-53.1374597	-70.9296475
Villa Las Nieves	neighbourhood	-53.1257009	-70.8805141
Santa Ángela	neighbourhood	-34.4468360	-71.2893205
Caleuche	village	-34.4146496	-71.3729911
Alto El Rosal	neighbourhood	-33.4794602	-70.7623771
Tunca El Cristo	village	-34.4252767	-71.0976644
Villa General Maturana	neighbourhood	-35.1145736	-71.2869885
Pamputa	locality	-17.8775267	-69.6984550
Las Lomas	neighbourhood	-37.4542997	-72.2895040
Utalacata	locality	-18.5623793	-69.1382885
Paradero Quebrada Honda	locality	-18.3254906	-69.8840554
Misticsa	locality	-19.5891267	-69.3766513
Huarcaza	locality	-19.6625871	-69.1504331
Chuayane	locality	-19.6474916	-68.6624626
Casiri	locality	-19.3863086	-68.6222845
Cuchuguano	locality	-19.5913208	-68.5707563
Huanca	locality	-19.5646629	-68.8722750
Tolaguano	locality	-19.5770226	-68.5853365
Vilquegmano	locality	-19.5574658	-68.7241862
Don Álvaro	neighbourhood	-34.8754284	-71.1655722
Campamento Alianza	locality	-20.7775019	-69.7000948
Campamento Mirasol	locality	-20.6922282	-69.6995362
Oficina Cóndor	locality	-20.3923706	-70.0072434
Llacho	locality	-19.8880992	-68.8146016
Miraflores	neighbourhood	-20.4783817	-69.3330640
Pénjamo	locality	-19.8587943	-68.8318701
Porquesa	locality	-19.9677825	-68.7904241
Rinconada Grande	locality	-19.8297250	-68.8443714
Oficina Santa Ana	locality	-22.1231124	-69.5875291
Campamento Azufrera Polan	locality	-21.2419110	-68.5176457
Chitigua	locality	-21.6207136	-68.8863158
Churqui	locality	-21.9197402	-68.5969475
Campamento La Paloma	locality	-22.9257778	-69.2969181
Chislluta	locality	-17.5547343	-69.5246664
Lonconao	neighbourhood	-37.7916602	-73.3928636
Lleu-Lleu	neighbourhood	-37.7842005	-73.3850140
Lanalhue	neighbourhood	-37.7863881	-73.3860771
Polvorín	neighbourhood	-37.0757174	-73.1480873
Fundo La Sombra	locality	-38.4614493	-71.7595707
Las Cayanas	locality	-34.2426306	-70.3258882
Jorge Cvitanic	neighbourhood	-53.1504035	-70.9148347
La Concepción	neighbourhood	-53.1424639	-70.9247013
Ríos Patagónicos	neighbourhood	-53.1330790	-70.9248732
Villa Selknam	neighbourhood	-53.1371211	-70.9203044
Villa Torres del Paine	neighbourhood	-53.1306114	-70.8727453
Chorrillos	neighbourhood	-53.1422505	-70.9220435
21 de Mayo	neighbourhood	-53.1561565	-70.9333940
El Pingüino	neighbourhood	-53.1538072	-70.9385352
5 de Abril	neighbourhood	-53.1510791	-70.8935848
Alfredo Lorca	neighbourhood	-53.1343084	-70.9270765
Villa Bahía Catalina	neighbourhood	-53.1414815	-70.8920268
Barrio Croata	neighbourhood	-53.1590236	-70.8963632
San Miguel	neighbourhood	-53.1645618	-70.9225020
Barrio Sur	neighbourhood	-53.1706731	-70.9195973
Bois de Chesne	neighbourhood	-53.1465557	-70.8973005
Cecil Rasmussen	neighbourhood	-53.1402223	-70.9128455
Calixto	neighbourhood	-53.1574549	-70.9280634
Camilo Henríquez	neighbourhood	-53.1614562	-70.9425096
Carlos Bories	neighbourhood	-53.1702551	-70.9270564
Carlos Ibáñez	neighbourhood	-53.1535659	-70.9330453
Cataratas del Niágara	neighbourhood	-53.1307359	-70.9038851
Claudio Bustos	neighbourhood	-53.1419931	-70.9151770
Club Hípico	neighbourhood	-53.1476811	-70.8876825
Diego Portales	neighbourhood	-53.1638982	-70.9434280
Dubrasic	neighbourhood	-53.1523122	-70.9194183
El Ovejero	neighbourhood	-53.1341411	-70.9164387
Empart	neighbourhood	-53.1500828	-70.9000284
Enapolis	neighbourhood	-53.1433536	-70.8880218
España	neighbourhood	-53.1480496	-70.9038227
Eusebio Lillo	neighbourhood	-53.1655224	-70.9454144
Explotadora	neighbourhood	-53.1428883	-70.8890458
Gobernador Viel	neighbourhood	-53.1419753	-70.9022314
Fitz Roy	neighbourhood	-53.1764683	-70.9283941
Javier Palacios	neighbourhood	-53.1406620	-70.8790297
Juan Ladrilleros	neighbourhood	-53.1537168	-70.9105775
Lord Cochrane	neighbourhood	-53.1741018	-70.9342168
General del Canto	neighbourhood	-53.1422580	-70.9268471
Las Naciones	neighbourhood	-53.1428995	-70.8818383
Las Vertientes	neighbourhood	-53.1380747	-70.9115257
Manuel Chaparro	neighbourhood	-53.1461577	-70.9233376
Los Apeninos	neighbourhood	-53.1371587	-70.8831611
Loteo Bellavista	neighbourhood	-53.1321592	-70.8976238
Costanera del Río	neighbourhood	-53.1509836	-70.9227970
Loteo del Mar	neighbourhood	-53.1529782	-70.9452809
Manantiales	neighbourhood	-53.1453984	-70.8845569
Mauricio Braun	neighbourhood	-53.1470034	-70.9011843
Manuel Bulnes Norte	neighbourhood	-53.1763654	-70.9363661
Manuel Bulnes Sur	neighbourhood	-53.1798119	-70.9413443
Molinera	neighbourhood	-53.1396580	-70.9088892
Villa Tehuelche	neighbourhood	-53.1443176	-70.8956973
Villa Zurich	neighbourhood	-53.1340458	-70.8931542
Sandy Point	neighbourhood	-53.1348890	-70.9011283
Pedro Aguirre Cerda	neighbourhood	-53.1764042	-70.9436044
Villa Split	neighbourhood	-53.1345736	-70.9070380
Villa Berna	neighbourhood	-53.1343508	-70.8898211
Villa El Bosque	neighbourhood	-53.1330191	-70.8882894
Villa Cervinia	neighbourhood	-53.1368907	-70.8975108
Villa Friburgo	neighbourhood	-53.1361055	-70.8900436
Villa Helvecia	neighbourhood	-53.1365156	-70.8969132
Las Lengas	neighbourhood	-53.1374314	-70.8939274
Villa Los Españoles	neighbourhood	-53.1436097	-70.9199341
Villa Los Flamencos	neighbourhood	-53.1256129	-70.8891816
Villa Suiza	neighbourhood	-53.1364788	-70.9079748
Playa Norte	neighbourhood	-53.1532360	-70.8888167
Los Olivos de Maipú	neighbourhood	-33.4811805	-70.7651075
Los Naranjos de Maipú	neighbourhood	-33.4796529	-70.7599407
Los Pinares de Maipú	neighbourhood	-33.4813729	-70.7628008
Los Canelos de Maipú	neighbourhood	-33.4828271	-70.7681170
Los Laureles de Maipú	neighbourhood	-33.4828673	-70.7654884
Los Alerces de Maipú	neighbourhood	-33.4832488	-70.7598117
Villa Italia	neighbourhood	-34.4439491	-71.0797701
Villas del Sur	neighbourhood	-34.4441166	-71.0768227
Villa Magisterio	neighbourhood	-34.4402584	-71.0697170
Población Miguel Bustamante	neighbourhood	-34.4406433	-71.0649051
Calera de Tango	town	-33.6309419	-70.7593202
Huequén	suburb	-37.8208398	-72.6700797
Población Las Américas	neighbourhood	-36.9256916	-73.0297123
Tubul	village	-37.2305137	-73.4448935
Los Notros	locality	-37.9103648	-73.2815589
San Alfonso	locality	-37.7113538	-73.1724177
El Colorado	village	-35.6378656	-71.2634074
Cerro Santo Domingo	neighbourhood	-33.0356367	-71.6338844
Población Naval Las Salinas	neighbourhood	-32.9844915	-71.5424149
Población Río Palena	neighbourhood	-32.9740018	-71.5312497
Loteo Neumann	neighbourhood	-41.3158371	-73.0010045
Villa Los Torreones	neighbourhood	-39.7969015	-73.2165920
El Planchón	locality	-35.1641196	-70.5379577
Arica	city	-18.4785288	-70.3211394
O'Higgins de Pilay	village	-33.9472750	-70.6477239
Chaitén Sur	neighbourhood	-42.9252211	-72.7109833
Santa Margarita	suburb	-34.1584614	-71.3955362
Unión Comunal	neighbourhood	-35.0021984	-71.2467802
Población Naval Bermudez	neighbourhood	-53.1736751	-70.9232433
Las Liras	village	-34.8660317	-71.0208963
Villa Héctor Olivares Solís	neighbourhood	-34.1648788	-70.7557171
Villa Las Rosas	neighbourhood	-38.8706224	-72.3889723
Villa El Valle	neighbourhood	-38.8703469	-72.3866602
Punta Bryson	locality	-26.3562743	-70.6490556
Punta Piedra Blanca	locality	-26.3517178	-70.6373781
Villa Punta Delgada	village	-52.3158634	-69.6905678
Villa Santa Julia	neighbourhood	-33.0021113	-71.4982068
Villa Las Azucenas	neighbourhood	-33.0050288	-71.4950562
Villa Belén	neighbourhood	-33.0018230	-71.5020962
Cañitas	village	-41.3007866	-73.4531373
Portal del Lago	neighbourhood	-41.2445136	-73.0140324
Villa Toscana	neighbourhood	-34.4318442	-71.0849786
Villa Roma	neighbourhood	-34.4314371	-71.0831815
Villa Don Prieto	neighbourhood	-34.4343617	-71.0854495
Población Manuel Rodriguez	neighbourhood	-34.4342746	-71.0827248
Villa Las Palmeras	neighbourhood	-34.4357587	-71.0755700
Villa Valles de Tagua Tagua	neighbourhood	-34.4381339	-71.0896943
Población German Riesco	neighbourhood	-34.4379357	-71.0873000
Población Manuel Ford	neighbourhood	-34.4442409	-71.0942501
Condominio Las Praderas	neighbourhood	-34.4446489	-71.0925508
Villa Francia	neighbourhood	-34.4457712	-71.0928807
Villa Cristóforo Colombo	neighbourhood	-34.4446347	-71.0866935
Villa Los Roble	neighbourhood	-34.4371004	-71.0686940
Villa Cordillera	neighbourhood	-34.4424271	-71.0712680
Villa El Cristo	neighbourhood	-34.4304770	-71.1008876
Villa La Hacienda	neighbourhood	-34.4289726	-71.1009520
Villa La Unión	neighbourhood	-34.4395646	-71.1441730
Angostura	village	-34.5430039	-70.9647654
Villa La Dehesa	neighbourhood	-34.4654907	-71.0301840
Población La Alborada	neighbourhood	-34.4460547	-71.0671187
Villa Las Palmas	neighbourhood	-34.3667353	-71.2717835
Villa Hermosa	neighbourhood	-34.3659935	-71.2737153
Valle de Pupío	locality	-31.8675515	-71.4782191
Villa Los Copihues	neighbourhood	-32.7920375	-71.2229325
Pingueral	neighbourhood	-36.5311202	-72.9303271
El Resbalón	locality	-37.4851961	-72.3912940
El Avellano	suburb	-37.4468952	-72.3354114
Olmué	town	-32.9956184	-71.1862110
Villa Los Maitenes	neighbourhood	-33.5594342	-70.8244163
Villa Las Casas de Los Tilos	neighbourhood	-34.1510144	-70.7650119
Villa San José	neighbourhood	-34.7024091	-71.0411138
Villa Santa Isabel	neighbourhood	-34.4360562	-71.0960716
Villa Mirasol	neighbourhood	-34.4455530	-71.0904848
Lagos de Chile	neighbourhood	-37.4698822	-73.3545381
Villa Camilo Escalona	neighbourhood	-37.0827107	-73.1674148
Comunidad La Foresta II	neighbourhood	-38.6452921	-72.7602820
Bocatoma	locality	-30.7457941	-70.4196438
Villa El Jardín	neighbourhood	-29.8655410	-71.2343122
Villa Mercedes	village	-37.4044349	-71.9795100
Población El Porvenir	neighbourhood	-34.2766884	-70.8559491
Población Ampliación Pablo Neruda	neighbourhood	-45.5874862	-72.0502084
Población Santa Olga	neighbourhood	-33.5208784	-70.6819351
Villa Magdalena Petit	neighbourhood	-33.1850891	-70.6662979
Villa Los Troncos	neighbourhood	-36.6384655	-73.0989571
Patagonia Virgin	neighbourhood	-41.1519036	-73.0096837
Población Claudio Arrau II	neighbourhood	-33.1925545	-70.6673665
Población O'Higgins	neighbourhood	-33.2015332	-70.6666302
Población El Estero	neighbourhood	-33.2015690	-70.6722333
Población Ignacio Carrera Pinto	neighbourhood	-33.1970085	-70.6732820
Villa Oro Olímpico	neighbourhood	-33.1842217	-70.6633568
Población San Alfonso	neighbourhood	-33.1889190	-70.6690383
Población Centenario II	neighbourhood	-33.1881469	-70.6645595
Villa Las Araucarias	neighbourhood	-37.2442937	-73.3108061
Valle del Arco íris	locality	-22.6348676	-68.2463773
Cañón de Guatin	locality	-22.7705055	-68.0848740
Huillinco Alto	village	-37.7547272	-73.3747344
Población Santa Elena	neighbourhood	-34.9974776	-71.3872757
Villa Los Arrayanes	neighbourhood	-39.2812221	-71.9398993
Población Santa Elena	neighbourhood	-37.6663012	-73.3922551
Ruca Rapel	neighbourhood	-34.1513996	-71.4762716
Huaso Memo	neighbourhood	-34.1736467	-71.4670668
Rapelco	neighbourhood	-34.2057155	-71.4617292
Casamar	neighbourhood	-41.8619771	-73.8142387
Villa El Edén	neighbourhood	-34.3596974	-71.2848568
Las Camelias	village	-36.2115643	-71.6053018
Los Carros	village	-36.2312632	-71.7259547
Altos de Dalcahue	neighbourhood	-42.3742701	-73.6529351
El Arboreto	neighbourhood	-41.3170525	-72.9350166
Yungay	town	-37.1193665	-72.0188531
Villa Los Quillayes	neighbourhood	-32.8854264	-71.2497539
Villa Degania	neighbourhood	-32.8449206	-70.5970307
Villa Lomas De Santa Rosa	neighbourhood	-32.8534378	-70.5881511
Laderas de Santa Rosa	neighbourhood	-32.8559193	-70.5841152
Villa Aire de Cordillera	neighbourhood	-32.8581596	-70.6233167
Villa Pedro Aguirre Cerda	neighbourhood	-32.8621376	-70.6235180
Población Gabriela Mistral	neighbourhood	-30.0301633	-70.7109859
Población O'Higgins	neighbourhood	-30.0368353	-70.7057020
Esfuerzo Campesino	village	-30.0552652	-71.2508477
Felipe Cubillos Sigall	neighbourhood	-34.8857816	-72.1661227
Villa Los Aromos	neighbourhood	-37.6014213	-73.6452227
Villa Bernardo O'Higgins	neighbourhood	-37.6022066	-73.6459021
Población Cornelio Saavedra	neighbourhood	-37.6042157	-73.6441471
Población Gabriela Pizarro	neighbourhood	-37.6048486	-73.6448352
Villa Vistas de Lebu	neighbourhood	-37.6065027	-73.6433167
Población Maquehue	neighbourhood	-37.6049970	-73.6410489
Teodoro Schmidt	town	-38.9967454	-73.0891844
Población Estación	neighbourhood	-30.0275856	-70.7189274
Población José Joaquín Pérez	neighbourhood	-37.5968903	-73.6426413
Población Juan Quiroga Ugalde	neighbourhood	-37.5964058	-73.6422658
Villa Jorge Alessandri	neighbourhood	-37.5956184	-73.6410413
Población Enrique Weiss	neighbourhood	-37.5940627	-73.6435036
Población Antonio Rebolledo	neighbourhood	-37.5931170	-73.6425072
Población Salvador Allende	neighbourhood	-37.5922233	-73.6419868
Población Cardenal Raúl Silva Henríquez	neighbourhood	-37.5934135	-73.6404097
Población Walter Ramírez	neighbourhood	-37.5922924	-73.6398223
Población Eduardo Frei	neighbourhood	-37.5915061	-73.6411079
Población Alejandro Pizarro	neighbourhood	-37.5908662	-73.6404630
Villa Diego Portales	neighbourhood	-37.6074191	-73.6592752
"Población ""Lebu"""	neighbourhood	-37.6074466	-73.6573330
Perales	village	-36.4224215	-72.8686097
Santa Teresita de Colín	neighbourhood	-35.4540042	-71.6833627
Población Juan Costa	neighbourhood	-41.3222863	-72.9871403
Villa Santa Adela	neighbourhood	-33.5105493	-70.7179318
Eusebio Lillo	neighbourhood	-37.6097356	-73.6505929
Mirador de Volcanes	neighbourhood	-41.3195013	-72.9925385
La Blanquina	village	-34.0708267	-70.6637889
La Morera	village	-34.0949497	-70.6750041
Angostura	village	-33.9371616	-70.7136877
El Roble	neighbourhood	-34.0116512	-70.7151832
Puertas del Sur	neighbourhood	-35.4527724	-71.6970081
Nuevos Campos	village	-34.1209446	-70.6847724
Cuarta Hijuela	neighbourhood	-34.0829352	-70.7432207
Santa Matilde	village	-33.1112011	-70.7926549
Aurora	village	-35.4955654	-71.5289742
El Porvenir	village	-35.4825968	-71.5545846
Club de Campo Residencial	neighbourhood	-41.3411743	-73.0047617
Población 27 de Febrero	neighbourhood	-37.6121025	-73.6610226
Puerta Sur	neighbourhood	-41.4674906	-72.9987722
Altos del Tepual	neighbourhood	-41.4670361	-72.9874993
Barrio Universitario	neighbourhood	-36.8302444	-73.0392443
Agüita de la Perdiz	neighbourhood	-36.8351445	-73.0386584
Villa Centenario	neighbourhood	-34.4430206	-71.0745719
Aguas Termales La Hedionda	locality	-29.9173448	-69.9914122
Población El Cristo	neighbourhood	-32.7291878	-71.2027407
Callejón Moscoso	neighbourhood	-34.5881059	-71.3640386
Población San Francisco	neighbourhood	-35.5894743	-71.7198073
Villa Rosaura	neighbourhood	-41.8791563	-73.8115887
Chamisero	village	-33.3218312	-70.6475937
Los Parrales	neighbourhood	-33.2141848	-70.6994019
San Miguel	neighbourhood	-33.2097165	-70.6939215
Quilapilún Alto	village	-33.0931545	-70.6763641
Batuco-Entel	locality	-33.2385959	-70.7983018
El Lucero	village	-33.2565737	-70.8802953
Estación Colina	village	-33.2807039	-70.7559155
Lo Castro	village	-33.2933771	-70.7863677
Sol de Septiembre	village	-33.3052248	-70.8546156
Puerto Natales	city	-51.7262003	-72.5059982
Nogales	town	-32.7363810	-71.2002438
Villa Napoli	neighbourhood	-34.4461091	-71.0886633
Loteo San Nicolás	neighbourhood	-41.3427170	-72.9973552
Puerto Seco	neighbourhood	-22.4422288	-68.8966692
Población Goleta Sebastiana	neighbourhood	-41.8626275	-73.8178393
Villa Insular	neighbourhood	-42.4611979	-73.7788104
Puerto Sur	village	-37.0480362	-73.5137053
Villa Rapa Nui	neighbourhood	-32.8863177	-71.2630631
Villa Jardines del Aconcagua	neighbourhood	-32.8848607	-71.2645276
Población Hermanos Carrera	neighbourhood	-32.8824542	-71.2627864
Población Aconcagua Sur	neighbourhood	-32.8806342	-71.2635589
Villa Los Aromos	neighbourhood	-32.8825173	-71.2653721
Población José Miguel Carrera	neighbourhood	-32.8833642	-71.2640470
Población Antumapu	neighbourhood	-32.8876077	-71.2669063
Población Rios de Chile	neighbourhood	-32.8857518	-71.2655652
Población Leonardo Da Vinci	neighbourhood	-32.8882024	-71.2634945
Villa México	neighbourhood	-32.8945048	-71.2501781
Villa Coopreval	neighbourhood	-32.8921512	-71.2414073
Villa Santa Teresita	neighbourhood	-32.8876801	-71.2393103
Población Lo Garzo	neighbourhood	-32.8824661	-71.2402807
Población Corvi	neighbourhood	-32.8880610	-71.2442611
Villa Paraíso	neighbourhood	-32.8817993	-71.2378560
Población Manuela Figueroa	neighbourhood	-32.8942858	-71.2540287
Villa Los Reyes Católicos	neighbourhood	-32.8948417	-71.2569748
Población Salvador Said	neighbourhood	-32.8923584	-71.2569963
Quiriquina	village	-36.8426599	-72.1020586
Los Castaños	neighbourhood	-37.1161734	-72.0398189
Villa Génesis	neighbourhood	-37.4650098	-72.4008589
Población Pedro del Río Zañartu	neighbourhood	-36.8255798	-73.0671073
Pompeya Sur	neighbourhood	-33.0571770	-71.4689354
Población Concejal Jaime Ampuero	neighbourhood	-42.3746737	-73.6611788
Población Carlos Gómez Miranda	neighbourhood	-42.8818313	-73.4722736
Colonos del Lago Llanquihue	neighbourhood	-41.3250657	-72.8881562
La Aguada	village	-37.2081933	-72.4367113
Villa Los Profesores	neighbourhood	-37.4679701	-72.3846546
Villa Lomas de Santa María	neighbourhood	-37.4676635	-72.3792473
Población Santa Rita	neighbourhood	-33.2660053	-71.4322354
Mirador de Quellón	neighbourhood	-43.1143798	-73.6300550
Villa Alemania	neighbourhood	-22.4489534	-68.9430645
Minas del Prado	village	-36.6657519	-71.7043841
Quinchamalí	village	-36.6484154	-72.4033765
Talagante	town	-33.6644388	-70.9302778
Portal San Francisco	village	-38.6883853	-72.6564129
Mirador Santa Luisa	village	-32.9010332	-71.4958159
Villa Amanecer	neighbourhood	-32.8409658	-70.9809823
Inés de Bazán	neighbourhood	-42.4617655	-73.7819480
Vllla Nueva Galicia	neighbourhood	-42.4630365	-73.7819316
Altos de Chiloé	neighbourhood	-42.4667530	-73.7771433
Manuel Bulnes	neighbourhood	-42.4679515	-73.7829335
Quilén de Puerto Varas	neighbourhood	-41.3466813	-72.9418387
Santa Cecilia	neighbourhood	-36.7470511	-73.0870237
San Marcos 2000	neighbourhood	-36.7486826	-73.0810649
Antuco	town	-37.3299561	-71.6791577
Condominio Portada Norte 8	neighbourhood	-23.5549526	-70.3928105
Condominio Portada Norte 7	neighbourhood	-23.5550169	-70.3920910
Condominio Micenas	neighbourhood	-23.5590811	-70.3990359
Villa La Frontera	neighbourhood	-39.3083594	-72.2101828
Condominio Coigue	neighbourhood	-23.5592965	-70.3927805
Condominio Plaza Norte 5	neighbourhood	-23.5594264	-70.3919811
Ciudad Kútulas - Barrio San Marcos	neighbourhood	-23.5607948	-70.3913356
Condominio Tamarugo	neighbourhood	-23.5605217	-70.3918857
Condominio Alerce	neighbourhood	-23.5604547	-70.3924695
Condominio Araucarias	neighbourhood	-23.5602238	-70.3932329
Condominio Algarrobo	neighbourhood	-23.5602657	-70.3940176
Condominio Nogal	neighbourhood	-23.5610261	-70.3944079
Condominio Manio	neighbourhood	-23.5619618	-70.3943803
Condominio Raulí	neighbourhood	-23.5625625	-70.3936217
Condomino Arayán	neighbourhood	-23.5626813	-70.3927227
Condominio Maitén	neighbourhood	-23.5625997	-70.3919116
Condominio Lingue	neighbourhood	-23.5619601	-70.3917923
Condominio Canelo	neighbourhood	-23.5619438	-70.3924077
Condominio Roble	neighbourhood	-23.5621614	-70.3927775
Condominio Argos	neighbourhood	-23.5623026	-70.3957353
Condominio Tripolis	neighbourhood	-23.5623535	-70.3965425
Condominio Thasos	neighbourhood	-23.5624438	-70.3973498
Condominio Apolo	neighbourhood	-23.5625173	-70.3979537
Condominio Plaza Norte 6	neighbourhood	-23.5623196	-70.3987054
Condominio Bordemar	neighbourhood	-23.5653527	-70.3978736
Condominio Bordemar I	neighbourhood	-23.5659232	-70.3969985
Bordemar II	neighbourhood	-23.5658610	-70.3963084
Condominio Bordemar III	neighbourhood	-23.5657820	-70.3955443
Bordemar IV	neighbourhood	-23.5641987	-70.3948682
Bordemar V	neighbourhood	-23.5627349	-70.3958858
Bordemar VI	neighbourhood	-23.5628206	-70.3966217
Bordemar VII	neighbourhood	-23.5628951	-70.3973575
Condominio Ares	neighbourhood	-23.5629823	-70.3942725
Condominio Athenas	neighbourhood	-23.5639686	-70.3940515
Condominio Atenea	neighbourhood	-23.5647301	-70.3942701
Condominio Santa Ana	neighbourhood	-23.5652974	-70.3934378
Condominio Olimpo	neighbourhood	-23.5650986	-70.3926287
Condominio Acrópolis	neighbourhood	-23.5650113	-70.3920309
Lomas del Sur	neighbourhood	-23.5670275	-70.3911388
Condominio Plaza Norte 2	neighbourhood	-23.5679135	-70.3914051
Condominio Plaza Norte	neighbourhood	-23.5679006	-70.3924029
Casa Campo 1	neighbourhood	-23.5690736	-70.3931770
Condominio Casa Campo	neighbourhood	-23.5672671	-70.3930371
Condominio Jardines del Norte 6	neighbourhood	-23.5712096	-70.3957935
Condominio Jardines del Norte IV	neighbourhood	-23.5712692	-70.3946064
Jardines del Norte III	neighbourhood	-23.5711723	-70.3932404
Condominio Jardines del Norte II	neighbourhood	-23.5715822	-70.3924842
Condominio Jardines del Norte	neighbourhood	-23.5715822	-70.3935575
Jardines del Norte 5	neighbourhood	-23.5717656	-70.3959782
Condominio Esparta	neighbourhood	-23.5610235	-70.3888095
Condominio Domeyko	neighbourhood	-23.5609721	-70.3884359
Condominio Tesalia	neighbourhood	-23.5617854	-70.3886414
Condominio Mesenia	neighbourhood	-23.5637545	-70.3896034
Condominio Beocia	neighbourhood	-23.5632751	-70.3896875
Condominio Paranal	neighbourhood	-23.5596023	-70.3883145
Condominio Linzor	neighbourhood	-23.5602958	-70.3884359
Condominio Los Flamencos	neighbourhood	-23.5619567	-70.3866146
Condominio Plaza Norte 3	neighbourhood	-23.5616759	-70.3868952
Condominio Licancabur	neighbourhood	-23.5625475	-70.3873835
Condominio Parinacota	neighbourhood	-23.5625959	-70.3877047
Condominio Lascar	neighbourhood	-23.5636766	-70.3872778
Condominio Tacora	neighbourhood	-23.5636170	-70.3867371
Condominio Lastarria	neighbourhood	-23.5641499	-70.3879771
Condominio Plaza Norte IV	neighbourhood	-23.5649883	-70.3892048
Valdivia	city	-39.8141262	-73.2459859
Villavicencio	village	-35.5933858	-71.8877762
Alto del Río	village	-35.6192213	-71.7786575
Santa Isabel	locality	-22.0758387	-69.6010940
El Llolly	village	-40.0677097	-72.6156389
San Antonio	neighbourhood	-38.7436112	-72.5791523
Isla Rocuant	locality	-36.7346039	-73.0708258
Arenal	neighbourhood	-36.7269418	-73.1118942
El Morro	neighbourhood	-36.7247114	-73.1099899
Condominio Mar y Boldo	neighbourhood	-33.4811190	-71.6194270
Parque Universitario II	neighbourhood	-23.6993644	-70.4076561
Villa Los Encinos	neighbourhood	-39.8472345	-73.2036266
Población 1 de Mayo	neighbourhood	-34.4138098	-71.2337130
Población del Llano	neighbourhood	-31.9138743	-71.5088252
Villa El Bosque	neighbourhood	-31.9152854	-71.5142272
Población Urmeneta	neighbourhood	-34.1581020	-70.7346919
Población Recreo	neighbourhood	-34.1534320	-70.7342413
Población Manso de Velasco	neighbourhood	-34.1540895	-70.7401727
Conjunto Habitacional San Francisco	neighbourhood	-34.1592353	-70.6962934
Población Modelo	neighbourhood	-42.3757300	-73.6490247
Población Presidente Ibáñez	neighbourhood	-41.4640435	-72.9568805
Laguna Norte	neighbourhood	-33.3258929	-70.7582286
El Alto	neighbourhood	-38.7339282	-72.9453303
La Cisterna	suburb	-33.5346265	-70.6644024
Independencia	suburb	-33.4222950	-70.6554648
Villa Futuro	neighbourhood	-33.6531032	-70.9050417
Villa Carlos Droguett	neighbourhood	-33.6655203	-70.9166780
Villa Ayquina	neighbourhood	-22.0849536	-70.1868869
Población Los Lagos	neighbourhood	-33.6741150	-70.9437810
Villa Niño Jesus	neighbourhood	-33.6631247	-70.9185118
Villa Tocornal	neighbourhood	-33.6621692	-70.9194237
Talhuén	village	-34.4961408	-71.3320548
Orilla de Pencahue	village	-34.4490458	-71.1496664
La Rioja	neighbourhood	-34.5017327	-71.1860640
Pencahue Abajo	village	-34.4278184	-71.1664892
Casas del Parque 3	neighbourhood	-33.6111540	-70.6887862
La Campiña de Nos	neighbourhood	-33.6226263	-70.6904368
Las Dalias de Nos	neighbourhood	-33.6269677	-70.6878420
Villa Bicentenario	neighbourhood	-34.4437599	-71.0907469
Piedra El Horno	locality	-41.7430347	-73.0761196
Shuka	neighbourhood	-51.7387599	-72.4791061
Terranova	neighbourhood	-51.7385007	-72.4772286
Población Sol de Julio	neighbourhood	-32.9349526	-71.2692914
La Puntilla	neighbourhood	-36.8057273	-73.0348327
Estadio	neighbourhood	-51.7261389	-72.4844421
Loteo Rubén Darío	neighbourhood	-51.7251196	-72.4814761
Corvi	neighbourhood	-51.7331802	-72.4913144
Toma Felipe Camiroaga	neighbourhood	-33.0557326	-71.5483652
Padre Las Casas	town	-38.7674245	-72.5956312
Población Santa Rosa	neighbourhood	-41.3249034	-72.9834403
Población Errázuriz	neighbourhood	-41.3302863	-72.9700635
Población Los Canelos	neighbourhood	-41.3321493	-72.9708927
Población Lago Llanquihue	neighbourhood	-41.3321013	-72.9739484
Población Garcia Moreno	neighbourhood	-41.3273219	-72.9724562
Las Trancas	locality	-34.6197561	-72.0142080
Las Cruces	locality	-34.5497877	-72.0228331
Los Maquis	locality	-34.2216857	-71.8420238
Los Maquis	locality	-34.1373000	-71.8987850
Condominio Lomas de Frutillar	neighbourhood	-41.1508595	-73.0055259
San Francisco	locality	-33.9437066	-71.7956828
Península Los Lirios	locality	-33.9081017	-71.8257180
El Boldo	neighbourhood	-34.0167448	-71.8615393
El Macal	locality	-34.0475268	-71.7878346
Quiñicaben	locality	-34.0396721	-71.7609760
Valle de Paulum	locality	-33.9705370	-71.7551858
La Cruz	neighbourhood	-33.9507353	-71.7342010
Monte Redondo	locality	-33.9866261	-71.7092185
El Potrero	locality	-33.9954670	-71.7876084
Pantanillo	locality	-27.1028987	-69.1504476
El Principal	town	-33.7210961	-70.5510787
Lo Arcaya	village	-33.6900127	-70.5815008
Chilecito	village	-30.7529916	-70.8435531
Villa Alborada	neighbourhood	-32.8251927	-70.6107867
Villa Los Copihues	neighbourhood	-32.8225646	-70.6110548
Los Cerrillos	village	-32.6923330	-70.9310340
El Ñilhue	village	-32.7160097	-70.9195697
Ignacio Carrera Pinto	neighbourhood	-33.3703647	-71.6715246
Estadio Algarrobo	neighbourhood	-33.3718235	-71.6666440
Fuentecilla	neighbourhood	-34.4301620	-71.0920087
Villa Los Arquitectos	neighbourhood	-38.7523223	-72.6618728
Jardín de los Naranjos	neighbourhood	-38.7542262	-72.6620913
Villa Araucaria	neighbourhood	-34.2897397	-71.3015196
Villa La Cantera	neighbourhood	-34.3935524	-71.1626842
Población Los Paltos	neighbourhood	-34.3915205	-71.1667397
Villa Araucanía	neighbourhood	-34.3921713	-71.1674934
Población Karol Wojtyła	neighbourhood	-34.3949202	-71.1725467
Villa Bernardo O'Higgins	neighbourhood	-34.3923574	-70.8493159
Villa Araucanía	neighbourhood	-34.3912303	-70.8527693
Villa Primavera	neighbourhood	-34.4121214	-70.8745621
Villa Los Huertos	neighbourhood	-34.4462600	-71.1040434
Villa Jerusalén	neighbourhood	-34.4266348	-71.0542878
Población Padre Hurtado	neighbourhood	-34.4272631	-71.0572436
Villa Génesis	neighbourhood	-34.4285220	-71.0562029
Población Presidente José Manuel Balmaceda	neighbourhood	-34.4393806	-71.0620040
Villa Gabriela Mistral	neighbourhood	-34.4388144	-71.0663909
Villa Cuchipuy	neighbourhood	-34.4439748	-71.0880875
Villa Doria	neighbourhood	-34.4447512	-71.0890057
Villa Santa Paula	neighbourhood	-34.4340817	-71.0795435
La Puntilla	neighbourhood	-34.4394768	-71.0568457
Villa Los Olivos	neighbourhood	-34.4323134	-71.0830538
Población San Vicente	neighbourhood	-34.4352894	-71.0856108
Condominio El Real	neighbourhood	-34.4430732	-71.0816018
Condominio Alto del Río	neighbourhood	-34.4432369	-71.0806255
Zúñiga	neighbourhood	-34.3562532	-71.0983256
Callejones	village	-34.4405974	-71.1026770
Las Cruces	neighbourhood	-34.4246337	-71.1485282
Población Chile Nuevo	neighbourhood	-34.4745854	-70.9776390
Villa Frente Al Sol	neighbourhood	-34.4886790	-70.9766816
Población 21 de Mayo	neighbourhood	-34.4994217	-71.0756828
Rincón de Rangalillo	locality	-34.5074863	-71.2259669
Cádiz de Jourdan	neighbourhood	-34.1507537	-71.3942973
Condominio Velas del Sol	neighbourhood	-34.1972856	-71.4617706
Villa Tricolor	neighbourhood	-33.5027773	-70.6685031
Cardenal Raúl Silva Henriquez	neighbourhood	-33.4995258	-70.6754198
Carelmapu	neighbourhood	-33.5016892	-70.6732514
Mellaview	neighbourhood	-33.4991252	-70.6675738
Alcibíades	neighbourhood	-33.4986057	-70.6690461
Ochagavía D-5	neighbourhood	-33.4972723	-70.6679550
Empleados Municipales	neighbourhood	-33.4898884	-70.6666485
Villa Doña Juanita	neighbourhood	-33.4861922	-70.6637572
Ochagavía A	neighbourhood	-33.4853623	-70.6605543
Embotelladora Andina	neighbourhood	-33.4836363	-70.6589914
Bobadilla Osorio	neighbourhood	-33.4804921	-70.6693556
Ochagavía M	neighbourhood	-33.4808220	-70.6672506
Nueva Independencia	neighbourhood	-33.4851130	-70.6849357
Villa Horcón Quemado	neighbourhood	-28.9305672	-70.4640718
Lo Abarca	village	-33.5213305	-71.5441422
Los Lirios	neighbourhood	-36.8253450	-73.0181092
San Jorge	village	-36.8149659	-72.9412988
Villa Los Héroes	neighbourhood	-33.5381553	-70.7823864
San José de la Vinilla	neighbourhood	-34.1730558	-70.6540535
Paso Hua-Hum	locality	-40.1004155	-71.6724098
Aurora de Chile	neighbourhood	-36.8348621	-73.0600047
Parcelación Salzburg	neighbourhood	-41.1218843	-73.0226735
Condominio Mirador	neighbourhood	-41.1200496	-73.0263396
Los Faldeos de Frutillar	neighbourhood	-41.1150545	-73.0251809
Parque Mozart	neighbourhood	-41.1505469	-72.9891298
Villa Papelera	neighbourhood	-36.8367890	-73.0981303
Villa Oriente	neighbourhood	-41.3898166	-73.4565520
Villa El Bosque	neighbourhood	-41.3809140	-73.4644407
Villa Antihual	neighbourhood	-41.4547716	-72.9407402
Casas del Valle	neighbourhood	-41.1321914	-73.0595669
Bellavista del Lago	neighbourhood	-41.2557849	-73.0281939
Villa Los Jardines 	neighbourhood	-36.7505018	-72.4677781
Sector Liceo	neighbourhood	-38.4170809	-72.7818630
Villa Vicuña Mackenna	neighbourhood	-36.8194240	-73.0639286
San León de Morza	village	-34.8297977	-71.0002757
Condominio Altos del Sur	neighbourhood	-20.3001253	-70.1094848
Condominos Monte Sol	neighbourhood	-20.2922849	-70.0923026
Sector Población Los Ríos	neighbourhood	-20.2909224	-70.1069797
Barrio Maray	neighbourhood	-27.3864199	-70.3079145
Villa las Palmas	neighbourhood	-32.6946303	-70.9344539
Villa Los Álamos de Paicaví	neighbourhood	-36.8017263	-73.0554937
Población Vista Hermosa	neighbourhood	-42.4358978	-73.6006349
Las Varillas	village	-32.7570837	-70.9439193
Las Peñas	village	-32.8715172	-70.9241278
Villa Alerce	neighbourhood	-42.4737289	-73.7673858
Los Pinos	village	-32.8264213	-71.0313590
La Sombra	village	-32.8250081	-71.0598719
Población Juan Soler	neighbourhood	-42.4724452	-73.7664235
Poike	locality	-27.1092002	-109.2547467
Vai A Mei	neighbourhood	-27.1213967	-109.4211229
Villa Vidal	neighbourhood	-34.5295126	-70.9670376
Villa Santa María	neighbourhood	-34.5335148	-70.9670184
La Vara	village	-41.4253047	-72.9078246
Villa Lago Chapo	neighbourhood	-41.4657991	-72.9284351
Lircay	locality	-38.7194951	-72.6888408
Casas Valle del Sol	neighbourhood	-33.0719377	-71.4350231
Villa Los Volcanes	neighbourhood	-40.9748477	-72.8805536
Mirador de Frutillar	neighbourhood	-41.1037236	-73.0399188
Lobería Gala	locality	-44.2678781	-73.2316570
Población 21 de Mayo	neighbourhood	-34.3646001	-71.2797531
Valles de Piruco	neighbourhood	-40.3356170	-72.9365424
Villa Bicentenario	neighbourhood	-40.3355352	-72.9378299
Villa Colonial	neighbourhood	-36.7415617	-73.0903729
Población Los Robles	neighbourhood	-33.2114073	-70.6775268
Conjunto Residencial Benidorm	neighbourhood	-33.0155100	-71.5409427
Conjunto Habitacional Población Textil Viña	neighbourhood	-33.0139090	-71.5399717
Altos de Lorena	neighbourhood	-33.0650423	-71.4386806
Villa Plazas de Santa María	neighbourhood	-37.4788111	-72.3713041
Los Canelos	neighbourhood	-37.7894118	-73.3862044
Barrio Leiva	neighbourhood	-37.8095093	-73.3941759
La Paloma	neighbourhood	-32.9859655	-71.2249821
Las Violetas	neighbourhood	-33.0625990	-71.5902505
El Mercurio	neighbourhood	-33.0635988	-71.5892558
Manuel Rodríguez	neighbourhood	-33.0726354	-71.5835562
Villa Portuaria	neighbourhood	-33.0516884	-71.5910912
Cerro Las Delicias	neighbourhood	-33.0532755	-71.5918038
Chilectra	neighbourhood	-33.0658624	-71.5879020
La Isla	neighbourhood	-33.0797918	-71.5839747
Andorra	neighbourhood	-33.0781661	-71.5834111
Villa Spencer	neighbourhood	-33.0635723	-71.5940221
Blanco Encalada	neighbourhood	-33.0555143	-71.5951264
Teniente Merino	neighbourhood	-33.0539091	-71.5982336
Chilena de Tabacos	neighbourhood	-33.0595476	-71.5929938
Cuesta Colorada	neighbourhood	-33.0676331	-71.5972600
Las Torres	neighbourhood	-33.0730695	-71.5934860
Villa Franklin	neighbourhood	-33.0544422	-71.5869942
Jardín Suizo	neighbourhood	-33.0580521	-71.5887787
Parque Los Ingleses	neighbourhood	-33.0559561	-71.5867061
Bosque Inglés	neighbourhood	-33.0591541	-71.5861042
Villa Real	neighbourhood	-33.0681950	-71.5877456
Pequeña Industria	neighbourhood	-33.0706501	-71.5842687
Alto del Puerto	neighbourhood	-33.0875529	-71.5841176
San Roque	suburb	-33.0630884	-71.5861336
Hernán Mery	neighbourhood	-33.0722960	-71.5851903
Limache	town	-33.0018741	-71.2657315
Edwards	neighbourhood	-33.0553471	-71.5858517
Paidahue Oriente	neighbourhood	-33.4473964	-70.5151881
Villa Nuevo Extremo	neighbourhood	-40.5726831	-73.1102522
Brisas del Norte	neighbourhood	-41.4543610	-72.9127824
Santa Teresita de Lisieux	neighbourhood	-33.2654783	-70.7700035
SPF Chicken coop	neighbourhood	-39.7996168	-73.2583090
Pinares de Colina	neighbourhood	-33.2110892	-70.6892364
Villa Lican Ray	neighbourhood	-33.5060124	-70.6002756
Villa Los Volcanes	neighbourhood	-41.7737255	-73.1366978
Villa Los Esteros	neighbourhood	-41.7723491	-73.1390402
Villa Los Lagos	neighbourhood	-41.7731319	-73.1352846
Paso Quila	locality	-37.6056331	-73.1520735
Villa Macul Oriente	neighbourhood	-33.4957346	-70.5876065
Villa Los Jardines	neighbourhood	-33.4718690	-70.5842744
Villa Lo Plaza	neighbourhood	-33.4689758	-70.5875841
Buena Esperanza	locality	-37.4231391	-73.2402727
San Nicolás	town	-36.5034254	-72.2123751
San Pedro	neighbourhood	-40.3483795	-72.9504096
Ruka Antu	neighbourhood	-42.4821471	-73.7818528
Casa de Piedra	locality	-33.4810404	-70.4839624
Villa Los Profesores	neighbourhood	-42.4671468	-73.7735927
Villa Las Playas	neighbourhood	-27.0765676	-70.8121420
Jardín Suizo IV	neighbourhood	-33.0599679	-71.5880617
Suriplaza	locality	-17.8603156	-69.4646851
Loma Blanca	locality	-35.7190596	-71.2462124
Paso Rari	village	-35.7877568	-71.4432196
Cooperativa San Miguel	neighbourhood	-35.4428100	-71.6212347
Los Cipreses	neighbourhood	-33.3688199	-70.7515709
Los Flamencos	neighbourhood	-33.3691151	-70.7496505
Los Pehuenes	neighbourhood	-33.3683445	-70.7533090
Nevados de Chillán	neighbourhood	-36.6138440	-72.0718055
Los Volcanes	neighbourhood	-36.6206401	-72.0809768
Barrio Andino	neighbourhood	-36.6230959	-72.0725723
Villa Santa Eliana	neighbourhood	-35.7021074	-71.5590077
Esperanza	village	-35.6920221	-71.6144425
El Cabrerío	locality	-33.8149098	-70.0079969
Villa O'Higgins	neighbourhood	-35.9618770	-71.6893429
Cerro Merced	neighbourhood	-33.0575763	-71.6048660
Condominio Viñas de Tobalaba	neighbourhood	-33.5077182	-70.5594650
San Pablo	locality	-37.4975504	-73.2905920
Villa Francisco Coloane	neighbourhood	-36.8934020	-73.1360024
Lo Gallardo	neighbourhood	-33.6305360	-71.5973803
San Juan de Llolleo	neighbourhood	-33.6395080	-71.5712056
Bosques del Maullin	neighbourhood	-41.3399473	-73.0322920
Santa María del Peñón	neighbourhood	-33.5733041	-70.5369943
Villa España 2	neighbourhood	-33.5919694	-70.5706647
Villa España 1	neighbourhood	-33.5918487	-70.5696518
Villa Las Quilas	neighbourhood	-38.7506938	-72.6106436
Villa Aviación	neighbourhood	-39.3128630	-72.2317906
Población Manuel Rodríguez	neighbourhood	-39.6352666	-72.3267439
Villa Padre Bernabé	neighbourhood	-39.6473577	-72.3413190
Villa Siete Lagos	neighbourhood	-39.6399232	-72.3209299
Villa Cordillera	neighbourhood	-39.6432923	-72.3463272
Población La Araucanía	neighbourhood	-39.6355996	-72.3255594
Población Padre Alberto Hurtado	neighbourhood	-39.6448642	-72.3435935
Villa Portal del Sol	neighbourhood	-39.6429015	-72.3218784
Población Ernesto Pinto	neighbourhood	-39.6427275	-72.3428841
Villa Palguín	neighbourhood	-39.6431240	-72.3499316
Población Lolquellen	neighbourhood	-39.6418891	-72.3480835
Ciruelos	village	-39.5412233	-72.8663830
Estación Mariquina	village	-39.5648672	-72.9317183
Quinto Sector Gómez Carreño	neighbourhood	-32.9882509	-71.5264087
Vega Larga	locality	-37.5360616	-71.2407643
Villa Los Héroes	neighbourhood	-41.4582593	-72.9399848
Villorrio El Olivar	neighbourhood	-33.7067849	-70.5567654
Población San Judas Tadeo	neighbourhood	-33.4756975	-70.5321883
Chacano	neighbourhood	-46.1409579	-72.1532749
Población Jorge Alessandri 2	neighbourhood	-33.5932507	-70.6162188
Huertos Chile	neighbourhood	-33.6528871	-71.6036995
Leonera	neighbourhood	-36.9559478	-73.0140941
Villa Futuro	neighbourhood	-36.9541302	-73.0207729
Parcelas Rancho Lomas Verdes	neighbourhood	-41.3022706	-73.0136523
Villa Padre Hurtado	neighbourhood	-32.4468979	-71.2221766
Villa El Bosque	neighbourhood	-35.6002566	-71.7216035
Villa Puesta del Sol	neighbourhood	-35.5971606	-71.7411892
Conjunto de Veraneo Lonquimay	neighbourhood	-33.4187492	-71.6932136
Población Municipal	neighbourhood	-41.4684006	-72.9176035
Población Lintz	neighbourhood	-41.4676830	-72.9245091
Observatorio El Sauce	locality	-30.4703073	-70.7646581
Villa Cayhuasi	neighbourhood	-41.4926935	-72.8938899
Población El Barrero	neighbourhood	-33.3784957	-70.6213876
Troya	neighbourhood	-34.4865809	-71.4661376
Villa El Esfuerzo	neighbourhood	-34.4605640	-71.5504032
Centinela	suburb	-35.3444905	-72.4005446
Maule Norte	village	-35.4530346	-71.6861080
La Florida	suburb	-35.4373101	-71.6811641
Jardín del Valle	neighbourhood	-35.4460597	-71.6950634
Villa Francia	neighbourhood	-35.4552128	-71.6580859
Barrio Norte	suburb	-35.4036206	-71.6531769
Villa Brisas del Maule	neighbourhood	-35.4599315	-71.6626122
Carlos González	neighbourhood	-35.4592303	-71.7054971
Villa San Andrés	neighbourhood	-35.5240439	-71.6894628
Villa El Mirador	neighbourhood	-35.5144185	-71.7004936
Villa Don Sebastián	neighbourhood	-35.3005394	-71.5133978
Villa Bicentenario	neighbourhood	-35.3039862	-71.5111788
Población Las Lomas	neighbourhood	-35.3070726	-71.5121488
Villa Nueva Vida	neighbourhood	-35.2947944	-71.5086432
Santa Amalia	neighbourhood	-35.3122843	-71.5268764
Don Pablo	neighbourhood	-35.4539918	-71.6967699
Villa Las Casas	neighbourhood	-35.4442286	-71.6991457
Villa San José de La Florida	neighbourhood	-35.4436167	-71.7029330
Villa Conavicoop	neighbourhood	-35.4456620	-71.6812607
Villa Ecuador	neighbourhood	-35.4456008	-71.6774198
Villa Perú	neighbourhood	-35.4427427	-71.6763362
Villa El Pehuenche	neighbourhood	-35.4440101	-71.6726991
Villa Pucara	neighbourhood	-35.4490882	-71.6752955
Villa Pucara 5	neighbourhood	-35.4509236	-71.6687616
Flores del Pucara	neighbourhood	-35.4529204	-71.6762426
Villa Doña Ignacia	neighbourhood	-35.4468594	-71.6852948
Villa Colín Sur	neighbourhood	-35.4484851	-71.6852197
El Culenar Sur	neighbourhood	-35.4498136	-71.6845588
Villa Rio Claro	neighbourhood	-35.4473148	-71.6798480
Villa Los Maitenes	neighbourhood	-35.4482317	-71.6952833
Villa Manquehua	neighbourhood	-35.4455047	-71.6946825
Las Palmas de Culenar	neighbourhood	-35.4593484	-71.6848028
Villa Las Americas	neighbourhood	-35.4003560	-71.6477376
Población Padre Hurtado	neighbourhood	-35.4013032	-71.6540695
Chile Nuevo	neighbourhood	-35.5225580	-71.5123054
Villa San Miguel	neighbourhood	-35.4607510	-71.7256207
Villa Froilán Méndez	neighbourhood	-35.4761350	-71.7493588
Villa Jardín del Este	neighbourhood	-35.4409206	-71.6267673
Población Carlos Trupp	neighbourhood	-35.4437526	-71.6310160
Villa Doña Consuelo	neighbourhood	-35.4463136	-71.6243319
Población El Falucho	neighbourhood	-35.3404343	-72.4001524
Villa Nueva Bilbao	neighbourhood	-35.3407716	-72.4025635
Población Maguillines	neighbourhood	-35.3417635	-72.4119923
Corvi	neighbourhood	-35.3372068	-72.4138271
Gregorio Shepeler	neighbourhood	-35.3355882	-72.4186803
Bicentenario	neighbourhood	-35.3431037	-72.4209276
Altos de Chacarillas	neighbourhood	-35.3433553	-72.4241372
Villa Verde	neighbourhood	-35.3347638	-72.4293831
Villa Millauquén	neighbourhood	-35.3325770	-72.4324466
Población La Poza	neighbourhood	-35.3249036	-72.4097598
Villa Diputado Becker	neighbourhood	-38.7609690	-72.6522419
Villa Alto Pucalán	neighbourhood	-34.4005633	-72.0019375
Población Los Jardines	neighbourhood	-34.3854185	-71.9935894
Población Santa Teresita	neighbourhood	-34.3955005	-72.0100211
Condominio Megara	neighbourhood	-23.5605366	-70.3979176
Condominio Afrodita	neighbourhood	-23.5602233	-70.3988645
Condominio Plaza Norte 6	neighbourhood	-23.5613178	-70.3992073
Condominio Hermes	neighbourhood	-23.5614900	-70.3984699
Parque Juan López III	neighbourhood	-23.5687241	-70.3909876
Condominio Jardines del Mar I	neighbourhood	-23.5707348	-70.3927438
Condominio Portada Norte 9	neighbourhood	-23.5548672	-70.3934466
Condominio Altavista 2	neighbourhood	-23.5555876	-70.3967494
Condominio Artemis	neighbourhood	-23.5651478	-70.3942731
Villa El Mirador 3	neighbourhood	-23.5721288	-70.3923970
Condominio Aguas Blancas	neighbourhood	-23.5599218	-70.3907362
Villa Olivar Andino	neighbourhood	-34.2084223	-70.8051468
Rancagua Sur	suburb	-34.1826365	-70.7408090
Comunidad Océano Pacífico	neighbourhood	-33.4172483	-71.6943338
Población Esperanza	neighbourhood	-35.4242274	-71.6478270
Villa Cielo Azul	neighbourhood	-35.4209990	-71.6430879
Villa El Parque	neighbourhood	-35.4216942	-71.6410820
Villa Los Conquistadores	neighbourhood	-35.4198015	-71.6457920
Villa Treintal	neighbourhood	-35.4210426	-71.6441445
Comunidad Challamillay	neighbourhood	-33.4359342	-71.6929073
Comunidad Huallilemu	neighbourhood	-33.4354039	-71.6869231
Cantera del Maule	locality	-35.5540826	-71.7094531
La Foresta de Puerto Varas	neighbourhood	-41.3978010	-72.9657059
Terrazas de Los Alpes	neighbourhood	-41.3113004	-72.9939058
Loteo Las Araucarias	neighbourhood	-41.3126797	-72.9996817
Neurara	locality	-24.1686050	-68.4711072
Cruce Varoli	locality	-35.4319900	-71.6370536
El Vaticano	village	-34.2509424	-70.7952657
Villa La Riviera del Biobío	neighbourhood	-36.8336166	-73.1184205
Villa Los Boldos	neighbourhood	-36.8312973	-73.1127337
Villa Llacolén II	neighbourhood	-36.8410037	-73.0931674
Villa Icalma	neighbourhood	-36.8290091	-73.1152314
Villa Obreros Nuevo Puente Juan Pablo II	neighbourhood	-36.8308040	-73.1015522
Villa Alonso de Ercilla	neighbourhood	-36.8366764	-73.1211134
Villa El Conquistador	neighbourhood	-36.8357352	-73.1185064
Villa Esmeralda	neighbourhood	-36.8289671	-73.1126621
Villa Spring-Hill	neighbourhood	-36.8300640	-73.1078688
Candelaria	neighbourhood	-36.8260185	-73.1263153
Villa El Pinar	neighbourhood	-36.8317525	-73.1157208
Villa Los Robles	neighbourhood	-36.8311557	-73.1150676
Villa Versalles	neighbourhood	-36.8390976	-73.0979310
Villa La Rotonda	neighbourhood	-36.8372853	-73.1019478
Villa San Martín	neighbourhood	-36.7480128	-73.0976508
Punta Rieles	locality	-24.1553813	-68.5898871
Condominio Las Encinas	neighbourhood	-38.7103651	-72.5642398
Villa Capitán Pastene	neighbourhood	-36.8264687	-73.1182784
Villa Los Robles	neighbourhood	-36.8417806	-73.1109457
Villa García Hurtado	neighbourhood	-36.8426461	-73.1058406
Villa Llacolén	neighbourhood	-36.8419932	-73.0911188
Villa Omer Huet	neighbourhood	-36.8405737	-73.0922222
Población Nestlé	neighbourhood	-41.2624864	-72.9976068
Puquios	locality	-21.0017327	-68.3861706
Santa Laura	locality	-20.2120119	-69.8129923
Villa Las Margaritas	neighbourhood	-33.5522702	-70.6926776
El Remanso de Machalí (I. PY)	neighbourhood	-34.1851888	-70.6831072
Población Centenario	neighbourhood	-34.1638121	-70.7310664
Población Manuel Rodriguez	neighbourhood	-34.1629887	-70.7231592
Población Manso de Velasco Alameda	neighbourhood	-34.1681832	-70.7304281
Población Bernardo O'Higgins	neighbourhood	-34.1712453	-70.7300772
Caleta Anahuac	neighbourhood	-41.4858051	-72.9768794
Villa Los Clásicos	neighbourhood	-40.5895813	-73.1679613
Caleta Jara	locality	-52.5334082	-72.1994503
Bahía Pinto	locality	-52.5283957	-72.2836330
Los Coralles	locality	-30.1574146	-69.8789369
Caleta Aihuaia	locality	-54.9453170	-68.4312988
Caleta Letier	locality	-54.9424058	-68.4625504
Puerto Inútil	locality	-54.9842237	-68.2090696
Caleta Molinate	locality	-55.0093544	-68.3345733
Caleta Yamana	locality	-54.9657383	-69.0289041
Caleta Sonia	locality	-54.9603754	-69.0104983
Caleta Evening	locality	-54.9591789	-69.4798955
Puerto Hondo	locality	-55.0791044	-70.0327854
Puerto Almeida	locality	-54.8546744	-70.6570345
Puerto Ballenas	locality	-54.8472833	-70.5503475
Puerto Engaño	locality	-54.9484451	-70.7757006
Caleta Aguada	locality	-55.0728517	-70.8409114
Caleta Doris	locality	-54.9799722	-71.1392072
Cabo Fletcher	locality	-54.6532783	-71.3085162
Caleta Brecknock	locality	-54.5511516	-71.8771523
Puerto Alegría	locality	-54.4990043	-71.5472750
Puerto Consuelo	locality	-54.5459318	-71.5161521
Puerto Tanteo	locality	-54.4132983	-71.4996971
Puerto King	locality	-54.4228188	-71.2216994
Población Claudio Arrau	neighbourhood	-41.3996502	-72.9129741
Población Oyarzún	neighbourhood	-35.9809891	-72.3115168
Los Conquistadores	neighbourhood	-35.9904626	-72.3137360
El Bosque	neighbourhood	-35.9900151	-72.3079897
Población Caupolicán	neighbourhood	-35.9809819	-72.3167146
Villa Los Poetas	neighbourhood	-35.9528307	-72.3502792
Los Robles	neighbourhood	-35.9490375	-72.3461872
Villa Los Troncos	neighbourhood	-35.9535458	-72.3368453
Villa Esperanza	neighbourhood	-35.9538181	-72.3331307
Población Rosa O'Higgins	neighbourhood	-35.9607649	-72.3372515
Villa Valle Grande	neighbourhood	-35.9596243	-72.3400527
La Colorada	locality	-30.2614460	-69.9957385
Infernillo	locality	-30.2725907	-69.9696825
La Gitana	locality	-30.2194520	-69.9192787
Llano La Liebros	locality	-30.2578583	-69.9382861
Senderos de Alerce	neighbourhood	-41.4081474	-72.9124365
Villa Portal Alerce	neighbourhood	-41.4023465	-72.9120536
Artesanos de Alerce	neighbourhood	-41.4092404	-72.9037945
Villa Manuel Bustos H.	neighbourhood	-41.3986341	-72.9060963
Villa Las Industrias	neighbourhood	-41.4546416	-72.9578469
Población Fernández	neighbourhood	-41.4521432	-72.9583715
Villa La Unión	neighbourhood	-41.4611513	-72.9606546
Villa Los Volcanes	neighbourhood	-41.4770578	-72.9777848
Villa Cordillera	neighbourhood	-41.4810269	-72.9775799
Villa Esperanza	neighbourhood	-41.4759826	-72.9739225
Población Crucero	neighbourhood	-41.4766293	-72.9620145
Población Ebenperger	neighbourhood	-41.4762668	-72.9593527
Villa Hanga Roa	neighbourhood	-41.4775735	-72.9651264
Población Bernardo O'Higgins	neighbourhood	-41.4748566	-72.9674528
Villa Vicente Pérez Rosales	neighbourhood	-41.4754067	-72.9563400
Portal del Mar	neighbourhood	-41.4809165	-72.9819902
Villa Orellana	neighbourhood	-41.4861045	-72.9653346
Villa San Antonio	neighbourhood	-41.4861578	-72.9674014
Brisas del Sur	neighbourhood	-41.4804518	-72.9856657
Villa Juan XXIII	neighbourhood	-41.4807806	-72.9880657
Puerto Alerce	neighbourhood	-41.3960261	-72.9026421
Villa Federico Werner	neighbourhood	-41.2549933	-73.0169363
Pia Taro	neighbourhood	-27.1509820	-109.4095866
Oroihe	locality	-27.1298510	-109.2915910
Vinapu	neighbourhood	-27.1785190	-109.4073114
Vakaroa	locality	-27.1207600	-109.2355300
Vai Teka	neighbourhood	-27.1103130	-109.3987880
Vai-Moai	locality	-27.1381550	-109.3069420
Vai Uri	neighbourhood	-27.1379130	-109.4273690
Ura-uraŋa te Mahina	locality	-27.1493620	-109.3429410
Unai	locality	-27.0590560	-109.3851840
Tuta'e	locality	-27.1397300	-109.3190440
Toŋariki	locality	-27.1256200	-109.2767900
Tere Vaka	locality	-27.0873301	-109.3798593
Te Vai	locality	-27.1412067	-109.3013589
Te Raha	locality	-27.1410709	-109.3018230
Te Pu	neighbourhood	-27.1835700	-109.4452540
Te Pora	neighbourhood	-27.1077220	-109.4194060
Te Nui	locality	-27.0897100	-109.4002040
Te Noe	neighbourhood	-27.1753670	-109.4467140
Te Ihu O Motu Pare	neighbourhood	-27.1274400	-109.4236040
Te Hu	locality	-27.1409160	-109.2865670
Tama	locality	-27.1410170	-109.2933080
Rua Tuvi	neighbourhood	-27.1594090	-109.3474760
Rua Moi	locality	-27.0577080	-109.3864980
Piko Mahore	locality	-27.0938700	-109.2808020
ʻŌroŋo	neighbourhood	-27.1893528	-109.4432340
One Tea	neighbourhood	-27.1306667	-109.2748056
O Pare	neighbourhood	-27.1336490	-109.4251430
O Mataitai	neighbourhood	-27.1694070	-109.4003740
O Hurari	locality	-27.0865460	-109.3954370
ŋa Rauhiva	locality	-27.0914160	-109.2830420
Motu Rau Nuku	locality	-27.0600330	-109.3575190
Motu Papa	locality	-27.1467840	-109.3309550
Motu Oru	locality	-27.1662056	-109.3611796
Motu Mariu	locality	-27.1415240	-109.3239470
Motu Kau	locality	-27.0589460	-109.3654750
Mataveri	suburb	-27.1619806	-109.4371486
Mata Te Pari	locality	-27.1179900	-109.2333600
Kote Toki	locality	-27.0916022	-109.2614760
Kote Epa	locality	-27.1129730	-109.2319360
Humu Koka	locality	-27.1400280	-109.2898880
Hoa Aŋa Vaka a Tua Poi	locality	-27.1462000	-109.3364700
Hatu Po Puna	locality	-27.0903280	-109.4029950
Ko Te Ava Raŋa a Uka a Toroke Hau	locality	-27.1096113	-109.3620763
Are-Mea-Mea	neighbourhood	-27.1672760	-109.3966420
Apina-Nui	neighbourhood	-27.1563861	-109.4415014
Villa El Esfuerzo	neighbourhood	-40.5784377	-73.1080607
Villa Aranjuez	neighbourhood	-40.5718176	-73.1082455
Villa Los Notros	neighbourhood	-40.5708644	-73.1046992
Población Pailihue	neighbourhood	-40.5800833	-73.1105193
Villa Maximiliano Kolbe	neighbourhood	-40.5651012	-73.1121820
Barrio Miraflores	neighbourhood	-40.5833229	-73.1113553
Villa Nuevo Mexico	neighbourhood	-40.5848877	-73.1158233
Villa Las Encinas de Pilauco	neighbourhood	-40.5663417	-73.1031654
Villa Aurora	neighbourhood	-40.5594807	-73.1726309
V Centenario	neighbourhood	-40.5638709	-73.1676752
Villa La Cumbre	neighbourhood	-40.5561143	-73.1776332
Portal de Osorno	neighbourhood	-40.5521868	-73.1684525
Villa Malleco	neighbourhood	-40.5578631	-73.1802843
Villa Tierra Santa	neighbourhood	-40.5626616	-73.1824032
Villa Quilacahuin	neighbourhood	-40.5605583	-73.1688897
Villa Lololhue	neighbourhood	-40.5610086	-73.1769626
Villa Damas	neighbourhood	-40.5701391	-73.1297940
Ovejería Alto	neighbourhood	-40.5850319	-73.1417416
Villa Lago Rupanco	neighbourhood	-40.5840728	-73.1511680
Paso Río Bellavista	locality	-54.0001285	-68.6075192
Villa Certenejas	neighbourhood	-35.6880073	-71.7353248
Villa Manantial	neighbourhood	-35.6783206	-71.7462816
Don Sebastián	neighbourhood	-35.6769101	-71.7477901
Barrio Los Andes	neighbourhood	-36.4627176	-71.7233960
Villa Sur	neighbourhood	-34.5953090	-70.9807760
Los Castaños de Alicura	neighbourhood	-39.2862111	-71.9909374
Jardines de Pucón	neighbourhood	-39.2901986	-71.9991249
Condominio Ottendorf	neighbourhood	-41.2974119	-73.0288546
Condominio Jardín del Sur	neighbourhood	-34.9854684	-71.2476003
Villa Esperanza	neighbourhood	-36.7267015	-72.9841380
Villa Padre Hurtado II	neighbourhood	-36.8250808	-73.1323706
Vertedero	locality	-49.1158333	-74.3903182
Los Fundadores 2	neighbourhood	-33.0583977	-71.4671957
Población Mar y Cielo	neighbourhood	-41.3858097	-72.9071377
Comunidad Antimanque	neighbourhood	-34.0662933	-71.6018101
Villa Santa Bárbara	neighbourhood	-40.3070803	-73.0676406
Villa Chilectra	neighbourhood	-33.0417351	-71.4297150
Villa El Vaticano	neighbourhood	-34.4427456	-71.0889268
San Jorge	neighbourhood	-32.9315116	-71.5406864
Porvenir	neighbourhood	-32.9332784	-71.5415278
Población El Esfuerzo	neighbourhood	-36.6199974	-72.1137158
Condominio Las Vertientes	neighbourhood	-36.6222953	-72.1193519
Villa Los Campos de Doña Beatriz	neighbourhood	-36.6259895	-72.1121473
Villa Jerusalén	neighbourhood	-36.6372340	-72.0884985
Villa Quilmo	neighbourhood	-36.6330670	-72.0853755
Las Perdices	neighbourhood	-33.5548540	-70.5504129
Condominio Plaza Magna	neighbourhood	-33.6008164	-70.5914280
Villa San Pedro y San Pablo II	neighbourhood	-33.6155120	-70.5969298
Villa San Pedro y San Pablo I	neighbourhood	-33.6164832	-70.5984651
Faldeos de la Viña	neighbourhood	-33.5590859	-70.5455977
Villa Real Audiencia	neighbourhood	-33.4718982	-70.5515626
Barrio Lastarria	neighbourhood	-33.4379661	-70.6410161
Sargento Aldea	neighbourhood	-36.6007160	-72.1032503
Cuartel Ujina	locality	-20.9536538	-68.5625171
Santa Gertrudis	neighbourhood	-34.4585236	-71.1349597
Villa Galilea	neighbourhood	-34.9699541	-71.2575611
Condominio Ilimay	neighbourhood	-33.5014920	-71.6159438
Ana Vi Hetu'u	locality	-27.1416737	-109.4272466
Raraŋia	locality	-27.1221186	-109.2779353
Nuevo Horizonte	neighbourhood	-33.0582261	-71.4676635
Padre Hurtado	neighbourhood	-42.4644163	-73.7819556
Margot Loyola	neighbourhood	-42.4661393	-73.7751007
San Pedro Viejo	neighbourhood	-36.8401832	-73.0818027
Idahue	neighbourhood	-36.8506236	-73.0765241
Villa El Recodo	neighbourhood	-36.8655593	-73.0704935
Pedro de Valdivia Sur	neighbourhood	-36.8730320	-73.0661687
Tahai	neighbourhood	-27.1397336	-109.4263660
Ko Vai Arotea	neighbourhood	-27.1578914	-109.4260534
Villa Pedro de Valdivia	neighbourhood	-36.8436261	-73.0930633
Villa Dagoberto Godoy	neighbourhood	-33.5402525	-70.6311659
Lota Alto	suburb	-37.0828146	-73.1614219
Condominio Patagonia II	neighbourhood	-33.5598130	-70.7789189
Condominio Patagonia I	neighbourhood	-33.5610234	-70.7759534
Condominio Barrio Oriente II	neighbourhood	-33.5590455	-70.7826264
Condominio Barrio Oriente I	neighbourhood	-33.5595219	-70.7810966
Condominio Edificios Real Audiencia	neighbourhood	-33.4579800	-70.7330444
Condominio Las Torres	neighbourhood	-33.4592891	-70.7342688
Barrio Apóstoles	neighbourhood	-33.5070978	-70.7238936
Población Oreste Plath	neighbourhood	-33.4887740	-70.7216550
Condominio Santa Teresita de los Andes	neighbourhood	-33.0650319	-71.5699107
Los Pioneros	neighbourhood	-51.7288553	-72.4762444
Condominio Borde Río	neighbourhood	-22.4828628	-68.9297273
Las Acacias	village	-35.6171133	-71.5419110
Barrio Bosque Sur	neighbourhood	-39.8451160	-73.2505404
Condominio Río Valdivia	neighbourhood	-39.8492041	-73.2552155
Villa Galilea	neighbourhood	-39.8566185	-73.2406162
Alto Guacamayo	neighbourhood	-39.8526882	-73.2512780
Altos de Mahuiza II	neighbourhood	-39.8521050	-73.2435988
Villa La Estancia	neighbourhood	-39.8507060	-73.2491998
Riberas de Miraflores	neighbourhood	-39.8702972	-73.2461792
Villa Los Fundadores	neighbourhood	-39.8495989	-73.2339674
Villa Los Ediles	neighbourhood	-39.8534187	-73.2297158
Villa Claro de Luna	neighbourhood	-39.8554573	-73.2304078
Villa Los Alcaldes	neighbourhood	-39.8515326	-73.2280045
Población San Pedro	neighbourhood	-39.8495848	-73.2239473
Barrio Santa Helena	neighbourhood	-39.8504824	-73.2140785
Los Conquistadores	neighbourhood	-39.8493622	-73.2200223
Villa Angachilla	neighbourhood	-39.8471712	-73.2165676
Villa Reina Sofía	neighbourhood	-39.8448612	-73.2082619
Bosque Entre Ríos	neighbourhood	-39.8482381	-73.2102671
Blest Gana	neighbourhood	-39.8462816	-73.2142501
Población San Luis Sur	neighbourhood	-39.8435020	-73.2195712
Villa Cau-Cau	neighbourhood	-39.8406214	-73.2234605
Población Eduardo Yáñez Zavala	neighbourhood	-39.8411002	-73.2287126
Población Pablo Neruda	neighbourhood	-39.8447900	-73.2271403
Villa El Bosque	neighbourhood	-39.8433697	-73.2411360
Villa Europa	neighbourhood	-39.8370316	-73.2376765
Sector Regional	neighbourhood	-39.8300663	-73.2372627
Asturias	neighbourhood	-39.8301100	-73.2429176
Población Beneficiencia	neighbourhood	-39.8196949	-73.2383900
Condominio Los Cisnes	neighbourhood	-39.7920695	-73.2233991
Los Trones	neighbourhood	-39.7868057	-73.2227259
Brisas de la Ribera	neighbourhood	-39.7942087	-73.2168894
Villa Mirador del Calle Calle	neighbourhood	-39.7934595	-73.2017679
Villa Rivera del Calle Calle	neighbourhood	-39.7993785	-73.2085725
Villa del Rey	neighbourhood	-39.8346815	-73.2284337
Parque Krahmer	neighbourhood	-39.8321110	-73.2249682
San Luis	neighbourhood	-39.8365929	-73.2239168
Nueva Villa del Rey	neighbourhood	-39.8344982	-73.2334574
Villa Los Leones	neighbourhood	-39.8362386	-73.2320600
Lomas del Río II	neighbourhood	-39.8373096	-73.2281547
Corvi	neighbourhood	-39.8313102	-73.2112614
Altos del Retiro Sur	neighbourhood	-37.4829511	-72.3698991
Villa Nuestra Señora del Pilar	neighbourhood	-34.9611574	-71.1300096
Alto Caleta Buena	locality	-19.8860417	-70.1143550
Condominio San Marcos	neighbourhood	-18.4544216	-70.2957909
Pemuco	town	-36.9767381	-72.0988563
Agua del Obispo	locality	-36.9674864	-72.9669407
San Joaquín	suburb	-33.4965843	-70.6290637
Ciudad de los Valles	village	-33.4538417	-70.8476466
Carimahuida	locality	-40.2311332	-73.6988246
La Boca de Pupuya	neighbourhood	-33.9836642	-71.8796962
Población El Pinar	neighbourhood	-37.1815562	-73.1916988
Villa Cordillera	neighbourhood	-34.4085429	-70.8548721
Parque Santa Otilia	neighbourhood	-41.3165943	-72.9406928
Loteo Parque Las Cumbres	neighbourhood	-41.3206059	-72.8598162
Condominio El Canelo	neighbourhood	-41.3256376	-72.9509635
Condominio Luis Bogdanic II	neighbourhood	-27.3940528	-70.2931966
Calabozo	neighbourhood	-37.0009376	-73.1380409
Bernardo Nanco	locality	-38.3363546	-71.4390922
Puerto Barrientos	locality	-43.8917769	-74.0918720
Punta Arpones	locality	-43.8238148	-74.1272879
Punta Patgui	locality	-43.8151757	-74.1151428
Las Horquetas	locality	-45.9804949	-71.9553530
Camino Aeródromo	neighbourhood	-43.1298117	-73.6427791
Calebu	village	-37.9564986	-73.2299066
Villa Rivas	neighbourhood	-38.0084719	-73.2175255
El Peral	neighbourhood	-38.0262728	-73.2323957
Estadio	neighbourhood	-38.0402734	-73.0789411
Agua Tendida	neighbourhood	-38.0316138	-73.0875885
Villa San Pedro	neighbourhood	-39.8612208	-72.8038717
Villa Los Alcaldes	neighbourhood	-39.8597534	-72.8006342
La Tetera	neighbourhood	-32.8939110	-71.2382056
Parque Los Guindos	neighbourhood	-34.9412795	-71.2040160
Villa Sargento Menadier II	neighbourhood	-33.6245846	-70.6206355
Villa El Rosario	neighbourhood	-36.8956954	-73.1373794
Jardín del Mar	neighbourhood	-29.9451038	-71.2890318
Gran Marina	neighbourhood	-29.9458333	-71.2886778
San Antonio de Cato	village	-36.5389661	-71.8356644
Población Cuatro Luces	neighbourhood	-33.0347489	-71.5895834
Villa Los Espinos	neighbourhood	-33.0362812	-71.4316596
Villa Los Bellotos	neighbourhood	-35.8453177	-71.5755265
Villa El Nevado	neighbourhood	-35.8440656	-71.5764658
Población 18 de Septiembre	neighbourhood	-35.8377946	-71.5761863
Villa Santa María del Valle	neighbourhood	-35.8363683	-71.5723098
Jardines de Rauquén	neighbourhood	-34.9664245	-71.2008561
Villa Brisas del Sur	neighbourhood	-34.6303296	-71.3671312
Villa España	neighbourhood	-34.6323309	-71.3680033
Villa Santa Laura	neighbourhood	-34.6303914	-71.3709184
Villa Robles de Otoño	neighbourhood	-34.6325189	-71.3688585
Curva de Putagán	neighbourhood	-35.7957821	-71.6603745
San Víctor Álamos	village	-35.8854688	-71.4814067
La Quinta	village	-36.0540388	-71.5659553
San Francisco de Rari	village	-35.8060501	-71.4567947
Las Compuertas	neighbourhood	-35.6376710	-71.3885379
Santa Rosa	neighbourhood	-35.7621322	-71.4315176
San Nicolás	village	-35.7361190	-71.4212930
San Jorge de Romeral	village	-35.1546361	-71.1973394
Tres Esquinas	village	-35.1686690	-71.2139476
Mariposas	village	-35.5293347	-71.4215097
La Lucana	village	-34.7456855	-71.0588193
Las Diucas	neighbourhood	-34.6515500	-70.9516168
Las Pampillas	neighbourhood	-34.6590162	-70.9536553
Quicharco	village	-34.6792054	-70.9192372
Nueva San Javier	neighbourhood	-34.6649641	-70.9946180
El Rincón	village	-34.7967219	-71.0249698
El Trapiche	neighbourhood	-34.5753748	-70.9760892
San Nicolás	neighbourhood	-34.5648440	-70.9544599
Talcarehue	village	-34.6406582	-70.8939708
La Gruta	neighbourhood	-34.4336377	-70.9482265
Las Truchas	neighbourhood	-34.4508029	-70.9531510
Valdovinos	neighbourhood	-34.4437692	-70.9350193
El Retiro	village	-34.3362316	-70.8378246
Los Choapinos	village	-34.3248932	-70.8336640
Apalta	neighbourhood	-34.3392193	-70.8681250
Los Sauces	neighbourhood	-34.4238856	-70.8679640
La Chimba	village	-34.4106096	-70.8131664
Popeta Sur	neighbourhood	-34.4433532	-70.7823587
Villa María	village	-34.2512173	-70.8766223
Las Bandurrias	neighbourhood	-34.2392665	-70.7813931
Santa Amalia	village	-34.3034127	-70.8084619
La Juanita	locality	-34.1498325	-70.2778244
Hernán Brañas	village	-36.4692510	-72.6888514
Haŋa Tavari	locality	-27.0575125	-109.3708915
Ko Te Niu	locality	-27.0896591	-109.4084228
O Hanana Kou	locality	-27.0964867	-109.4105894
Nuku	locality	-27.0889844	-109.4075926
Hatu Opuna	locality	-27.0939709	-109.4105561
Motu Taka Taka	locality	-27.0880599	-109.4067419
Ahu Kino Kino	locality	-27.0569682	-109.3734566
Las Pircas de Machalí	neighbourhood	-34.1744606	-70.6772355
Las Pircas Oriente	neighbourhood	-34.1682825	-70.6789998
Prados de Santa Clara	neighbourhood	-34.1775011	-70.7709907
Conjunto Habitacional Borgoño	neighbourhood	-32.9291451	-71.5418582
Quitratúe	village	-39.1558069	-72.6601283
Población Javiera Carrera	neighbourhood	-34.3674349	-71.2741091
Cruce San Agustin	locality	-41.6864547	-73.0809340
Villa Cristales Tierra Verde	neighbourhood	-34.4353459	-71.0619112
Loreto - Molino	village	-34.2622617	-71.0150317
El Consistorial	neighbourhood	-33.4708534	-71.6453947
Villa Santa Sara	neighbourhood	-35.8425817	-71.5771510
Los Almendros	village	-32.9016586	-71.2115240
Cruce Parcohaylla	locality	-18.8587228	-69.1366378
Villa Pablo Agreen	neighbourhood	-36.8490229	-73.1304942
Villa Lautaro	neighbourhood	-36.8423080	-73.1284891
Villa Mar	neighbourhood	-36.9044249	-73.1472966
Villa Cardenal Raúl Silva Henríquez	neighbourhood	-36.9032249	-73.1478545
Villa Pocuro	neighbourhood	-36.9001610	-73.1443555
Bajo Las Lástimas	locality	-36.1975077	-71.0694729
Caleta Lewaia	locality	-54.9296076	-68.3388809
Villa Los Huertos	neighbourhood	-36.8361766	-73.1369404
Barbecho del Diablo	locality	-38.3417908	-71.6232205
Puesto de Vacas Gordas	locality	-35.2264980	-70.6789434
Las Vegas de Jorquera	locality	-36.2086153	-71.0246373
Placilla	locality	-36.5567737	-71.4282032
Villa Maturana	neighbourhood	-40.2827008	-73.0751606
Villa Paraiso	neighbourhood	-36.4144131	-71.9691302
Villa Nueva Vida	neighbourhood	-36.4144263	-71.9711146
Población Iansa	neighbourhood	-36.6103975	-72.0922128
Población 20 de Agosto	neighbourhood	-36.6140184	-72.0876260
Población Purén	neighbourhood	-36.6156671	-72.0919151
Ampliación Purén	neighbourhood	-36.6140311	-72.0893962
Villa Las Acacias	neighbourhood	-36.6111291	-72.0928244
Las Mariposas	village	-36.6402205	-71.9895283
Meseta Frutillar	locality	-35.6738594	-71.0855371
Parque Industrial San Ignacio	neighbourhood	-41.3465728	-72.9890188
Villa Edén Alto	neighbourhood	-33.1035973	-71.6733999
Fundo El Venado	neighbourhood	-36.8603979	-73.1021159
Cuatro Vientos	locality	-40.9589777	-73.1332529
Villa El Delfín	neighbourhood	-39.8653331	-73.3949979
Edificio Vicuña Mackena	neighbourhood	-18.4762539	-70.3141774
Conjunto Habitacional Pukara	neighbourhood	-18.4744480	-70.3133566
Terrazas de Trapén	neighbourhood	-41.5142968	-73.1018055
La Obra	neighbourhood	-35.4516705	-71.5850194
Villa Magisterio	neighbourhood	-33.0519715	-71.4352673
Villa Los Apóstoles	neighbourhood	-33.6308383	-70.6093250
Villa Santa Teresa de Calcuta	neighbourhood	-33.6285519	-70.6039874
Villa Luis Prieto Vial	neighbourhood	-33.6317681	-70.6272623
La Aguada	neighbourhood	-39.8990457	-73.4221274
Piriguita	locality	-39.9152005	-73.2692600
Los Notros	neighbourhood	-39.8244820	-73.2772583
Playa Rosada	neighbourhood	-39.8259075	-73.4029412
Pino Huacho	village	-39.8652654	-73.3731258
Torobayo	neighbourhood	-39.8402925	-73.2776928
Estancilla	neighbourhood	-39.8440163	-73.3048220
Portal de Queule	neighbourhood	-39.3958149	-73.1943351
Barrio El Llano	neighbourhood	-34.3909666	-72.0054651
Villa Los Navegantes	neighbourhood	-34.3970752	-72.0060874
Barrio El Bajo	neighbourhood	-34.3865530	-71.9967425
Valle del Indio	locality	-35.4953827	-70.8836419
Cruce Los Copihues	locality	-40.9903790	-73.1240408
Loteo San Ignacio	neighbourhood	-41.3414639	-72.9905899
Loteo Santa Inés	neighbourhood	-41.3409484	-72.9977889
Brisas del Valle	neighbourhood	-36.6054768	-72.0739520
Verde Parque	neighbourhood	-36.6068074	-72.0712752
Los Domínicos	neighbourhood	-36.6062399	-72.0661683
Población Óscar Bonilla	neighbourhood	-36.6066020	-72.0768584
Villa Precordillera	neighbourhood	-36.6082512	-72.0752437
Libertad Oriente	neighbourhood	-36.6083567	-72.0799751
Condominio Puerta del Sol	neighbourhood	-39.2788455	-71.9780473
Reducción Bolleco	locality	-38.6380968	-72.7234741
Población 11 de Septiembre	neighbourhood	-39.8661345	-72.8034164
Población Los Pinos	neighbourhood	-39.8692677	-72.8035890
Población La Nevada	neighbourhood	-39.8680319	-72.8074585
Brisas del Volcán	neighbourhood	-36.6108632	-72.0693056
Valle Nevado	neighbourhood	-36.6089954	-72.0686887
Brisas de Chillán	neighbourhood	-36.6085229	-72.0702483
Nevados de Shangrilá	neighbourhood	-36.6141268	-72.0697044
Los Evangelistas	neighbourhood	-36.6104064	-72.0728586
Lagos de Chile	neighbourhood	-36.6136014	-72.0771823
Santa Rufina	neighbourhood	-36.6130847	-72.0791457
Bajos de San Agustín	neighbourhood	-33.6330727	-70.7589022
Sector Las Vertientes	neighbourhood	-39.8580802	-72.8014538
Sector Equil	neighbourhood	-39.8657216	-72.8128825
Población Collilelfu	neighbourhood	-39.8665948	-72.8159872
Sector Estación	neighbourhood	-39.8625493	-72.8195842
Las Lajas	neighbourhood	-39.8555287	-72.8265504
Sector Pueblo Hundido	neighbourhood	-39.8720890	-72.8036448
Sector Centro	neighbourhood	-39.8610880	-72.8163220
Población Empleados Particulares	neighbourhood	-39.8607732	-72.8085936
Población Alderete	neighbourhood	-39.8582576	-72.8062649
Villa Los Bajos	neighbourhood	-39.8684851	-72.8032775
Sector La Rotonda	neighbourhood	-39.8635024	-72.8000774
Mallín del Toro	locality	-37.3490307	-71.3910973
Villa Los Ríos	neighbourhood	-39.8603669	-72.8016275
El Polvorín	locality	-37.3910862	-71.4019375
Curva El Candado	locality	-37.3852213	-71.3870030
Puerto Punta Chillán	locality	-37.2235455	-71.3030306
Puerto Nuevo	locality	-37.3774043	-71.3710074
Los Llanos	neighbourhood	-27.4076168	-70.2828323
San Francisco de Limache	suburb	-32.9861703	-71.2738078
Valle Catirai	neighbourhood	-36.8798506	-73.0637716
Villa Monterrico	neighbourhood	-36.6231433	-72.0791741
Portada de Huechuraba Condominio 3	neighbourhood	-33.3635841	-70.6665426
Portada de Huechuraba Condominio 4	neighbourhood	-33.3638466	-70.6654211
Portada de Huechuraba Condominio 2	neighbourhood	-33.3633506	-70.6676315
Lomas del Carmen	neighbourhood	-38.7277571	-72.6545478
Villa San Pablo	neighbourhood	-36.6196664	-72.0782395
Población Santa Filomena	neighbourhood	-36.6186890	-72.0826598
Villa Chiloé	neighbourhood	-36.6175071	-72.0824023
Paseo de Aragón	neighbourhood	-36.6157138	-72.0816620
Población Ramón Vinay	neighbourhood	-36.6143015	-72.0835932
Brisas de Ñuble	neighbourhood	-36.6149000	-72.0780035
Alto Esperanza I	neighbourhood	-41.3143587	-73.0005837
Condominio Arcadia	neighbourhood	-33.4668620	-70.7225136
Parque Residencial José Massoud Sarquis	neighbourhood	-33.6713992	-71.2215564
Cascada Las Ánimas	locality	-36.0399296	-71.1963630
Casa La Gringa	locality	-36.0988049	-71.2048280
Baños La Gloria	locality	-36.0753303	-71.1133218
Los Pelambres	locality	-36.2142593	-71.0539591
Las Gallegos	locality	-36.1769424	-71.0879159
Piedras Extendidas	locality	-36.1856628	-71.0863924
Lascano	locality	-36.2082690	-71.0640335
Vado Nacimiento	locality	-36.1585111	-71.0937202
Casa de Tabla	locality	-36.1681603	-71.0930443
La Calle	locality	-36.1548209	-71.0992456
Los Quiques	locality	-36.1473619	-71.1069810
Vado Palacios	locality	-36.1040234	-71.1412811
Placilla	locality	-36.0907121	-71.1877585
Agua de los Ricos	locality	-36.0905040	-71.1782849
Esperanza II	neighbourhood	-33.8059934	-70.7351727
Villa Los Fundadores	neighbourhood	-33.8242759	-70.7322839
Villa Esperanza Unida de Huelquén	neighbourhood	-33.8342114	-70.6466246
Club de Campo los Riscos	neighbourhood	-39.3037199	-72.0343273
Baños de Longaví	locality	-36.3707178	-71.1527401
Villa Padre Hurtado	neighbourhood	-38.7171035	-72.6288233
Punta El Rucio	locality	-36.0428184	-71.0804057
Casa de Lata	locality	-35.9662973	-71.0344702
Veranada El Estadio	locality	-36.0431823	-71.0776812
Barrio Los Trapiales	neighbourhood	-38.7148548	-72.5595159
Villa Alihuén	neighbourhood	-38.7173382	-72.5640670
Villa Antumalén	neighbourhood	-38.7109118	-72.5488167
Villa Nuevo Mundo	neighbourhood	-38.7078330	-72.5471000
Villa Los Ríos	neighbourhood	-38.7178988	-72.5547956
Villa los Ríos	neighbourhood	-38.7200203	-72.5538938
Villa Paque Rayenco	neighbourhood	-38.7155825	-72.5510000
Villa Puipuyén	neighbourhood	-35.7490792	-71.5343305
Villa Colonial	neighbourhood	-35.7436287	-71.5837138
Villa Los Héroes	neighbourhood	-35.7426163	-71.5831238
Villa El Bosque	neighbourhood	-35.7504854	-71.5900709
Población Nuevo Horizonte	neighbourhood	-32.9962890	-71.5078237
Villa Patria Vieja	neighbourhood	-37.4890150	-72.3404435
Villa Los Ríos	neighbourhood	-37.4890619	-72.3322681
Villa Las Américas	neighbourhood	-37.4873592	-72.3372678
Portal Manso de Velasco	neighbourhood	-37.4819945	-72.3291000
Villa Monterrey	neighbourhood	-37.4826025	-72.3314072
Villa Montreal	neighbourhood	-37.4820747	-72.3325873
Población Eduardo Barrios	neighbourhood	-34.5686191	-70.9961020
Población San Hernán	neighbourhood	-34.5713352	-71.0010472
Población San Juan	neighbourhood	-34.5732279	-71.0011157
Villa Pedro Aguirre Cerda	neighbourhood	-34.5729429	-70.9985491
Villa Origen	neighbourhood	-34.5723434	-71.0027421
Villa Centinela	neighbourhood	-34.5751434	-70.9954325
San Miguel de Diguillín	village	-36.8715617	-72.3282874
Villa España	neighbourhood	-34.5698875	-70.9911979
Villa Las Frutas	neighbourhood	-34.5726787	-70.9899426
Villa Alborada	neighbourhood	-34.5703663	-70.9892308
Condominio Mirador del Valle	neighbourhood	-29.9272301	-71.2385988
Condominio Barrio Universitario IV	neighbourhood	-29.9231253	-71.2350729
Terrazas de Collao 1	neighbourhood	-36.8224583	-73.0032971
Parque Poniente	neighbourhood	-34.5787778	-71.0085735
Parque Poniente II	neighbourhood	-34.5808292	-71.0079858
Villa Los Castaños	neighbourhood	-34.5780712	-71.0047066
Villa Los Regidores	neighbourhood	-34.5769209	-71.0073590
Villa Las Tinajas	neighbourhood	-34.5792670	-71.0071698
Villa Doña Ester II	neighbourhood	-34.5793200	-71.0019603
Villa Doña Georgina II	neighbourhood	-34.5815406	-71.0065997
Villa Gabriela Mistral	neighbourhood	-34.5771131	-71.0031891
Villa Doña Ester III	neighbourhood	-34.5775669	-71.0007870
Villa Doña Ester IV	neighbourhood	-34.5821010	-71.0009213
Villa El Álamo	neighbourhood	-34.5825122	-70.9996175
Villa La Palma	neighbourhood	-34.5808484	-70.9988670
Villa Imperial	neighbourhood	-34.5770822	-70.9982116
Villa Conavicoop	neighbourhood	-34.5753543	-70.9975329
Villa Millahue	neighbourhood	-34.5727081	-71.0018247
Villa Bellavista	neighbourhood	-34.5735083	-71.0002175
Villa Principal	neighbourhood	-34.5743167	-70.9991371
Villa Los Lingues	neighbourhood	-34.5750093	-71.0007319
Villa Parque Lauca	neighbourhood	-34.5746777	-71.0036673
Villa Parque de la Huerta	neighbourhood	-34.5754743	-71.0002434
La Cantera	suburb	-29.9752078	-71.2997211
Nueva Cantera	neighbourhood	-29.9755691	-71.3063516
Villa Talinay	neighbourhood	-29.9715421	-71.3095549
Villa La Cantera	neighbourhood	-29.9809224	-71.2960861
Condominio Alameda del Sol	neighbourhood	-34.5972017	-70.9954830
Villa Magisterio	neighbourhood	-34.6468938	-71.3653740
Villa Alerce Andino	neighbourhood	-41.3996585	-72.9014629
Villa Valle la Colonia	neighbourhood	-41.3918592	-72.8908191
El Ombu	neighbourhood	-33.6119978	-70.8969611
Villa San Marcelino	neighbourhood	-34.5850891	-70.9789930
Pueblo Hundido	neighbourhood	-41.4950299	-72.2965408
Los Mallines	locality	-42.8572172	-72.2192288
Santa Juana	locality	-42.8830870	-72.3535323
El Mirador	locality	-42.8773950	-72.2895670
Bajo Navarro	locality	-42.6608054	-73.0040431
Punta Chulao	locality	-42.2957545	-72.8329182
Reducción Temucuicui	locality	-38.0940763	-72.4334387
Condominio San Sebastián	neighbourhood	-38.2286796	-72.3539813
Población Servanti	neighbourhood	-38.2323052	-72.3569063
Santa Florentina	neighbourhood	-38.2367725	-72.3171401
La Capilla III	neighbourhood	-32.8616382	-70.6265565
Villa las Alamedas de San Bernardo	neighbourhood	-33.6242670	-70.7033031
Las Lomas de Mirasur	neighbourhood	-33.6228818	-70.7138863
Villa San Antonio de Comaico	neighbourhood	-33.1849480	-70.6749789
Villa Santa Inés	neighbourhood	-33.2908813	-70.8820422
Villa Wetripantu	neighbourhood	-33.2807140	-70.8704272
Villa Armada de Chile	neighbourhood	-42.4691563	-73.7820576
Villa Esperanza	neighbourhood	-35.3452805	-71.5887504
Cajón del Rucio	locality	-36.0382559	-71.0703861
Quechereguas	locality	-38.1143763	-72.5053990
Bajo Castillo	neighbourhood	-38.2394273	-72.6614821
Santa Inés	suburb	-38.2437248	-72.6813198
El Retiro	suburb	-38.2612464	-72.6683030
Población Lautaro	neighbourhood	-37.5087193	-72.6582926
Domingo Espiñeira	neighbourhood	-53.1697855	-70.9492141
Los Pitihues	neighbourhood	-33.3629830	-71.6517891
Lomas de Algarrobo	neighbourhood	-33.3611213	-71.6579259
Aguas Marinas	neighbourhood	-33.3598452	-71.6573737
Condominio Pucón Andino	neighbourhood	-39.2954388	-71.9809828
Villa Berlín	neighbourhood	-33.0469276	-71.5778714
Los Rulos	village	-33.4647943	-71.0810398
San Enrique	village	-33.4710545	-71.1144937
Portal del Sur II	neighbourhood	-41.5298188	-73.0557680
Villa Esperanza	neighbourhood	-39.8699982	-72.8154337
Villa Los Volcanes	neighbourhood	-41.0309471	-73.4107538
Valle Las Piedras	neighbourhood	-36.8310096	-73.1432474
Villa Venus	neighbourhood	-36.8279266	-73.1413912
Caleta Alto Rey	neighbourhood	-36.8251957	-73.1483757
Villa Evangelista	neighbourhood	-36.8348223	-73.1453824
Costa Pacífico	neighbourhood	-36.8336545	-73.1435800
Villa Ruka Pehuén	neighbourhood	-36.8425388	-73.1378026
Reflejos del Lago	neighbourhood	-41.2311107	-72.5793438
Tierras Blancas	suburb	-29.9658782	-71.2558692
Villa Cordillera	neighbourhood	-28.5913311	-70.7432921
Brisas del Mar	neighbourhood	-32.9905881	-71.5053741
Capilla de las Nieves 2	neighbourhood	-32.8634482	-70.6249467
Los Aleros del Bosque	neighbourhood	-34.3961037	-70.8571140
Villa El Molino	neighbourhood	-34.3970510	-70.8474903
Los Huertos	neighbourhood	-34.3938462	-70.8546249
Villa Rienzi Valencia	neighbourhood	-34.4062486	-70.8503441
Población Santa Ana	neighbourhood	-34.3995302	-70.8603101
Los Aromos	neighbourhood	-34.3950945	-70.8566205
Condominio Egenau	neighbourhood	-34.3992115	-70.8550326
Villa Galilea	neighbourhood	-34.4131067	-70.8651016
Villa Betania	neighbourhood	-34.3930229	-70.8461384
El Esfuerzo	neighbourhood	-34.3930321	-70.8517389
Los Maitenes	neighbourhood	-34.3975361	-70.8500537
Villa San Francisco	neighbourhood	-34.4007690	-70.8427803
Los Renguinos	neighbourhood	-34.3953424	-70.8551828
Villa Nicoletti	neighbourhood	-34.3966880	-70.8571999
Villa España	neighbourhood	-34.3974232	-70.8542280
Población Padre Hurtado	neighbourhood	-34.4020797	-70.8600956
Rinconada	neighbourhood	-30.0328400	-70.5153481
Condominio Embassy	neighbourhood	-32.9188889	-71.5190818
Villa Los Acacios	neighbourhood	-32.8386422	-70.6130929
Condominio Alto San Esteban	neighbourhood	-32.8112558	-70.5855807
Gualleco	village	-35.2457759	-71.9817239
Condominio Socaire	neighbourhood	-23.5322345	-70.3982822
Costa Verde A	neighbourhood	-36.8564065	-73.1406811
Valle del Sol	neighbourhood	-33.5573749	-70.5570877
Población Santo Domingo	neighbourhood	-32.8920591	-71.2622871
Paso inferior Paso Hondo	locality	-37.0023515	-72.5424667
Villa Rucalhue	neighbourhood	-36.8538381	-73.0726735
Valle Hermoso	neighbourhood	-36.8580655	-73.0720780
Villa Altos de Santa Rita	neighbourhood	-36.6387499	-72.1306929
La Hacienda	neighbourhood	-33.0360879	-71.5773731
El Agrado de Peñuelas	neighbourhood	-29.9512783	-71.2704719
Villa del Mar	neighbourhood	-29.9629484	-71.3019320
El Rosario de Peñuelas	neighbourhood	-29.9679117	-71.3021794
Barrio Industrial	neighbourhood	-29.9726150	-71.2698842
Baquedano	neighbourhood	-29.9629183	-71.3311916
Villa Los Conquistadores	neighbourhood	-34.4157669	-70.8521684
Villa Caupolicán	neighbourhood	-34.4006399	-70.8590778
Villa Jardín	neighbourhood	-34.4073945	-70.8413967
Villa Claudio Arrau	neighbourhood	-34.4085624	-70.8473619
Población Victoria	neighbourhood	-35.7046133	-71.4095790
Villa Central	neighbourhood	-35.6988106	-71.4034319
Población Oriente	neighbourhood	-35.7015287	-71.3936958
Villa Arauco	neighbourhood	-35.7065561	-71.4051756
Villa Nueva Esperanza	neighbourhood	-35.2473573	-71.9878152
Gualleco Alto	neighbourhood	-35.2555918	-71.9780753
Población Villa Esperanza	neighbourhood	-41.6001671	-73.5976928
Altos del Boldo	neighbourhood	-34.9722178	-71.2195008
Portal Valdivia	neighbourhood	-39.8115995	-73.2222743
Teodoro Segovia	neighbourhood	-39.8135531	-73.2191608
Capreva	neighbourhood	-39.8156618	-73.2261867
Jose Miguel Carrera	neighbourhood	-39.8159719	-73.2232730
Arturo Prat	neighbourhood	-39.8161486	-73.2193303
Villa Progreso	neighbourhood	-39.8065649	-73.2161141
Norte Grande II	neighbourhood	-39.8066658	-73.2206637
Norte Grande I	neighbourhood	-39.8083478	-73.2223794
Acharan Arce	neighbourhood	-39.8083575	-73.2174645
Villa Rocura	neighbourhood	-39.8090072	-73.2148009
Parcelas Cajón de Lebu	neighbourhood	-33.0331321	-71.3525759
Población Bosque Nativo	neighbourhood	-41.3817719	-72.9186543
Palmas de Nos	neighbourhood	-33.6226548	-70.6858024
San León de Nos	neighbourhood	-33.6427542	-70.6807605
Los Prados de Nos	neighbourhood	-33.6428988	-70.6891633
San Francisco de Nos	neighbourhood	-33.6420553	-70.6770107
Los Altos de Chiguayante	neighbourhood	-36.9205492	-73.0340664
Periquillo	neighbourhood	-36.9627848	-72.9547482
Pocuro	neighbourhood	-36.9716282	-73.1477641
Población Nueva Gabriela Mistral	neighbourhood	-36.9830521	-73.1495371
Parque Industrial Lo Boza	neighbourhood	-33.3847790	-70.7630747
Parque Industrial Buenaventura	neighbourhood	-33.3323537	-70.7150016
Borde Blanco	neighbourhood	-33.2299104	-70.6848856
Villa Valparaíso	neighbourhood	-32.7935414	-71.2173784
Villa Las Palmas	neighbourhood	-32.7921662	-71.1488922
Barrio Norte	neighbourhood	-32.8379256	-70.9462249
Barrio Las Bodegas	neighbourhood	-32.8511967	-70.6034408
Nos	neighbourhood	-33.6376634	-70.7078249
Valle Grande	suburb	-33.3245224	-70.7526314
El Tránsito	village	-33.7818772	-70.6590691
Aparición Oriente	village	-33.7825693	-70.6382745
Chicauma	village	-33.3035269	-70.7420888
Ayres de Chicureo	neighbourhood	-33.2024787	-70.6497007
Quilapán	neighbourhood	-34.5278038	-70.9370363
Miraflores	village	-34.5423205	-70.9480119
Condominio El Cruceral 2	neighbourhood	-33.6514226	-70.6116629
Condominio El Cruceral de Pirque	neighbourhood	-33.6465283	-70.6152463
Condominio Parque Real	neighbourhood	-33.6357384	-70.5675889
Condominio Brisas del Raco	neighbourhood	-33.6347202	-70.5655932
Villa Sigfredo Bic	neighbourhood	-33.6284313	-70.5392003
Las Viñas de Buin	neighbourhood	-33.7485899	-70.7506549
Jardines de Linderos	neighbourhood	-33.7521047	-70.7376409
Cerrillos	village	-33.7695514	-70.7039523
Valle Araucarias	neighbourhood	-33.7544597	-70.7440996
Villa Krumm Oriente	neighbourhood	-33.7261288	-70.7278401
Cumbres de Buin	neighbourhood	-33.7326797	-70.7227404
Condominio Parque Buin	neighbourhood	-33.7332626	-70.7185811
Aires de Buin III	neighbourhood	-33.7329722	-70.7167626
Villa Buin Oriente	neighbourhood	-33.7276055	-70.7290471
Población Nuevo Buin	neighbourhood	-33.7130892	-70.7392384
Amanecer Campesino	neighbourhood	-33.6627195	-70.6640411
Valle La Reserva	neighbourhood	-33.7576709	-70.9081113
Población Gacitúa	neighbourhood	-33.7325934	-70.9078029
Las Mercedes	village	-33.7846939	-70.8914709
Villa Los Encinos	neighbourhood	-33.9066996	-70.7391429
Laguna del Sol	neighbourhood	-33.5670504	-70.8307323
Villa Los Castaños	neighbourhood	-33.5334535	-70.7973790
Villa Santa Teresa	neighbourhood	-33.5154580	-70.7977975
Villa Los Portales	neighbourhood	-33.5179983	-70.7949436
Villa La Rinconada Oriente	neighbourhood	-33.5066735	-70.7817149
Villa Lomas de Maipú	neighbourhood	-33.5033098	-70.7821226
Villa El Porvenir Maipú	neighbourhood	-33.5028267	-70.7925940
Villa Portal Maipú	neighbourhood	-33.5056447	-70.7973147
Villa Magíster	neighbourhood	-33.4870126	-70.7571352
Villa Volcán Maipo	neighbourhood	-33.4881355	-70.7552147
Villa Santa Teresa del Rosal	neighbourhood	-33.4843684	-70.7489276
Villa Alto Jahuel de Maipú	neighbourhood	-33.4853438	-70.7585407
Población El Molino	neighbourhood	-33.4879566	-70.7636261
La Sinfonía	neighbourhood	-33.4908020	-70.7606650
Parque La Farfana	neighbourhood	-33.4906499	-70.7652247
Villa Manuel Rojas	neighbourhood	-33.4877418	-70.7677353
El Rosal de Vespucio	neighbourhood	-33.4813976	-70.7597745
Barrio Holanda	neighbourhood	-33.4864354	-70.7738614
Los Rosales de Maipú	neighbourhood	-33.4848695	-70.7691944
Santa María de Maipú	neighbourhood	-33.4914641	-70.7770801
Villa San Juan	neighbourhood	-33.5413410	-70.7705784
Villa Carlos V	neighbourhood	-33.5362437	-70.7735396
Villa Arturo Prat	neighbourhood	-33.5389444	-70.7766509
Villa Portal del Valle	neighbourhood	-33.5334714	-70.7899118
Villa El Arrayán	neighbourhood	-33.5260303	-70.7844830
Villa Hermanos de La Salle	neighbourhood	-33.6158746	-70.5947435
Villa Parque Queulat	neighbourhood	-33.6136901	-70.6259966
Villa Juanita	neighbourhood	-33.6294676	-70.6101501
Villa El Almendral	neighbourhood	-33.6304145	-70.6218338
Villa Santa Elvira	neighbourhood	-33.6196561	-70.6186581
Villa Jesús de Nazaret	neighbourhood	-33.6198996	-70.6215978
Villa Los Evangelistas II	neighbourhood	-33.6201855	-70.6253743
Villa Los Evangelistas	neighbourhood	-33.6223296	-70.6257069
Población Pedro Lira	neighbourhood	-33.6256112	-70.6265845
Villa El Caleuche	neighbourhood	-33.6275916	-70.6207717
Villa Padre Hurtado	neighbourhood	-33.6037986	-70.6253207
Faldeos de Nos	neighbourhood	-33.6187292	-70.6779456
Santa Bárbara	neighbourhood	-33.6144629	-70.6819368
Villa Manuel Magallanes Moure	neighbourhood	-33.6104020	-70.6806922
San Alberto de Nos	neighbourhood	-33.6109470	-70.6770980
Villa Parque Alto	neighbourhood	-33.5879806	-70.5325592
Barrio Casas del Valle	neighbourhood	-33.6098569	-70.5395544
Condominio Las Vizcachas	neighbourhood	-33.5998846	-70.5106509
Jardines de Vizcachas	neighbourhood	-33.6019131	-70.5155003
Brisas del Maipo	neighbourhood	-33.6057116	-70.5411112
Lomas de Eyzaguirre	neighbourhood	-33.6126402	-70.5407453
Población Vista Hermosa	neighbourhood	-33.6109023	-70.5193305
Villa San Alberto	neighbourhood	-33.6121175	-70.5268836
Villa Los Agapantos	neighbourhood	-33.2017716	-70.6811535
El Remanso de Chicureo	neighbourhood	-33.2230160	-70.6729863
Condominio Taiquén	neighbourhood	-33.2187034	-70.6690460
Brisas Norte de Chicureo	neighbourhood	-33.2160241	-70.6661788
Parque Los Libertadores	neighbourhood	-33.1951820	-70.6656396
Tierras Lindas	neighbourhood	-33.2169015	-70.7360852
Villa Letelier	neighbourhood	-33.2114217	-70.6676030
Villa Cordillera	neighbourhood	-33.1919319	-70.6742120
La Araucaria de Colina	neighbourhood	-33.1942031	-70.6819782
La Cruzada	locality	-36.9676216	-72.9892158
Salar Pampa Blanca	neighbourhood	-22.4474013	-68.8999661
Villa Don Max	neighbourhood	-39.8351525	-73.2249730
Villa San Luis	neighbourhood	-39.8354478	-73.2219302
Población San Luis	neighbourhood	-39.8404902	-73.2187810
Población Auto Construcción	neighbourhood	-39.8405284	-73.2153470
Rosario	locality	-37.0848323	-72.9535955
Recreo	locality	-37.0893136	-72.9365195
Las Lagunillas	locality	-37.0344860	-72.9632128
Santa Matilde	locality	-37.1642836	-72.8937758
Santa Rosa	locality	-37.0228725	-72.9187504
Los Cuervos	locality	-36.7536552	-73.1827622
La Piedra	locality	-36.7706900	-73.2072047
Los Budes	locality	-36.7558549	-73.0586082
San José	locality	-36.7674422	-73.0397683
Miramar	locality	-36.7561653	-73.0289751
Las Mercedes	locality	-36.7604802	-73.0369359
Litrinal	locality	-36.7071661	-73.1559386
Playa Blanca	locality	-36.6889343	-73.1368477
El Chupón	locality	-36.6779195	-73.1317407
Costa Larga	locality	-36.6691096	-73.1307966
Lorena	locality	-36.6962829	-73.1335582
El Cardenal	locality	-36.6973978	-73.1409203
Los Guindos	locality	-36.6684900	-73.1069786
Taiguén Chico	locality	-36.6580068	-73.1217618
Las Gaviotas	locality	-36.6259991	-73.1159479
El Faro	locality	-36.6165632	-73.1159479
La Buitrera	locality	-36.6321277	-73.1157719
Villa Padre Hurtado	neighbourhood	-36.5921523	-72.1158242
Villa Millantué	neighbourhood	-36.5862083	-72.0966840
Portal del Libertador	neighbourhood	-36.5828915	-72.0984113
Villa Portal Quilamapu	neighbourhood	-36.5889822	-72.0842439
Población Coihueco	neighbourhood	-36.6071567	-72.0838952
Población El Roble	neighbourhood	-36.6252064	-72.1024561
Población Mardones	neighbourhood	-36.6259986	-72.0961046
Río Viejo	neighbourhood	-36.6287139	-72.0907149
Nueva Río Viejo	neighbourhood	-36.6261841	-72.0858590
Villa Doña Rosa	neighbourhood	-36.6237082	-72.0666647
Villa Doña Francisca	neighbourhood	-36.6288055	-72.0732308
Villa Río Chillán	neighbourhood	-36.6335409	-72.0838952
Brisas del Bicentenario	neighbourhood	-36.6357621	-72.1007288
Villa Los Naranjos de Castilla	neighbourhood	-36.6306222	-72.1110821
Población Eduardo Frei	neighbourhood	-36.6315435	-72.1225405
Los Fundadores	neighbourhood	-36.6168710	-72.1379256
Villa Creación	neighbourhood	-36.6090170	-72.1475816
Población Luis Cruz Martínez	neighbourhood	-36.6097516	-72.1409326
Huapi	suburb	-35.8654230	-71.5966832
Población Obispo Camus	neighbourhood	-35.8307574	-71.5933728
Villa Independencia	neighbourhood	-35.8457912	-71.6066551
Villa Presidente Ibáñez	neighbourhood	-35.8471348	-71.6052604
Puerta Norte	neighbourhood	-35.8303486	-71.5840924
Doña Carmen	neighbourhood	-34.9456489	-71.2018884
Villa Luis Orrego Luco	neighbourhood	-34.9619345	-71.1983049
San Francisco de Rauquén	neighbourhood	-34.9586856	-71.1977255
Población René Schneider	neighbourhood	-34.7114501	-71.0356403
Villa La Pirámide	neighbourhood	-34.7104490	-71.0370653
Santa Adela	neighbourhood	-34.7135898	-71.0286391
Población El Bosque	neighbourhood	-34.7058800	-71.0308211
Población El Porvenir	neighbourhood	-34.6939471	-71.0225129
Villa La Unión	neighbourhood	-34.6953144	-71.0244334
Villa Cordillera	neighbourhood	-34.6962671	-70.8660436
Estación Tinguiririca	neighbourhood	-34.6449038	-70.9936417
Crucero Los Almendros	locality	-36.5119456	-72.8191436
Toroico	locality	-36.4945577	-72.7824531
Santa Guacolda	locality	-36.7021681	-72.9078346
Dichoco	locality	-36.6972133	-72.9292064
Población Don Sebastián	neighbourhood	-34.8667606	-71.1729848
Santa Rebeca	village	-34.8645599	-71.0650636
Ventana del Bajo	village	-34.9154611	-71.0764361
El Cisne	village	-34.8423907	-71.0575105
Vista Hermosa	village	-34.9152780	-71.1622818
Guaico Tres	village	-34.9691089	-71.0102714
Guaico Dos	village	-34.9647272	-71.0519636
Guaico Uno	village	-34.9622313	-71.0838658
San José de Peñuelas	village	-34.6067557	-71.0290254
Vegas de Nonguén	neighbourhood	-36.8266766	-73.0134875
Los Fresnos	neighbourhood	-36.8271725	-73.0106241
Vicente Valdés	neighbourhood	-33.5271215	-70.5876518
Antigua Florida	neighbourhood	-33.5361543	-70.5826736
Condominio Los Viñedos del Consistorial	neighbourhood	-33.4926273	-70.5463135
Viñedos de Tobalaba	neighbourhood	-33.4946672	-70.5466676
Parque Cousiño Macul	neighbourhood	-33.4937546	-70.5533624
Parque Violeta Cousiño	neighbourhood	-33.4755897	-70.5512595
Arboretum	neighbourhood	-33.4755195	-70.5219408
Barrio El Progreso	neighbourhood	-33.4742295	-70.5263901
Condominio Cumbres	neighbourhood	-33.4661300	-70.5234075
Villa La Reina	neighbourhood	-33.4557204	-70.5353594
Barrio Industrial	neighbourhood	-33.4548163	-70.5426979
Comunidad Cerro Apoquindo	neighbourhood	-33.4240060	-70.5258791
Renacimiento Italiano	neighbourhood	-33.4017099	-70.5511952
Gran Bretaña	neighbourhood	-33.3986556	-70.5424512
La Foresta	neighbourhood	-33.4069764	-70.5197597
Barrio Génova	neighbourhood	-33.3932006	-70.4983771
Cumbres de San Damián	neighbourhood	-33.3896376	-70.4974867
Lucas Araya	neighbourhood	-33.3662160	-70.4992032
Mirador San Damián	neighbourhood	-33.3820207	-70.5063754
La Ermita	neighbourhood	-33.3649346	-70.5047286
Las Lomas I	neighbourhood	-33.3631022	-70.5092132
Las Lomas II	neighbourhood	-33.3627258	-70.5039293
Villa La Ponderosa	neighbourhood	-33.3609560	-70.5107367
Villa Nebrasca	neighbourhood	-33.3607410	-70.5082262
Manquehue Oriente	neighbourhood	-33.3573985	-70.5450154
Condominio Los Bravos	neighbourhood	-33.3195286	-70.5668056
Quillayes de La Dehesa	neighbourhood	-33.3376491	-70.5177490
Cumbre Los Nogales	neighbourhood	-33.3292105	-70.5211973
Parque Los Quillayes	neighbourhood	-33.3323390	-70.5224633
Alpes Suizos	neighbourhood	-33.3298202	-70.5154003
La Pampa	suburb	-29.9325294	-71.2577856
Población 17 de Septiembre	neighbourhood	-29.9156619	-71.2234211
Umbrales Norte Verde	neighbourhood	-29.9461126	-71.2340641
Peñuelas Bajo	suburb	-29.9628239	-71.3008195
Puerta del Mar	neighbourhood	-29.8997774	-71.2644482
Villa El Romero	neighbourhood	-29.8886580	-71.2174556
Villa San Bartolomé	neighbourhood	-29.8869600	-71.2373901
San Joaquín	suburb	-29.9310313	-71.2434145
Villa La Playa	neighbourhood	-29.9332826	-71.2619484
Villa San Bartolomé	neighbourhood	-29.9349841	-71.2626457
Valle del Sol	neighbourhood	-29.9378105	-71.2641585
Brisas del Elqui	neighbourhood	-29.9429238	-71.2689624
Villa San Luis	neighbourhood	-29.9418454	-71.2667227
El Membrillo	neighbourhood	-34.1864411	-70.8410025
Población Las Tranqueras	neighbourhood	-34.1822875	-70.8389855
Villa Millantú	neighbourhood	-34.1804591	-70.8321083
Los Lagos	neighbourhood	-34.2096639	-70.9015989
El Arrayán	neighbourhood	-34.2104180	-70.9022641
Villa Lo Miranda	neighbourhood	-34.1991758	-70.8871257
Villa El Bosque	neighbourhood	-34.1978337	-70.8874502
Villa Ilusión	neighbourhood	-34.1969396	-70.8874771
Población Nueva Lo Miranda	neighbourhood	-34.2035771	-70.8809459
Población Lautaro	neighbourhood	-34.2025744	-70.8785749
Población Esperanza	neighbourhood	-34.2011125	-70.8754661
Villa Sor Teresa de los Andes	neighbourhood	-34.1985635	-70.8900547
Villa El Esfuerzo	neighbourhood	-34.1969263	-70.8952636
Villa Los Conquistadores	neighbourhood	-34.2014918	-70.8905832
El Pedregal	neighbourhood	-34.2001430	-70.8940995
Gabriela Mistral	neighbourhood	-34.2081467	-70.9005904
Población Santa Cristina	neighbourhood	-34.2089984	-70.8979941
Pichiguao	village	-34.3186286	-70.8267975
El Rosedal	neighbourhood	-34.4504225	-70.8944267
San Agustín	neighbourhood	-34.2813151	-70.8363515
Villa Siberia	neighbourhood	-34.2841873	-70.8351660
Villa Los Parronales	neighbourhood	-34.3576793	-70.8410025
El Naranjal	neighbourhood	-34.4072991	-70.8697772
Villa Las Industrias	neighbourhood	-27.4147096	-70.2691555
Alto del Palomar	neighbourhood	-27.3923642	-70.3245378
Viñita del Palomar	neighbourhood	-27.3908210	-70.3220701
Rosario	neighbourhood	-27.3767978	-70.3388286
Villa Codelco	neighbourhood	-27.3814089	-70.3197956
Santa Elvira	neighbourhood	-27.3847623	-70.3175104
Punta Negra	neighbourhood	-27.4023149	-70.2913980
Población Juan Pablo II	neighbourhood	-27.3537967	-70.3173387
Borgoño	neighbourhood	-27.3524149	-70.3438926
Villa Inglesa	neighbourhood	-27.3888443	-70.3059822
Villa Esperanza Alto	neighbourhood	-27.3734251	-70.3056550
El Palomar	suburb	-27.3833494	-70.3318479
San Fernando	suburb	-27.3931882	-70.2989656
Jardines de Graneros	neighbourhood	-34.0703646	-70.7178891
San Miguel	suburb	-35.4425262	-71.6305161
Esmeralda	suburb	-35.4439553	-71.5998784
San Diego Sur	village	-35.5812969	-71.4666224
La Placilla	neighbourhood	-37.7867247	-72.7083241
Las Acequias	neighbourhood	-37.7947454	-72.7343202
El Retiro	neighbourhood	-37.7970514	-72.7228028
El Cañón	neighbourhood	-37.7941350	-72.7219606
Chillancito	neighbourhood	-37.7944741	-72.7130771
Población Nahuelbuta	neighbourhood	-37.7885689	-72.7026380
Juan Pablo II	neighbourhood	-37.7867247	-72.6909972
Javiera Carrera	neighbourhood	-37.7918523	-72.6969221
Coñuñuco	neighbourhood	-37.7967928	-72.6987192
Villa Hermosa	neighbourhood	-37.8012563	-72.7000523
Villa Alegre	neighbourhood	-37.8053083	-72.6973486
Pampa Ingeniero	neighbourhood	-37.8095551	-72.7000415
Villa Celpac	neighbourhood	-37.8116148	-72.7059210
Los Viñedos del Rosario	neighbourhood	-37.8074317	-72.7097618
Villa Las Araucarias	neighbourhood	-37.8111910	-72.7102232
Villa Arboleda	neighbourhood	-37.8145009	-72.7096009
Villa Los Ríos	neighbourhood	-37.8159863	-72.7083350
Los Conquistadores	neighbourhood	-37.8163401	-72.7061060
Los Lagos	neighbourhood	-37.8147170	-72.6990759
Villa Florencia	neighbourhood	-37.8154968	-72.6911044
Villa México	neighbourhood	-37.8165986	-72.6885510
Las Naciones	neighbourhood	-37.8168613	-72.6858795
Villa Emaús	neighbourhood	-37.8174185	-72.6806089
Hacienda Teno	village	-34.8783355	-71.2257385
El Llano	village	-34.9054593	-71.2994499
Tutuquén Bajo	village	-34.9792190	-71.3382840
Las Pitras	neighbourhood	-34.9729597	-71.2704134
Bosque San Carlos	neighbourhood	-29.9713956	-71.2579834
Bosque Oriente	neighbourhood	-29.9714978	-71.2466430
El Escorial	village	-33.8577650	-70.6177033
Los Almendros	neighbourhood	-33.7376523	-70.7160866
El Rulo	village	-33.6770685	-70.6693411
El Carmen	neighbourhood	-33.6232498	-70.5513883
Villa Las Flores	neighbourhood	-34.1375787	-70.7597423
Los Silva Alto	neighbourhood	-34.0430587	-70.6501043
Lo Amparo	neighbourhood	-34.0240851	-70.6571102
Villa Las Lomas	neighbourhood	-33.9433777	-70.7067633
Plazuela	village	-34.1922984	-70.9094954
La Vara Gruesa	neighbourhood	-34.2300063	-70.8601213
Villa Óscar Castro	neighbourhood	-34.0897988	-70.8187831
El Porvenir	neighbourhood	-34.4567834	-71.0333920
Copequén Sur	neighbourhood	-34.2484105	-70.9151817
Mirador de Olivar	neighbourhood	-34.2223596	-70.8207464
Parque Industrial Tres	neighbourhood	-34.5679628	-70.9723878
El Maitén	neighbourhood	-34.5477200	-70.9651887
El Cedronal	neighbourhood	-34.7024857	-70.9507585
Villa Dos Mil	neighbourhood	-34.7027768	-70.9550071
El Rosal	suburb	-36.5042377	-72.7160872
Lomas de Andalién	village	-36.8169636	-72.8585816
Los Ríos	village	-37.5553289	-73.4174252
Conumo	village	-37.2653782	-73.2235444
Domingo Mansilla	village	-34.8931648	-71.1325800
Población La Parroquia	neighbourhood	-35.1239081	-71.1453192
Los Castaños	village	-35.0826562	-71.2071991
El Maitén	village	-35.0568574	-71.2200952
El Retiro	neighbourhood	-33.6301688	-70.6306798
Altos del Sol	neighbourhood	-33.6705522	-70.9444969
La Foresta	neighbourhood	-33.6530901	-70.9195630
El Sauce	village	-32.8380511	-70.5378142
Las Vizcachas	village	-32.8548236	-70.5063487
Bucalemu	village	-32.8101633	-70.6851339
Los Villares	village	-32.8252615	-70.6585479
Alto del Puerto	village	-32.8447333	-70.6357813
La Caldera	village	-32.8797132	-70.6056762
Las Arboledas	village	-36.4489383	-71.8477536
Portal del Sur	neighbourhood	-36.4385375	-71.9685102
Patagüilla El Bosque	village	-33.5052601	-70.9960771
Patagüilla	village	-33.4887619	-70.9964848
Chorombo Bajo	village	-33.5433798	-71.2221552
Malalhue	village	-33.4918226	-71.1680295
Alvarado	village	-33.4682511	-71.0703420
Los Panguiles	village	-33.4351748	-71.0290360
Miraflores	village	-33.4124708	-71.0557187
Cerrillos	village	-33.4544314	-71.0283709
Noviciado Alto	village	-33.3934872	-70.8744335
El Cambucho	village	-33.3949742	-70.8650780
Las Casas de Santo Tomás III	neighbourhood	-33.3344204	-70.7688184
El Porvenir	neighbourhood	-33.2258975	-70.6880812
Santa Elena	village	-35.6985885	-71.5529466
Maitencillo Afuera	village	-35.6699180	-71.4835310
Maitencillo Adentro	village	-35.6482645	-71.5048385
Cinco Caminos	village	-35.6225063	-71.4981222
Buenos Aires	village	-35.5944366	-71.3797296
San Diego Norte	village	-35.5686262	-71.4693261
Santa Rita	village	-35.3946126	-71.5327764
Villa Illinois	village	-35.3748224	-71.5791839
El Oriente	village	-35.4456379	-71.5418959
Flor del Llano	village	-35.5059993	-71.5292193
Villa Púlpito	neighbourhood	-42.7730146	-73.7869799
Pasaje San Manuel	neighbourhood	-43.1112128	-73.5996008
Barrio Costero	neighbourhood	-43.1176663	-73.5809541
Villa Los Naranjos	neighbourhood	-38.7508286	-72.6613588
Población Jorge Inostroza	neighbourhood	-20.2101463	-70.1349350
Villa Fray Andrés	neighbourhood	-20.2886475	-70.1262559
El Portal	neighbourhood	-33.4901772	-70.5686460
La Reserva	neighbourhood	-33.4891339	-70.5674520
El Sendero	neighbourhood	-33.4917287	-70.5698874
Paso Malo	locality	-25.3464209	-70.4451836
Población 18 de Septiembre	neighbourhood	-34.5734484	-70.9865977
Población Santa Helena	neighbourhood	-34.5964374	-70.9695453
Población Cardenal Caro	neighbourhood	-34.5978889	-70.9712730
Población Manuel Rodríguez	neighbourhood	-34.5967668	-70.9711672
Valle Hermoso	village	-18.4025399	-70.2655528
Villa Jordán	neighbourhood	-29.9266635	-71.2480568
Villa Diaguitas	neighbourhood	-29.9207635	-71.2508269
La Vega	neighbourhood	-41.7760186	-73.1314401
Villa San Carlos	neighbourhood	-36.7165666	-72.9731880
Villa Montahue	neighbourhood	-36.7518793	-73.0053423
Altos de Mavidahue	neighbourhood	-36.7475725	-73.0056964
Playa Negra	neighbourhood	-36.7379435	-73.0027888
Población Gabriela Mistral	neighbourhood	-36.7173832	-72.9711710
Villa Belén	neighbourhood	-36.7405060	-73.0054067
Miramar	neighbourhood	-36.7104260	-72.9657376
Montahue II	neighbourhood	-36.7499800	-73.0029176
Población Jaime Lea Plaza	neighbourhood	-36.7150529	-72.9722331
Villa Las Palmas de Tuniche	neighbourhood	-34.1421645	-70.7615220
Sanatorio	village	-35.0471172	-71.3301408
Buena Unión	village	-35.1301579	-71.2639547
Bajo Los Romeros	village	-35.1484946	-71.2403083
Población Los Poetas II	neighbourhood	-41.7610660	-73.1476167
El Torreón	village	-36.4957167	-71.8603063
Las Araucarias	neighbourhood	-36.5820472	-72.1352112
Villa Primavera	neighbourhood	-36.7043219	-71.9025242
Las Vertientes	village	-36.7326591	-71.8313599
El Playón	locality	-39.3624697	-71.9632453
Casabosque	neighbourhood	-39.2844217	-71.9867380
Villa Antupirén	neighbourhood	-39.2845323	-71.9785006
Condominio Suizo	neighbourhood	-39.2907455	-71.9789088
Pucón Oeste	neighbourhood	-39.2874177	-71.9821027
Los Mendez	neighbourhood	-39.2854933	-71.9624038
Peumayén	neighbourhood	-39.2763249	-71.9631185
Villa Las Araucarias	neighbourhood	-39.2825713	-71.9670372
Los Álamos	neighbourhood	-39.2743168	-71.9627210
Villa Lafquen	neighbourhood	-39.2798239	-71.9637994
Valle Verde	neighbourhood	-39.2898430	-71.9609705
Maitahue	neighbourhood	-39.2786451	-71.9668567
Los Alerces	neighbourhood	-39.2890767	-71.9601509
Turbina Alta	neighbourhood	-39.2871756	-71.9663208
Adela Jorquera	neighbourhood	-39.2780965	-71.9649086
Cordillera	neighbourhood	-39.2866457	-71.9586064
El Esfuerzo	neighbourhood	-39.2843101	-71.9656557
Las Vertientes	neighbourhood	-39.2795346	-71.9674744
Los Castaños	neighbourhood	-39.2726922	-71.9634833
Jardín del Este	neighbourhood	-39.2711584	-71.9706174
Villa Puesta De Sol	neighbourhood	-39.2822283	-71.9432440
Parque Foresta	neighbourhood	-39.2701293	-71.9720929
Bosques de Puerto Pucón	neighbourhood	-39.2807304	-71.9361960
Villa Portal del Sol	neighbourhood	-33.4822796	-70.5300989
Condominio 4 Reinas II	neighbourhood	-20.2140986	-70.1341659
Cerrillos	village	-30.0704424	-71.2438200
Villa Maquehue	neighbourhood	-38.7453171	-72.6111165
Villa Esperanza	neighbourhood	-33.3161705	-71.4049476
José María Caro Rodríguez	neighbourhood	-33.5159437	-70.6979893
Población Wicker	neighbourhood	-36.6194357	-72.0910744
Villa Alcalde Navas	neighbourhood	-36.6287650	-72.1029104
Población Sarita Gajardo	neighbourhood	-36.6229496	-72.0894921
Población Rosita O'Higgins	neighbourhood	-36.6221535	-72.0994287
Villa Portal del Ñuble	neighbourhood	-36.6014951	-72.1190249
Ruiz de Gamboa	neighbourhood	-36.6145381	-72.1303057
Villa Ríos del Sur	neighbourhood	-36.6283967	-72.1044776
Villa Jardines Barrio Privado	neighbourhood	-37.4925523	-72.3333071
Villa Filadelfia	neighbourhood	-37.4974098	-72.3319864
Villa Galilea	neighbourhood	-36.6278172	-72.0796980
Villa Las Crisálidas	neighbourhood	-36.6271986	-72.0817981
Población Irene Frei	neighbourhood	-36.6133583	-72.0854198
Población Kennedy	neighbourhood	-36.6033177	-72.0873207
Chillancito	neighbourhood	-36.6062147	-72.0888624
Población Santa Elvira	neighbourhood	-36.5963920	-72.0965716
Población Arturo Prat	neighbourhood	-36.5943042	-72.0951982
Población Zañartu	neighbourhood	-36.6071935	-72.1305637
Población Teniente Merino	neighbourhood	-39.8369556	-73.2159348
Villa Hermosa	neighbourhood	-39.5367277	-72.5097079
Villa La Finca de Jose Domingo	neighbourhood	-34.6478105	-71.1927454
Villa Altos del Martel	neighbourhood	-40.3047255	-73.0642367
Población Ultraestación	neighbourhood	-36.6029303	-72.1152307
El Portal de Alberto	neighbourhood	-37.4492107	-72.3592142
Población El Progreso	neighbourhood	-37.7370921	-72.6195871
Población El Bosque	neighbourhood	-37.7367026	-72.6153766
Parque Población Leon Prado	neighbourhood	-35.8346318	-71.6018845
Villa Nueva Estrella	neighbourhood	-34.9396593	-71.1980552
Villa El Portal	neighbourhood	-34.9689907	-71.2043252
Villa Don Ambrosio	neighbourhood	-34.9885608	-71.2147708
Villa Cataluña	neighbourhood	-34.9750402	-71.2469181
Villa Juan Pablo II	neighbourhood	-34.9641462	-71.2378673
Practicante Segundo Barrera	neighbourhood	-34.9637224	-71.2373893
Valles de Santa Fé	neighbourhood	-34.9617556	-71.2338284
Barrio Holanda	neighbourhood	-33.5964525	-70.5974905
Pichibureo	locality	-37.8293105	-71.9484333
Villa El Alto	neighbourhood	-33.6865625	-71.1927045
Barrio Cerro La Virgen	neighbourhood	-36.8215818	-73.0339640
Barrio Las Delicias	neighbourhood	-36.6292468	-72.0640102
Alonso de Ercilla	neighbourhood	-36.6287281	-72.0665710
Parque Ñuble	neighbourhood	-36.6207573	-72.0744594
Brisas de San Agustín	neighbourhood	-36.6247057	-72.0724846
Cocheca	locality	-39.0687872	-72.5319608
Villa Manquimávida	neighbourhood	-36.9407821	-73.0193255
Villa Albergue	neighbourhood	-18.4860396	-70.3009083
Puente Pando	village	-35.5922730	-71.6029859
Lagunillas	village	-35.6525190	-71.6533900
San Manuel	village	-35.6457121	-71.6358563
Parque Costanera	neighbourhood	-38.7090893	-72.5457341
Parque Alcántara	neighbourhood	-38.7053344	-72.5494623
Villa Portal del Sol	neighbourhood	-39.8517712	-73.2357371
Altos de Mahuiza I	neighbourhood	-39.8484847	-73.2455164
Brisas de Guacamayo	neighbourhood	-39.8507413	-73.2527049
Población Bernardo O'Higgins	neighbourhood	-39.8351969	-73.2123159
San Pablo	neighbourhood	-39.8516644	-73.2207877
Petrohué	neighbourhood	-39.8326980	-73.2129820
Poblacion El Laurel	neighbourhood	-39.8336346	-73.2054040
Villa Austral	neighbourhood	-39.8405399	-73.2014849
Inés de Suárez	neighbourhood	-39.8225902	-73.2091273
Silos de Torobayo	neighbourhood	-39.8327265	-73.2678809
Villa Camino de Luna	neighbourhood	-39.8025447	-73.2077819
Altos del Cruces	neighbourhood	-39.8243718	-73.2757773
Condominio Los Notros de Curiñanco	neighbourhood	-39.8230081	-73.2808601
Loteo Alto San Miguel	neighbourhood	-35.4540892	-71.6147639
Villa Langdon	neighbourhood	-38.7241909	-72.5567687
Barrio Dreves	neighbourhood	-38.7412116	-72.6108689
Villa Montegrande	neighbourhood	-33.5786833	-70.5824919
Condominio Bicentenario del Bosque	neighbourhood	-33.5791216	-70.6685825
Valle Quinta Los Ángeles	neighbourhood	-35.3976127	-71.6271845
Villa Galilea E	neighbourhood	-35.4364517	-71.6940005
Villa Galilea D	neighbourhood	-35.4347559	-71.6882283
Cruce Futacuin	locality	-40.7620524	-72.4429081
Villa Piruco II	neighbourhood	-40.3383282	-72.9409768
Villa el Mirador	neighbourhood	-40.5831431	-73.1409363
Camino a Querquel	village	-35.4842831	-71.7576715
Lo Figueroa	village	-35.4115123	-71.7618048
Condominio Alberto Pohl	neighbourhood	-39.3656581	-72.6090127
Portal del Valle	neighbourhood	-36.7366926	-72.4687283
Población Juan Pablo II	neighbourhood	-36.7394241	-72.4688058
Villa Las Araucarias	neighbourhood	-36.7415460	-72.4681527
Valle Verde	neighbourhood	-36.7385222	-72.4652811
Villa 18 de Septiembre	neighbourhood	-36.7464933	-72.4669918
Santa Margarita	neighbourhood	-29.9636321	-71.3075119
Fundo San Agustín	neighbourhood	-29.9707304	-71.2948066
Condominio Valle La Cantera	neighbourhood	-29.9686857	-71.3126242
Santa Elena de Maipo	neighbourhood	-38.7556782	-72.6499201
Lomas de Recabarren	neighbourhood	-38.7553556	-72.6455406
Villa Magisterio	neighbourhood	-34.5811088	-70.9948370
Población 11 de septiembre	neighbourhood	-34.5805908	-70.9970268
Villa Alicia	neighbourhood	-34.5758447	-70.9909060
Población Ursicinio Peña	neighbourhood	-34.5795297	-70.9906318
Villa Los Manantiales	neighbourhood	-34.5786864	-70.9887607
Caleta Inglés Bajo	neighbourhood	-36.9826677	-73.5289675
Caleta Inglés Alto	neighbourhood	-36.9820249	-73.5326797
Caleta Macaya	neighbourhood	-36.9773924	-73.5289997
Caleta Hernández	neighbourhood	-36.9739597	-73.5274225
Quillaimo	village	-36.1990294	-71.6264632
Toconao	village	-23.1905207	-68.0070405
Villa Cameros	neighbourhood	-40.2591840	-72.5744310
Vicuña Mackenna	village	-28.5139315	-71.0552332
Población Los Paltos	neighbourhood	-32.4482421	-71.2347030
Pedro Nolasco	village	-35.5508560	-71.6378868
El Olivar	village	-35.5634867	-71.5791697
El Arenal	village	-39.7746541	-73.2033742
Codominio Puerta del Sur	neighbourhood	-34.5992940	-70.9865677
Lomas de San Ramón	neighbourhood	-29.9619657	-71.2443770
Cielos del Valle	neighbourhood	-29.9754252	-71.2541240
Padre Hurtado	village	-30.0203799	-71.2644133
Tres Villas	village	-30.0134707	-71.2641478
Triunfo Campesino - San Rafael	village	-30.0095501	-71.2576997
Cruz de Caña	village	-30.0239410	-71.2094001
Población Balmaceda II	neighbourhood	-40.3395223	-72.9480952
Villa Andinos	neighbourhood	-37.0318546	-72.3965923
Villa El Corazón	neighbourhood	-32.7991634	-70.5597806
Villa El Dorado	neighbourhood	-32.8046075	-70.5818515
Villa La Estancia	neighbourhood	-32.8024432	-70.5790722
Villa Los Volcanes	neighbourhood	-32.8042057	-70.5795496
Nantoco	village	-27.5396122	-70.2706092
San José	neighbourhood	-37.4657128	-72.3181272
Villa Independencia	neighbourhood	-36.7616826	-73.0934445
Odessa	village	-35.2178670	-71.2550631
San Gerardo	village	-35.2091058	-71.2542719
Condominio Don Damiano	neighbourhood	-29.9672762	-71.2327192
Juntas	village	-30.7112741	-70.8809325
Villa El Bosque	neighbourhood	-30.7047731	-70.8306009
Puertas Verdes	village	-35.3814456	-72.3862030
San Ramón Sur	village	-35.4161248	-72.3512685
San Ramón	village	-35.4176068	-72.3382276
Villa Unión de Putú	neighbourhood	-35.2167604	-72.2969484
Vaquería	village	-35.6072145	-71.8069947
El Solar de Loncomilla	village	-35.6147769	-71.7799205
Villa Los Aromos	neighbourhood	-36.6114435	-72.2424379
Imperialito	locality	-38.7325795	-73.0596371
Molco Cautín	locality	-38.7788530	-72.7392877
Pichi Chapod	locality	-38.7987311	-72.7122188
Huemul	village	-34.8523426	-70.9694614
La Dehesa Abajo	village	-34.6547658	-71.1156955
Puquillay Alto	village	-34.6734306	-71.1808518
San Gregorio	village	-34.6549103	-71.2581584
Condominio El Mirador del Cerro Grande	neighbourhood	-29.9506390	-71.2258484
El Tambo	village	-34.6083628	-71.3735498
Villa Los Héroes	neighbourhood	-36.8281117	-73.1232122
Las Majadas	village	-34.5014175	-71.3956512
San Rafael	village	-34.5605391	-71.3776696
Valle Hermoso	village	-34.5349321	-71.3333166
El Carmen	neighbourhood	-35.5776390	-71.4814726
Villorio San Manuel	neighbourhood	-33.7082433	-70.5517167
Villa Andrea	neighbourhood	-53.1243858	-70.9465832
Villa Padre Florencio Fernández	neighbourhood	-30.1671410	-71.1814177
Quepiaco	locality	-23.0774053	-67.6011342
Villa Ruka Colimapu	neighbourhood	-36.8908291	-73.1327506
Altos del Mirador	neighbourhood	-29.9863350	-71.3208290
Alto Las Pircas	neighbourhood	-29.9898152	-71.3192278
Villa Hábitat para la Humanidad	neighbourhood	-34.5182074	-71.5865694
La Bomba Oriente	locality	-34.4575241	-71.5331573
Rinconada de Palmilla	village	-34.5164514	-71.4492739
Valencia	neighbourhood	-33.0417418	-71.4675477
Los Chacayes	village	-32.8598638	-70.4335721
Bosque de Mama Piru	locality	-27.1202165	-109.2374332
Quirilluca Sur	locality	-32.7093253	-71.4669771
Villa Terracruz	neighbourhood	-32.8384208	-71.2316313
Población Portales	neighbourhood	-32.8832530	-71.2502201
Villa Rukan	neighbourhood	-33.0054397	-71.4893011
Las Mollacas	locality	-30.7581802	-70.6888704
La Ilusión	village	-35.7335763	-71.8054571
La Conquista	village	-35.9871611	-71.7155207
Población El Pretil	neighbourhood	-35.6440101	-71.2623719
Villa San Juan	neighbourhood	-34.6471812	-70.9881178
Condominio Cordillera	neighbourhood	-33.5633915	-70.7784018
Condominio Los Valles	neighbourhood	-33.5612789	-70.7818328
Condominio Barrio Central	neighbourhood	-33.5621111	-70.7786925
Condominio Barrio Norte	neighbourhood	-33.5606783	-70.7837373
Villa Los Rios	neighbourhood	-40.3427912	-72.9529317
Villa El Rodeo Sur II	neighbourhood	-34.5695723	-71.0015955
Villa El Rodeo Sur	neighbourhood	-34.5679510	-71.0011608
Villa El Rodeo II	neighbourhood	-34.5664326	-71.0006105
Villa El Rodeo	neighbourhood	-34.5672756	-70.9995065
Condominio Los Palacios	neighbourhood	-34.5944914	-70.9947605
Condominio El Arrayán	neighbourhood	-34.5949686	-70.9911068
Población Patria Nueva	neighbourhood	-35.3039937	-71.5141782
Coirón	village	-31.9036530	-70.7782093
Panguecillo	village	-31.8390743	-70.8792669
Asiento Viejo	village	-31.6093212	-71.1289564
Nueva Aurora	village	-30.7149463	-71.2406034
Hare o Mati	locality	-27.1914051	-109.4358015
Ara Horeŋa	locality	-27.1925694	-109.4343746
Ana Tamakia	locality	-27.1919109	-109.4316924
Puku Mariri	locality	-27.1758965	-109.4337845
Hau Koka	locality	-27.1818091	-109.4366276
Ko Te Kope Iti Iti a Mai Taki	locality	-27.1838801	-109.4394279
Vai Hetuke Tuna	locality	-27.1838276	-109.4323254
Vai Hopu Manu	locality	-27.1848393	-109.4314456
Vai Paoaoa	locality	-27.1859272	-109.4304586
Ko Te Maea Hono a Hotu Matu'a	locality	-27.1885088	-109.4254482
Ko Te Hare Te Reiŋa Taki	locality	-27.1874160	-109.4253302
Vai Atare Raro	locality	-27.1897255	-109.4258666
Vai Atare Ruŋa	locality	-27.1907848	-109.4268215
Te Vae Roa	locality	-27.1883036	-109.4291067
Hao Turi	locality	-27.1889430	-109.4290102
Ko Te Toparia	locality	-27.1908325	-109.4309521
Inu Inu	locality	-27.1926744	-109.4383979
Te Maŋa	locality	-27.1909184	-109.4446206
Te Ohiro	locality	-27.1891720	-109.4459725
Pā Iti	locality	-27.1865857	-109.4462836
Pā Nui	locality	-27.1833218	-109.4470883
Rua Reŋo Reŋo	locality	-27.1781585	-109.4497168
Pū Aua	locality	-27.1761446	-109.4489122
Haŋa Poukura	locality	-27.1667143	-109.3814224
Haŋa Parera	locality	-27.1675352	-109.3842495
Haŋa Hemu	locality	-27.1675734	-109.3830907
Ko Te Puna Ŋa Ŋa Ro Poki	locality	-27.1643948	-109.3901503
Papa Atua	locality	-27.1734769	-109.4020593
Ko Te Pahu Auke	locality	-27.1723793	-109.4008523
Ko Te Ihu	locality	-27.1721025	-109.3987280
Motu Hitara	locality	-27.1709285	-109.3976444
Ko Te Puna Ariki Tuu	locality	-27.1693965	-109.3981218
Ko Te Aheru	locality	-27.1687808	-109.3985295
Ko Te Kitoŋa	locality	-27.1676402	-109.3952894
Ko Te Moai a Umu	locality	-27.1688142	-109.3944740
Ko Te O'one Tea	locality	-27.1687904	-109.3916953
Haŋa Hahave	locality	-27.1691006	-109.3903810
Motu O'oki	locality	-27.1698928	-109.3893135
Papa Taŋaroa a Hiro	locality	-27.1699119	-109.3889540
Koreha Viri Viri Ŋao	locality	-27.1684897	-109.3874306
Ko Te Ka Reva Reva	locality	-27.1613879	-109.3879616
Manavai Tokerau	locality	-27.1508394	-109.4015229
Vai Puku Puku	locality	-27.1559706	-109.4013459
Ko Te Pei	locality	-27.1544480	-109.3837345
Puku Rau Tea	locality	-27.1598081	-109.3900135
Vai a Ori	locality	-27.1598129	-109.3920815
Vai Pikea Uri	neighbourhood	-27.1508872	-109.4223073
Renga Marere	neighbourhood	-27.1497416	-109.4216073
Ana o Rohi	neighbourhood	-27.1492177	-109.4190471
Ko Te He Hatu Mata'a	locality	-27.1670961	-109.4092691
Ko Te Haka Pa	locality	-27.1599656	-109.4038296
Riu o Hatu	locality	-27.1589227	-109.4050419
Hare o Vara Vara	neighbourhood	-27.1448440	-109.4057232
Vai Koka	neighbourhood	-27.1456269	-109.4068658
Kai Heke	neighbourhood	-27.1447342	-109.4078314
Ivi Hati	neighbourhood	-27.1457605	-109.4093764
Ko Te Reŋa Heva	neighbourhood	-27.1450636	-109.4158995
Vai Hiri Hoŋo	neighbourhood	-27.1467525	-109.4259844
Puku Uhi	neighbourhood	-27.1478938	-109.4241175
Maku'u	neighbourhood	-27.1468136	-109.4245346
Ko Te Matahi	neighbourhood	-27.1447963	-109.4219399
Mara Nui	neighbourhood	-27.1449395	-109.4193059
Maea Puhi Maŋo	neighbourhood	-27.1474837	-109.4190109
Ara Piki Iti	neighbourhood	-27.1476675	-109.4168410
Mati Haoŋa	neighbourhood	-27.1462283	-109.4140756
Papa Mana Manana	neighbourhood	-27.1469443	-109.4117797
Ko Te Tako Tako	neighbourhood	-27.1483764	-109.4156528
Manika	neighbourhood	-27.1507440	-109.4156635
Ara Piki Nui	neighbourhood	-27.1494265	-109.4158781
Moa Te Eru Eru	neighbourhood	-27.1526724	-109.4111788
Kanina	neighbourhood	-27.1520137	-109.4085503
Toromiro Para	locality	-27.1534265	-109.4065869
Kai Rarapa	locality	-27.1544957	-109.4098646
Tamaria	locality	-27.1562856	-109.4104493
Ko Karava Taoraha	locality	-27.1568059	-109.4112271
Ko Umi	neighbourhood	-27.1592735	-109.4170743
Ko Te Vai a Mata Tu'u Kava	neighbourhood	-27.1579944	-109.4198182
Vai Honu	neighbourhood	-27.1541521	-109.4217843
Ko Te Vai Ahina Pera	neighbourhood	-27.1534027	-109.4244504
Ko Te Hanau Tama	neighbourhood	-27.1526449	-109.4248541
Ko Puku Veveka	neighbourhood	-27.1517487	-109.4222590
Romo	locality	-27.1485850	-109.3362740
Ko Te Ra'ai	neighbourhood	-27.1557749	-109.4170368
Puhi Taŋi Taŋi	neighbourhood	-27.1550542	-109.4155616
Tararaina	neighbourhood	-27.1540184	-109.4115382
Ko Ana Kio	locality	-27.1653875	-109.4252122
Ahu Piki Raŋi	neighbourhood	-27.1547821	-109.4233132
Bellavista	locality	-31.6751057	-71.2420871
Agua del Carmen	locality	-30.7760553	-71.0603079
Huatulame	village	-30.8379787	-70.9786642
El Tomé Alto	village	-30.8164986	-70.9748769
Carachilla	village	-30.6706966	-71.0762751
Conjunto habitacional Premio nobel de literatura	neighbourhood	-32.8887602	-71.2555950
Villa Los Alcaldes	neighbourhood	-40.4094378	-73.0143114
La Arboleda	neighbourhood	-29.9194070	-71.2306214
Senda Sur	village	-41.4297726	-72.8790629
Reinoso	village	-32.7859667	-70.8956230
Santa Margarita	village	-32.7745064	-70.9334903
Comunidad Los Álamos	neighbourhood	-35.2432875	-71.9829039
Ahu Moroki	locality	-27.1279730	-109.3757093
Puku Ŋa Aha Aha	locality	-27.1385905	-109.3719757
Hare Uri	locality	-27.1250033	-109.3577868
Vae o Te Tahiri	locality	-27.1229121	-109.3581677
Te He Ruru o Te Patiri	locality	-27.1174882	-109.3452931
Ma'uŋa Roa	locality	-27.1338356	-109.3524170
Vai Rou	locality	-27.1420419	-109.3672013
Ko Te Miro O'one	locality	-27.1428152	-109.3671557
Te Kohu Uri	locality	-27.1395166	-109.3650287
Te Reva Reva	locality	-27.1353060	-109.3628025
Vai Kirea	neighbourhood	-27.1324893	-109.4045001
Ti'i Ti'i	locality	-27.1220718	-109.4033575
Ma'ea Mahoru	locality	-27.1229217	-109.4004661
Vai Roa	locality	-27.1275242	-109.4020593
Puku Hanie	neighbourhood	-27.1259582	-109.3937981
Vai Tata Kokoma	locality	-27.1259678	-109.3816745
Puku Purei	locality	-27.1412685	-109.3821091
Ahu o Hei Para	locality	-27.1446053	-109.3830049
Puku Raŋi Uka	locality	-27.1455409	-109.4018018
Vai Raŋa	neighbourhood	-27.1416457	-109.4057608
Vai Vera Vera	neighbourhood	-27.1372060	-109.4044626
Puha	locality	-27.1485387	-109.3938840
Ma'ea Makohe	neighbourhood	-27.1393829	-109.3905312
Manavai Kauha	locality	-27.1354397	-109.3869102
Puku Toa	locality	-27.1457772	-109.3793625
Villa Los Aromos	neighbourhood	-35.8368405	-71.5990767
Población Schneider	neighbourhood	-35.8349667	-71.5980880
Las Torres	suburb	-29.9806625	-71.3347884
Villa San Francisco	neighbourhood	-29.9827196	-71.3317882
Villa Dominante	neighbourhood	-29.9656718	-71.3345991
Villa Los Canelos	neighbourhood	-29.9590669	-71.2649265
Villa Militar Bernardo O'Higgins	neighbourhood	-36.6026522	-72.0800938
Población Monte Alegre	neighbourhood	-41.3250115	-72.9874996
Villa Jardines del Sur	neighbourhood	-36.6303891	-72.1003680
El Roto Chileno	village	-33.6627075	-70.8361931
Sargento Candelaria	village	-33.5878510	-71.2172412
El Pimiento	village	-33.5732638	-70.9822261
Santa Teresa	village	-33.5784438	-71.0171163
Santa Victoria	village	-33.5848614	-71.0531652
Santa Clara	village	-33.5815142	-71.0834420
Hermanos Carrera	village	-33.6056484	-71.1083436
San Ramón	village	-33.5682198	-71.1697609
Los Pinos	neighbourhood	-32.9593015	-71.5353661
Chacabuco	village	-33.0285624	-70.6907886
La Peña	village	-32.7429252	-71.1687059
Villa Santa Isabel	neighbourhood	-32.6972223	-71.1889324
Hacienda Alhué	village	-34.0374889	-71.2244726
Ignacio Carrera Pinto	village	-34.0288422	-71.0878086
El Bolsón	locality	-35.4968584	-70.9042452
Santa Carmen	village	-35.0385386	-71.4520070
Villa Lautaro	neighbourhood	-35.0042548	-71.3770653
Villorio Valle Alto Los Corrales	neighbourhood	-33.7282620	-70.5518485
Santa Rosa	village	-33.6576663	-71.2772893
Tocornal Oriente	village	-32.7831991	-70.6451153
Las Golondrinas	village	-32.7694020	-70.5878126
El Higueral	village	-32.7812418	-70.5687153
Estancia El Sauce	neighbourhood	-30.0067978	-71.3299442
18 de Septiembre	village	-32.6627397	-70.7178462
La Orilla	village	-32.6553240	-70.6947148
Las Compuertas	village	-32.6517875	-70.7416427
Calle El Río	village	-32.7148042	-70.7485199
Bellavista	village	-32.7224452	-70.7739365
El Mirador	village	-32.7978268	-70.8861816
El Escorial	village	-32.7430901	-70.7848585
Valle Alegre	village	-32.8575123	-70.6624424
Pinares de Curauma	neighbourhood	-33.1384850	-71.5669378
Población Favio Flores	neighbourhood	-36.6087455	-72.1211862
Carlos Ibáñez del Campo	neighbourhood	-36.6081255	-72.1166654
Villa Esmeralda	neighbourhood	-36.6004811	-72.1178625
Villa Don Martin	neighbourhood	-36.5990768	-72.1176555
Villa Paraíso	neighbourhood	-36.5971260	-72.1156829
Villa Martín Ruiz de Gamboa	neighbourhood	-36.6255136	-72.0906395
Villa Abel Jarpa	neighbourhood	-36.6264990	-72.0881858
Villa Robinson Ramírez	neighbourhood	-36.6290719	-72.1019232
Villa Circunvalación Centro	neighbourhood	-34.5739959	-70.9981992
Villa Nativa	neighbourhood	-34.5702385	-70.9979389
Villa San José	neighbourhood	-34.5695908	-70.9984016
Villa Los Maitenes	neighbourhood	-37.4512717	-72.5898560
Villa Futuro	neighbourhood	-37.4046641	-72.6128434
Santa Elena	neighbourhood	-37.1246190	-72.0196080
Galilea G	neighbourhood	-34.1805945	-70.7784060
El Emboque	village	-36.6337345	-72.0214500
Altos de Tuqui	neighbourhood	-30.5711239	-71.1831376
Colina El Pino	neighbourhood	-29.9146229	-71.2366510
Los Cristales	village	-34.9838308	-71.1824825
Pedro de Valdivia	village	-37.7751045	-73.3773435
Quillaitún	neighbourhood	-37.6265451	-73.4314692
Natales Oriente	neighbourhood	-51.7295251	-72.4738605
Caupolicán	village	-38.0025588	-73.0160554
Pidilhuín	locality	-38.6999842	-72.4753958
Llamuco	locality	-38.6862174	-72.4611479
Arquenco	locality	-38.7196248	-72.3946935
Los Cántaros	neighbourhood	-38.6882122	-72.5326749
Las Mariposas	neighbourhood	-38.6929012	-72.5470631
Malpichahue	locality	-38.5055734	-72.4887639
Villa Paradero	neighbourhood	-35.4438853	-71.6843401
Villa Don Sebastián	neighbourhood	-35.5256800	-71.6911197
Villa Los Volcanes	neighbourhood	-41.8761474	-73.8118651
Ibulmahuida	locality	-38.7323037	-72.4740896
Quilaco	locality	-38.7379444	-72.4599275
Rahue	locality	-38.7308307	-72.4256811
Villa Carmen de Las Rosas	village	-38.7714767	-72.8007102
Villa Quepe	neighbourhood	-38.8635426	-72.6176816
Población Padre Humberto Toro	neighbourhood	-38.8611993	-72.6080954
Villa La Esperanza	neighbourhood	-38.8719650	-72.6058424
Villa Illinois	village	-36.5441390	-72.0857561
Alto Huilquilemu	neighbourhood	-35.4638561	-71.5656762
Los Magnolios	neighbourhood	-33.7203134	-70.5422351
Los Quillayes	neighbourhood	-33.7168241	-70.5457971
Santa Sofía	neighbourhood	-33.5935594	-70.7787460
San Ignacio	village	-33.5996738	-70.7855920
Las Aralias	neighbourhood	-33.5916442	-70.8125536
Cóndores	neighbourhood	-33.2691735	-70.6532478
El Nocedal	neighbourhood	-33.6070166	-70.3488962
Población Militar	neighbourhood	-33.6050820	-70.3506396
Maica	locality	-37.8990089	-72.2920587
Cuesta Esperanza	locality	-37.8398625	-72.3889906
Colonia Pehuenco	locality	-38.3410356	-72.0124626
El Santuario de Peñuelas	neighbourhood	-29.9593410	-71.2901817
Altos del Rosario	neighbourhood	-29.9696665	-71.2905343
Cuesta La Z	locality	-38.0622884	-71.3530247
Villa La Maestranza de San Bernardo	neighbourhood	-33.6070160	-70.6944569
Las Brisas de Quintero	neighbourhood	-32.7952507	-71.5275346
Villa Cruz Roja	neighbourhood	-34.7236368	-71.6387202
Población Bernardo O'Higgins	neighbourhood	-36.7537377	-72.2973406
Villa El Olivo	neighbourhood	-34.5828709	-70.9937374
Llavería	village	-33.7326547	-70.9602897
San Vicente de Naltagua	village	-33.7281242	-70.9881123
El Paico Alto	village	-33.6612685	-71.0462612
Altos del Maitén	neighbourhood	-33.6784018	-71.1756687
Villa Fátima	neighbourhood	-37.2749469	-71.9557741
Curaco	locality	-38.7572668	-72.4839896
Membrillar	locality	-38.7444985	-72.4734110
Collirahue	locality	-38.7563297	-72.5198669
Reducción Truftruf	locality	-38.7535854	-72.5363464
Villa Magisterio	neighbourhood	-34.0131049	-70.6609135
Piedra Alta	locality	-38.9126912	-73.3404672
Traguatragua	locality	-38.8904608	-73.3518343
Puaucho	locality	-38.9342763	-73.3279037
Laguepulli	locality	-38.9459675	-73.2770920
El Resplandor	neighbourhood	-39.0827975	-73.1932247
Ninquilco	locality	-38.8136633	-73.3405208
Puerto Saavedra Alto	neighbourhood	-38.8024268	-73.3905601
Paso Río Jeinemeni	locality	-46.5845002	-71.6613927
Paso Laurita – Casas Viejas	locality	-51.6846780	-72.2986946
Jardines del Sur	neighbourhood	-20.2661634	-70.1273183
Condominio Tres Mares	neighbourhood	-20.2682838	-70.1270842
Portal Puerto Montt	neighbourhood	-41.4493681	-72.9595113
Paso Río Mosco	locality	-48.4837042	-72.5601416
Fundo MIrador	neighbourhood	-40.1361806	-72.3689274
Punta Diamante	locality	-42.4720393	-73.7641617
Población Los Poetas I	neighbourhood	-41.7610485	-73.1450956
Villa Hacienda Santa María de Labranza	neighbourhood	-38.7675232	-72.7713042
El Olivar	neighbourhood	-29.9778857	-71.3302623
Villa Francisco Ruiz	neighbourhood	-34.4024403	-70.8580317
Población Calicanto 2	neighbourhood	-34.4036576	-70.8594656
Población Calicanto 1	neighbourhood	-34.4054097	-70.8605270
Población Valentín Letelier	neighbourhood	-34.4034360	-70.8505006
Condominio Los Araucanos	neighbourhood	-33.5074149	-70.7868443
Santa María	neighbourhood	-36.5818491	-72.0683277
Boyén Grande	neighbourhood	-36.6336012	-72.0771897
Villa Doña Violeta	neighbourhood	-36.6302999	-72.0508576
Villa Gahete	neighbourhood	-38.7311881	-72.9515147
Chinofcue	locality	-38.6981043	-72.8716708
Texas	village	-41.7559366	-73.1526572
Las Praderas	neighbourhood	-35.8286483	-71.5891414
Palmilla	village	-35.8082602	-71.7391563
Condominio Mirador de Panitao	neighbourhood	-41.5360731	-73.0473018
El Tepual	village	-41.4245739	-73.0978507
Dos Esteros	neighbourhood	-41.4833549	-72.8916958
La Playa	village	-33.2437978	-71.4510924
Villa La Higuera	neighbourhood	-34.5865089	-70.9934613
Caleta Grande	neighbourhood	-36.5931391	-72.9770893
Caleta Chica	neighbourhood	-36.5967397	-72.9762202
Valle Noble	neighbourhood	-36.8173587	-73.0012201
Población El Cristo	neighbourhood	-32.8588346	-70.6232547
Villa San José	neighbourhood	-32.8583387	-70.6280091
Isla Teja	suburb	-39.8106067	-73.2582411
Collico	suburb	-39.8066355	-73.2081858
Villa Peninsula de Lacuy	neighbourhood	-41.8784178	-73.8138002
Jardines de Pinamar	neighbourhood	-29.8864735	-71.2471076
Villa Miramar	neighbourhood	-36.8487529	-73.0993160
El Olivar	neighbourhood	-33.3554897	-71.6487336
Aguas Buenas	village	-33.5633900	-71.5623665
Miraflores	suburb	-33.0262825	-71.5201754
Reñaca Alto	suburb	-32.9967956	-71.4883698
Tabolango	village	-32.9285352	-71.3684321
Perla del Maule 1	neighbourhood	-35.3447428	-72.4226974
Loteo La Cantera	neighbourhood	-29.9764628	-71.2991967
Población Cóndores de Chile	neighbourhood	-34.6471866	-71.2010100
Santa Isabel	village	-36.1132062	-71.7584415
Conjunto Raíces de Alerce 1	neighbourhood	-41.3936943	-72.9092731
Conjunto Habitacional Padre Wallisfruth	neighbourhood	-41.3948804	-72.9086543
Villa Las Almendras	neighbourhood	-36.6092757	-72.1235143
Villa Suyai	neighbourhood	-42.3708441	-73.6520868
Paso del Vuelto	locality	-49.8219239	-73.8504492
Condominio La Masia	neighbourhood	-33.8028861	-70.6545258
Cuesta El Portillo	locality	-35.4149610	-71.0574466
Condominio Los Corrales	neighbourhood	-33.2214812	-70.6864728
Población Los Jara	neighbourhood	-35.8171449	-72.5837446
Poste 4	neighbourhood	-39.8557391	-73.1907909
Santa Josefina	neighbourhood	-36.9639520	-72.9295207
Villa Futuro 2001	neighbourhood	-34.6956575	-71.0308652
Villa Doña Martina	neighbourhood	-34.7059792	-71.0388898
Villa Miraflores	neighbourhood	-34.7049443	-71.0420777
Población Las Palmas II	neighbourhood	-33.0576075	-71.5597236
Población La Laguna	neighbourhood	-33.0562738	-71.5687415
Lomas del Parque	neighbourhood	-33.0593154	-71.5596378
Población Las Palmas I	neighbourhood	-33.0583831	-71.5610237
Población Dr. Israel Roizblatt Stramwasser	neighbourhood	-33.0565095	-71.5625997
Población Las Palmas II Bajo	neighbourhood	-33.0580282	-71.5644516
Nueva Aurora	suburb	-33.0454899	-71.5652177
Irene Frei	neighbourhood	-33.0474595	-71.5573116
Borinquen	neighbourhood	-33.0483436	-71.5663939
Cabrales	neighbourhood	-33.0530373	-71.5647316
Héroes del Mar	neighbourhood	-33.0535910	-71.5612342
La Isla	neighbourhood	-33.0542998	-71.5655998
El Esfuerzo	neighbourhood	-33.0523956	-71.5702903
María Eislers	neighbourhood	-33.0447095	-71.5839401
Cincel	neighbourhood	-33.0479675	-71.5811880
La Puntilla	neighbourhood	-33.0362628	-71.5975700
Villa Moderna	neighbourhood	-33.0281388	-71.5725115
Barrio Recreo	neighbourhood	-33.0299095	-71.5807535
Población Santa María	neighbourhood	-33.0334266	-71.5722841
Población Los Mayos	neighbourhood	-33.0382837	-71.5799119
Población Villa Londres	neighbourhood	-33.0370456	-71.5773233
Población Villa América	neighbourhood	-33.0420425	-71.5768507
Deportes Recreo	neighbourhood	-33.0370033	-71.5732205
Villa Ferroviaria	neighbourhood	-33.0326256	-71.5629831
Población Las Colinas	neighbourhood	-33.0287146	-71.5584389
Empart	neighbourhood	-33.0298262	-71.5564521
Villa Real	neighbourhood	-33.0453105	-71.5718935
Población Básica	neighbourhood	-33.0588291	-71.5710660
La Planchada	neighbourhood	-33.0589937	-71.5798035
Villa Rapa Nui	neighbourhood	-33.0627197	-71.5780363
Almendral	suburb	-33.0468741	-71.6129442
Población Bueras	neighbourhood	-33.0275220	-71.6345345
Pacífico	neighbourhood	-33.0328538	-71.6411978
Población Marina Mercante	neighbourhood	-33.0346876	-71.6430714
Villa Dulce Norte	neighbourhood	-33.0317654	-71.5068401
Ampliación Villa Dulce	neighbourhood	-33.0252630	-71.5073170
Población Lourdes	neighbourhood	-33.0382166	-71.5593945
Población Las Brisas	neighbourhood	-33.0343544	-71.5631995
Villa Vista Mar	neighbourhood	-33.0341856	-71.5664535
Jardines de Agua Santa	neighbourhood	-33.0368685	-71.5668316
Las Torres	neighbourhood	-33.0473421	-71.5390042
Población Puerto Aysén	neighbourhood	-33.0533138	-71.5321870
Villa René Schneider	neighbourhood	-33.0476711	-71.5314111
Cardenal Caro	neighbourhood	-33.0393391	-71.5344822
Lomas de Chorrillos	neighbourhood	-33.0410843	-71.5283687
Lusitania	neighbourhood	-33.0343333	-71.5301574
Quinta Claude	neighbourhood	-33.0314791	-71.5364267
Remodelación Balmaceda	neighbourhood	-33.0373424	-71.5989206
Población Caleta Abarca	neighbourhood	-33.0251811	-71.5676025
Población Vista Mar	neighbourhood	-33.0286847	-71.5677888
Campamento Manuel Bustos	neighbourhood	-33.0164946	-71.4874508
Los Almendros B	neighbourhood	-33.0190282	-71.4973157
Villa Independencia	neighbourhood	-33.0211444	-71.4911706
Villa Arauco	neighbourhood	-33.0241774	-71.4915630
Lomas Latorre	neighbourhood	-33.0146198	-71.4957359
Población Angamos	neighbourhood	-33.0103396	-71.4968106
Los Alelies	neighbourhood	-33.0023146	-71.4967331
Villa Naval	neighbourhood	-33.0028156	-71.5368945
Población Británica	neighbourhood	-33.0046808	-71.5407271
Villa Santa Lucía	neighbourhood	-32.9856831	-71.5261767
Primer Sector Gómez Carreño	neighbourhood	-32.9990357	-71.5161607
Segundo Sector Gómez Carreño	neighbourhood	-32.9955245	-71.5195050
Tercer Sector Gómez Carreño	neighbourhood	-32.9936119	-71.5212626
Cuarto Sector Gómez Carreño	neighbourhood	-32.9910594	-71.5245079
Población COPIVEM	neighbourhood	-32.9947604	-71.5129203
Placeres	suburb	-33.0471600	-71.5784124
Valle Verde	neighbourhood	-33.0561150	-71.6438199
Joaquín Lepeley	neighbourhood	-33.0585069	-71.6405798
El Molino	neighbourhood	-33.0531476	-71.6465665
Tercer Sector	neighbourhood	-33.0506836	-71.6485192
Cuarto Sector	neighbourhood	-33.0469964	-71.6489269
Quinto Sector	neighbourhood	-33.0482015	-71.6527463
Porvenir Bajo	neighbourhood	-33.0337035	-71.6519095
Primer Sector	neighbourhood	-33.0404492	-71.6532398
Segundo Sector	neighbourhood	-33.0447301	-71.6521670
Pueblo Hundido	neighbourhood	-33.0607868	-71.6411215
La Copa	neighbourhood	-33.0613730	-71.6386025
Campamento Violeta Parra	neighbourhood	-33.0588174	-71.6314070
Mesana	neighbourhood	-33.0652337	-71.6276738
Manuel Rodríguez	neighbourhood	-33.0641538	-71.6209086
El Vergel	neighbourhood	-33.0695374	-71.6108460
San Jorge	neighbourhood	-33.0662818	-71.5904745
Santiago Ferrari	neighbourhood	-33.0496390	-71.5613603
Villa Monte	neighbourhood	-33.0464240	-71.5599259
Los Almendros A	neighbourhood	-33.0180588	-71.5035453
Población Empleados Públicos	neighbourhood	-33.0144803	-71.5061394
Caupolicán	neighbourhood	-33.0026071	-71.5135366
La Parva	neighbourhood	-33.0074492	-71.5148085
Santa Julia Norte	neighbourhood	-33.0003505	-71.5065320
Villa Oriente	neighbourhood	-32.9982677	-71.5082056
Campamento Manuel Bustos II	neighbourhood	-33.0206413	-71.4867358
Villa Hermosa	neighbourhood	-33.0317811	-71.4849287
Las Torres	neighbourhood	-33.0263634	-71.4788646
Esperanza	neighbourhood	-33.0588427	-71.5572240
Villa Oriente	neighbourhood	-34.7079188	-71.0374256
Villa Campanario	neighbourhood	-34.7012846	-71.0390635
El Madrigal	neighbourhood	-36.8858037	-73.0622953
Las Delicias Alto	village	-37.5419657	-72.2908115
Villa Francisco Romero Alquinta	neighbourhood	-30.0284770	-70.7125280
Villa Cerro Cordón	neighbourhood	-45.4188507	-72.6847544
Villa Alico	neighbourhood	-36.5515710	-71.5616679
San Alberto	village	-35.0201969	-71.2169718
Liguai	neighbourhood	-33.8461818	-70.6358673
Villa Francia	neighbourhood	-34.6546982	-71.2005235
Villa El Prado	neighbourhood	-38.7380671	-72.6374580
Villa Nuestra Señora de La Merced	neighbourhood	-34.7079301	-71.0448517
Calle Chépica	village	-32.8773526	-71.1004257
Santa Rosa	village	-32.8769562	-70.9542561
El Porvenir	village	-32.8674045	-70.9502650
Los Loros	village	-32.8600689	-70.8954835
Santa Fe	neighbourhood	-33.5937315	-70.8092856
Punta El Olivo	village	-32.7161537	-70.7437349
Trancalco	village	-37.6465038	-73.5989936
Bajo de Hielo	locality	-36.4826229	-71.5801765
Reducción Paillao	locality	-38.7291793	-72.7232266
Reducción Tranalhue	locality	-38.7119357	-72.7776003
Villa Logroño	neighbourhood	-33.6786133	-71.1908990
La Vinilla Norte	village	-33.3607320	-71.3020206
Villa España	neighbourhood	-45.3966385	-72.6768671
Cuesta de la Barra	neighbourhood	-39.9515396	-73.1002676
Cuesta 0	neighbourhood	-39.9971056	-73.0650458
Las Terrazas de Quinquelles	neighbourhood	-32.2987816	-71.4678032
Las Rocas de Quinquelles	neighbourhood	-32.2909119	-71.4735593
Las Encinas	neighbourhood	-29.9684745	-71.3205363
Loteo Doña Rosita	neighbourhood	-29.9665867	-71.3049927
Baltazar Castro	neighbourhood	-34.1568891	-70.7098066
Villa Cuarto Centenario	neighbourhood	-36.5923403	-72.0991076
Portal del Sol	neighbourhood	-36.5915790	-72.1015135
Villa Ferrocar	neighbourhood	-36.5958925	-72.1038390
Población Ferretera	neighbourhood	-36.5941654	-72.1060491
Los Aucanes	neighbourhood	-39.8449016	-73.2004392
Santa Elena	village	-37.3516020	-72.5340833
Chacayal Sur	village	-37.4511155	-72.1412087
Villa Germania	neighbourhood	-33.0472570	-71.3557184
Villa Valle del Elqui	neighbourhood	-33.5811164	-70.6025652
Sector Colo Colo	neighbourhood	-32.4351104	-71.2149200
Villa Alegre	neighbourhood	-32.8956219	-71.2687893
Las Viñas	neighbourhood	-32.8961219	-71.2663244
Paso de Uspallata	locality	-32.8249433	-70.0713017
Altos de Serrano	neighbourhood	-32.8702713	-71.2449626
Los Molles	neighbourhood	-33.4994694	-71.5984320
Cruzaco	locality	-38.7748716	-71.2292040
Amanecer del Valle	neighbourhood	-32.8915343	-71.2719592
Villa Santa Elsa	neighbourhood	-33.4952192	-71.6227059
Villa Enrique Neiman	neighbourhood	-34.5988195	-70.9796075
Villa Colunquen	neighbourhood	-32.8371166	-70.6912571
El Patagual	neighbourhood	-32.8317894	-70.6908569
Villa Mirador	neighbourhood	-32.8363276	-70.6807619
Villa Renacer	neighbourhood	-32.8359715	-70.6818348
Casa Gringo	locality	-54.8027734	-68.9630381
Población Alonso de Rivera	neighbourhood	-37.4936114	-72.6897793
Villa Alegre	neighbourhood	-37.4982604	-72.6761966
Población Las Pozas	neighbourhood	-37.5052782	-72.6869471
Villa Los Jardines	neighbourhood	-34.9830868	-71.7874529
El Manantial	neighbourhood	-34.9791663	-71.7859166
Santa Rosa	neighbourhood	-34.9895823	-71.7692182
Población Los Ciervos	neighbourhood	-45.5844761	-72.0276439
Población Santa Anita	neighbourhood	-32.4349907	-71.2103231
Puerto Lago Christie	locality	-48.1803924	-72.3905996
Villa El Porvenir	neighbourhood	-34.9850026	-71.7794844
Punta del Este	neighbourhood	-36.8633274	-73.0435180
Lonco Ray	neighbourhood	-36.8655628	-73.0382713
Condominio Los Lingues Machalí	neighbourhood	-34.1676881	-70.6514487
Villa La Playa de Marga Marga	neighbourhood	-33.0722714	-71.3684274
Puesto Límite	locality	-52.0793166	-70.3202447
Puesto La Vega Vieja	locality	-52.2899371	-70.5316384
Villa El Esfuerzo	neighbourhood	-32.8489355	-70.6969485
Villa San José de Casuto	neighbourhood	-32.8532194	-70.6934563
Centro Cívico Juan Antonio Ríos	neighbourhood	-33.4189712	-70.6716752
Villa Los Abedules	neighbourhood	-34.4048969	-70.8475777
Villa El Romeral	neighbourhood	-34.4064346	-70.8531036
Hacienda Los Montes	neighbourhood	-34.4007492	-70.8474593
Villa Esperanza	neighbourhood	-34.3853569	-70.8496803
Población Bernardo O'Higgins	neighbourhood	-45.5828693	-72.0701623
Población Ampliación Antonio Ronchi	neighbourhood	-45.5848365	-72.0252943
Villa Cordillera	neighbourhood	-32.7424090	-70.7097884
Portal de Aconcagua	neighbourhood	-32.7459284	-70.7089052
Condominio Los Bellotos	neighbourhood	-33.4064158	-70.5099257
Condominio Los Arrayanes	neighbourhood	-33.4055572	-70.5104619
Condominio Los Algarrobos	neighbourhood	-33.4046864	-70.5110790
Puerto Italiano	locality	-45.3686999	-74.0922690
Pampa Pilmaiquén	locality	-39.9369227	-71.9027230
Jardines de Rengo	neighbourhood	-34.4103878	-70.8666490
Villa Portones de Rengo	neighbourhood	-34.4136347	-70.8673710
Altos de Coronel	neighbourhood	-37.0250570	-73.1374976
Villa Santa Emiliana	neighbourhood	-34.6518859	-71.1878471
Población Neandro Schilling	neighbourhood	-34.5883203	-70.9954556
Brisas de Palomares	neighbourhood	-36.8228844	-72.9944785
Población Clotario Blest	neighbourhood	-37.4883911	-72.6878710
Los Nogales	neighbourhood	-33.2118888	-70.7258088
Villa Inmaculada Concepción	neighbourhood	-34.9849025	-71.7876975
Laguna Bahía	neighbourhood	-33.3521671	-71.6455989
Villa El Loa	neighbourhood	-33.6992266	-71.0548198
La Balsa	neighbourhood	-36.5642589	-71.5508559
Villa Las Rosas	neighbourhood	-34.6480682	-71.1978635
Villa Jardines del Sol	neighbourhood	-34.6459687	-71.1954880
Villa Andrés Bello	neighbourhood	-34.6452654	-71.1934210
Población Héroes de la Concepción	neighbourhood	-34.6506765	-71.1964313
Población José María Caro	neighbourhood	-34.6517489	-71.1964088
Poblacion Carlos Iribarnes	neighbourhood	-34.6503416	-71.1906204
Villa Los Jardines	neighbourhood	-32.8520457	-70.6259744
Los Mañios	neighbourhood	-40.1234626	-72.3836521
Población El Bosque	neighbourhood	-40.1219546	-72.3876779
El Peumo	neighbourhood	-33.0629699	-71.3690443
Mirador Sol de Ovalle	neighbourhood	-30.6160448	-71.2159461
Villa Los Caciques	neighbourhood	-41.4639566	-72.9713509
Villa Los Poetas	neighbourhood	-33.6977134	-71.0536400
Población Vicente Martínez	neighbourhood	-33.0485273	-71.3872907
Puerto Paredes	locality	-55.0912951	-70.6829667
Puerto Chico	locality	-55.0949804	-70.6184489
Caleta Buen Refugio	locality	-52.8368656	-74.5769549
Dragones Norte	neighbourhood	-34.9920503	-71.2459560
Villa Patricia Poblete	neighbourhood	-34.9931842	-71.2564381
Dragones Centro	neighbourhood	-34.9965152	-71.2457946
Dragones Sur	neighbourhood	-34.9993891	-71.2460199
Villa Salvador Allende	neighbourhood	-34.6581813	-71.2011870
Fundo Santa Carolina	locality	-33.1881069	-70.8074273
Punta Segunda	locality	-52.0903445	-73.0960322
Punta Barranco	locality	-52.0912542	-73.0981565
Punta Kirke Sur	locality	-52.1010223	-73.1206656
Punta Boca	locality	-52.0864551	-73.1099367
Punta Benitez	locality	-52.0780686	-73.0815268
Punta Alta	locality	-52.0853343	-73.0825568
Punta Seca	locality	-52.0784246	-73.0581809
Punta Cono	locality	-52.0730965	-73.0480099
Punta Pasaje	locality	-52.0665807	-73.0327750
Punta Medio	locality	-52.0650241	-73.0254364
Punta Escoben	locality	-52.0557891	-73.0198574
Caleta Zorro	locality	-52.0656045	-73.0105019
Punta Entrada	locality	-52.0601958	-73.0033779
Punta Restinga	locality	-52.0598330	-73.0099654
Angostura Kirke	locality	-52.0584312	-73.0102873
Villa El Sol	neighbourhood	-41.4576894	-73.0090504
Cardonal Bajo	neighbourhood	-41.4631219	-73.0127116
Parcelación Cooperativa Lagunitas	neighbourhood	-41.4346911	-73.0318460
Condominio Magallanes	neighbourhood	-33.5675287	-70.7771724
Condominio Barrio Austral	neighbourhood	-33.5650253	-70.7756934
Condominio Madreselva	neighbourhood	-33.5533598	-70.7931796
Condominio Cousiño Macul	neighbourhood	-33.4905606	-70.5678770
Villa Allipén	neighbourhood	-38.7325795	-72.5728383
Villa El Molino	neighbourhood	-34.6486106	-71.2033361
Villa Las Araucarias	neighbourhood	-36.8420708	-73.1082110
Villa Las Araucarias II	neighbourhood	-36.8432857	-73.1067734
Villa Los Pensamientos	neighbourhood	-36.8336255	-73.1027465
Villa España	neighbourhood	-32.8888219	-71.2497864
Villa Araucaria	neighbourhood	-37.6627220	-72.0259110
Villa Los Jardines	neighbourhood	-37.6636550	-72.0217603
Valles de Chile	neighbourhood	-37.6614551	-72.0220269
Villa Los Poetas	neighbourhood	-37.6620103	-72.0206423
Claudio Arrau	neighbourhood	-37.6660435	-72.0302699
Alaska	neighbourhood	-37.6682062	-72.0273800
4 de Julio	neighbourhood	-37.6662957	-72.0168323
Villa Recreo III	neighbourhood	-34.1528072	-70.7324968
Las Tucapeles	neighbourhood	-18.4951011	-70.3005915
Barrio Italia	neighbourhood	-33.4484581	-70.6245307
Ciudad de Los Llanos I	neighbourhood	-29.8739819	-71.2234740
Santa Helena	neighbourhood	-39.8495729	-73.2128347
Hibiscus de Cisternas	neighbourhood	-29.9472490	-71.2570879
Valle del Cerro Grande	neighbourhood	-29.9445772	-71.2391041
Loteo La Reserva	neighbourhood	-29.9528814	-71.2351069
Población Gustavo Torres	neighbourhood	-41.7694679	-73.1343786
Población Aguas Azules	neighbourhood	-41.7742972	-73.1268882
Población Jardín I	neighbourhood	-41.7804442	-73.1385194
Población Jardín II	neighbourhood	-41.7812539	-73.1410342
Población El Maitén	neighbourhood	-41.7829860	-73.1423485
Población Brisas del Mar (Ex 10 de Mayo)	neighbourhood	-41.7842700	-73.1430566
Población Villa Los Angeles	neighbourhood	-41.7797834	-73.1372539
Población Pablo Neruda	neighbourhood	-41.7635665	-73.1608787
Población Víctor Jara	neighbourhood	-41.7642428	-73.1586833
Población Vista Hermosa	neighbourhood	-41.7613388	-73.1477450
Población Cuarto Centenario	neighbourhood	-41.7598254	-73.1474776
Sector Punta Llahuecha	neighbourhood	-41.7631029	-73.1281008
Jacinto Sufan	neighbourhood	-37.6629182	-72.0189135
Villa Nacimiento	neighbourhood	-37.5008833	-72.6909023
Barrio Privado Nonken	neighbourhood	-36.8263978	-73.0059341
Villa Nahuelbuta	neighbourhood	-37.4946031	-72.6929416
Villa Los Castaños	neighbourhood	-37.5078746	-72.6712457
Villa Maitenrehue	neighbourhood	-37.5020748	-72.6801166
Villa Venecia	neighbourhood	-37.5018735	-72.6898558
Las Puertas	neighbourhood	-33.3653997	-70.4941431
El Bajo	neighbourhood	-37.6701337	-72.0208135
Villa Nelkewue	neighbourhood	-37.6646061	-72.0361697
Parque Callaqui	neighbourhood	-37.6683024	-72.0137809
Villa Trapa	neighbourhood	-37.6695799	-72.0088183
Población Las Camelias	neighbourhood	-36.5431725	-72.0868246
Villa René Hemmelmann	neighbourhood	-37.5003954	-72.6891346
Villa Los Presidentes	neighbourhood	-37.4988621	-72.6894863
Villa El Colgante	neighbourhood	-37.4882864	-72.6894348
Villa Nicodahue	neighbourhood	-37.4893254	-72.6868420
Población Gabriela Mistral	neighbourhood	-37.5055451	-72.6777440
Villa Las Araucarias	neighbourhood	-37.5090282	-72.6451727
Las Princesas	neighbourhood	-36.7823765	-73.0417604
Valle Alto	neighbourhood	-36.7870508	-73.0442226
Terraza Las Lomas	neighbourhood	-36.7867888	-73.0468297
Villa Universidad de Concepción	neighbourhood	-36.7890314	-73.0384236
Valle Las Monjas	neighbourhood	-36.7875062	-73.0505298
Las Monjas	neighbourhood	-36.7896027	-73.0586502
Villa Amanecer	neighbourhood	-36.8398046	-73.1482509
Villa Las Playas	neighbourhood	-36.8376228	-73.1492727
Llacolén del Mar	neighbourhood	-36.8310913	-73.1446928
Cumbres de Andalué Oriente	neighbourhood	-36.8543082	-73.0910915
Alto Lafquén	neighbourhood	-36.8607293	-73.0915153
Población Rodolfo Philippi (Ex-Corvi)	neighbourhood	-41.3225475	-72.9816301
Población Don Renato II	neighbourhood	-35.3912543	-71.6521460
Villa Valles de Longaví	neighbourhood	-35.9571701	-71.6946936
Boco	village	-32.8752748	-71.2712846
Terrazas de Collao 2	neighbourhood	-36.8223734	-73.0026796
Terrazas de Collao 4	neighbourhood	-36.8224515	-73.0039649
Terrazas de Collao 3	neighbourhood	-36.8224152	-73.0046719
Población San Isidro	neighbourhood	-32.8953647	-71.2477532
Villa Cervantes y escritores	neighbourhood	-32.8943756	-71.2446782
Población Nuevo Horizonte	neighbourhood	-32.8962014	-71.2455707
Monteandino 2	neighbourhood	-33.5920305	-70.5353100
Barrio Suiza	neighbourhood	-33.5920718	-70.5974266
Barrio Austria	neighbourhood	-33.5944031	-70.5977056
Condominio El Alto	neighbourhood	-22.4446282	-68.9129167
Villa Las Condes	neighbourhood	-23.6256687	-70.3783201
Cinco Pinos	neighbourhood	-33.6246657	-70.7009394
Santa Guadalupe	neighbourhood	-38.5350704	-72.4250186
Héroes de la Concepción	neighbourhood	-38.5401792	-72.4291486
Santa Ana	neighbourhood	-38.5457253	-72.4394792
Villa Los Poetas	neighbourhood	-38.5435960	-72.4217505
Ultracautín	neighbourhood	-38.5450351	-72.4246272
San Francisco	neighbourhood	-38.5387968	-72.4255228
Las Rosas	neighbourhood	-38.5385248	-72.4212365
Villa El Mirador	neighbourhood	-38.5356589	-72.4203542
Santa Teresa	neighbourhood	-38.5371763	-72.4235769
Villa San José	neighbourhood	-38.5415315	-72.4264548
Villa Alegre	neighbourhood	-38.5423464	-72.4254396
Juan Pablo II	neighbourhood	-38.5346108	-72.4215507
Villa Costanera	neighbourhood	-38.5215157	-72.4407314
Samuel Fuentes	neighbourhood	-38.5159747	-72.4375034
Yalú	neighbourhood	-38.5143969	-72.4354869
Población Matta	neighbourhood	-23.6423620	-70.3871405
Campamento Franja Esperanza	neighbourhood	-23.6681883	-70.3912389
Campamento Luz Divina	neighbourhood	-23.5436238	-70.3846192
Plaza Villa Carrizo	neighbourhood	-23.5747060	-70.3928804
Villa Emergencia	neighbourhood	-26.4002306	-70.0495148
Loteo Alto Bahía	neighbourhood	-27.0755916	-70.8310568
Campamento Hijos de La Covadonga	neighbourhood	-23.6699964	-70.3958519
Campamento Fuerza Esmeralda	neighbourhood	-23.6676381	-70.3945484
Campameto Familias Unidas	neighbourhood	-23.6703305	-70.3966995
Población Benito Juárez	neighbourhood	-33.0463397	-71.3932988
Villa Huáscar	neighbourhood	-36.8211848	-73.0204381
El Progreso	neighbourhood	-39.0929570	-73.1838155
Isla Licán Sur	neighbourhood	-39.0807695	-73.1837082
Villa Los Héroes	neighbourhood	-39.3814410	-72.6306152
Las Américas	neighbourhood	-39.3791894	-72.6317847
Villa Los Parques	neighbourhood	-38.9444238	-72.0349342
Escritores de Chile	neighbourhood	-38.9456713	-72.0349824
Los Andes	neighbourhood	-38.9398676	-72.0266891
Héroes de Chile	neighbourhood	-38.9291602	-72.0179397
Lagos del Sur	neighbourhood	-38.6720921	-72.2153463
Las Violetas	neighbourhood	-38.6769733	-72.2171059
Las Araucarias	neighbourhood	-36.1260466	-71.8173078
Población Esperanza	neighbourhood	-36.1366746	-71.8407878
Mirador del Lago	neighbourhood	-39.6479271	-72.3359907
Villa Pablo Neruda	neighbourhood	-36.2760832	-72.5340879
Altos de Quirihue	neighbourhood	-36.2781871	-72.5515276
San Damián	neighbourhood	-36.2789072	-72.5487810
Barrio Residencial Comité Nuevo Vivir	neighbourhood	-37.6742295	-72.5856708
Lomas de Puerto Chico	neighbourhood	-41.3465817	-72.9351185
Parcelación Campo Nativo Etapa 1	neighbourhood	-41.3220976	-72.8282084
Parcelación Campo Nativo Etapa 2	neighbourhood	-41.3242187	-72.8328549
Parcelación Campo Nativo Etapa 4	neighbourhood	-41.3262832	-72.8336087
El Bosque de Puerto Varas Etapa 1	neighbourhood	-41.3325643	-72.8228832
El Bosque de Puerto Varas Etapa 2	neighbourhood	-41.3349513	-72.8227787
Los Maderos de Puerto Varas	neighbourhood	-41.3480465	-72.8255282
Condominio Bosque Molino Viejo de Puerto Varas	neighbourhood	-41.3461400	-72.8079064
Parcelación Parque Lindo	neighbourhood	-41.3444170	-72.7948518
El Bosque de Puerto Varas Etapa 8	neighbourhood	-41.3408955	-72.7934178
El Bosque de Puerto Varas Etapa 5	neighbourhood	-41.3311131	-72.8079177
Parque Tres Puentes	neighbourhood	-41.3279030	-72.7904101
Reserva Lawal	neighbourhood	-41.3353991	-72.7894145
Puerto Werner	neighbourhood	-41.2559239	-73.0411919
Campo Senderos del Bosque	neighbourhood	-41.2548022	-73.0370373
Villa Olímpica	neighbourhood	-36.4353166	-71.9666532
Villa España	neighbourhood	-36.4349692	-71.9680586
Villa 27 de Abril	neighbourhood	-36.4221792	-71.9698399
Los Poetas	neighbourhood	-36.4274471	-71.9795431
Nuevo Atardecer	neighbourhood	-36.4293522	-71.9802891
Villa Los Ángeles	neighbourhood	-35.9920528	-72.3164266
San Valentín	neighbourhood	-35.9797860	-72.3136747
Población Lirios Alto	neighbourhood	-36.8327474	-73.0161684
Villa Santa Rosa	neighbourhood	-20.2755879	-70.0808108
Condominio Pampamar	neighbourhood	-20.2726618	-70.0916576
Condominio Oasis de Alto Molle	neighbourhood	-20.2739475	-70.0906169
Pozo del Carmen	neighbourhood	-20.2758043	-70.0903702
Población Naval Teniente Serrano	neighbourhood	-20.2897725	-70.1284361
Mirador del Río	neighbourhood	-36.9166364	-73.0353472
Chiguayante Sur	neighbourhood	-36.9310951	-73.0308008
Los Arrayanes	neighbourhood	-37.2512117	-73.3252645
Juan Pablo II	neighbourhood	-37.2566557	-73.3246583
Villa Alto Los Padres	neighbourhood	-37.2586539	-73.3246422
Población Nueva Esperanza	neighbourhood	-37.2504217	-73.3199483
Población Los Castaños	neighbourhood	-37.2470099	-73.3327156
Población Eduardo Frei Montalva	neighbourhood	-37.2452505	-73.3331823
Villa Los Troncos	neighbourhood	-37.2477529	-73.3392173
Villa Pehuén	neighbourhood	-37.2454341	-73.3385092
Mares del Sur	neighbourhood	-20.2592078	-70.1318801
Villa El Rosario	neighbourhood	-37.8056982	-72.7112853
Los Arrayanes II	neighbourhood	-37.8048717	-72.7138173
Los Arrayanes	neighbourhood	-37.8066052	-72.7132487
Villa Santa Teresita	neighbourhood	-37.8156282	-72.7089813
Lomas de San Francisco 2	neighbourhood	-37.4931010	-72.6843725
El Esfuerzo	neighbourhood	-37.7860443	-72.4686555
Parcelación El Convento Oriente	neighbourhood	-33.6386768	-70.8090176
Juan Pablo II	neighbourhood	-37.6641191	-72.0193934
Ríos de Chile	neighbourhood	-37.6625267	-72.0195866
Villa Entre Ríos	neighbourhood	-37.6830562	-72.0126611
Villa La Montaña	neighbourhood	-37.4497485	-72.3861963
Población Naval Marinero Ugarte	neighbourhood	-20.2080787	-70.1477091
Villa El Sol	neighbourhood	-37.7340643	-72.2318888
Villa Santa María	neighbourhood	-36.7982717	-72.0410872
Los Alerces	neighbourhood	-36.7993112	-72.0432329
Villa Cordillera	neighbourhood	-36.8002605	-72.0423424
Población Cabo Aroca	neighbourhood	-36.7986712	-72.0401698
Villa El Conquistador	neighbourhood	-36.5025819	-72.7181733
Chorrillos	neighbourhood	-36.5030304	-72.7140480
Población Binimelis	neighbourhood	-36.4930387	-72.7080721
René Schneider	neighbourhood	-36.4898257	-72.6955086
Villa Alejandro Pérez	neighbourhood	-36.4970148	-72.7022409
Villa Madera	neighbourhood	-36.4940263	-72.7010232
Domingo Ortiz de Rosas	neighbourhood	-36.4848572	-72.7092952
Población 11 de Septiembre	neighbourhood	-36.4895497	-72.7089009
Los Copihues	neighbourhood	-36.4316028	-72.6811320
El Conquistador	neighbourhood	-36.4304180	-72.6698506
La Lobería	neighbourhood	-36.1330939	-72.8033012
Villa El Bosque	neighbourhood	-36.1284319	-72.7807036
11 de Septiembre	neighbourhood	-36.0715408	-72.7811033
Pihuichén	neighbourhood	-35.8274563	-72.6134384
Los Tiques	neighbourhood	-35.8313228	-72.6193822
Loteo Cardonal	neighbourhood	-35.8372897	-72.6245803
Villa Vista Hermosa	neighbourhood	-35.8358176	-72.6226625
Parrón	neighbourhood	-35.8496438	-72.6398581
Los Queules	neighbourhood	-35.8469044	-72.6316720
El Manzano	neighbourhood	-35.8140895	-72.5624442
Brilla El Sol	neighbourhood	-35.8182699	-72.5730550
Pelluhue Alto	neighbourhood	-35.8179611	-72.5702280
Don Emiliano	neighbourhood	-35.8162537	-72.5714967
Villa Las Vertientes	neighbourhood	-35.8154946	-72.5725722
Tiempo Nuevo	neighbourhood	-35.8033897	-72.5649065
Población Santa Rosa	neighbourhood	-35.9706694	-72.3292637
Valle Grande II	neighbourhood	-35.9605920	-72.3392522
Villa Magisterio	neighbourhood	-35.9647777	-72.3344564
José Toribio Merino	neighbourhood	-35.9642263	-72.3361301
Población Cauquenes	neighbourhood	-35.9620206	-72.3358566
Los Presidentes	neighbourhood	-35.9656982	-72.3346174
Guillermo Blanco	neighbourhood	-35.9665730	-72.3369804
Villa Jenaro Prieto	neighbourhood	-35.9673893	-72.3371226
Población Bullileo 2	neighbourhood	-36.1323162	-71.8384731
Población Horacio Villablanca	neighbourhood	-36.1313500	-71.8399054
Don Guillermo	neighbourhood	-36.1456610	-71.8129003
Villa Manantial	neighbourhood	-36.1446393	-71.8123752
Población Israel 3	neighbourhood	-36.1233688	-71.8183780
Las Carmelitas	neighbourhood	-36.1237501	-71.8162859
Población Bellavista 2	neighbourhood	-36.1278231	-71.8212211
Portal Alameda II	neighbourhood	-36.1318352	-71.8168652
Portal Alameda	neighbourhood	-36.1321819	-71.8136895
Villa San Pedro	neighbourhood	-36.1296299	-71.8117368
Población Don Matías	neighbourhood	-36.1291923	-71.8143869
Villa La Montaña	neighbourhood	-36.1274202	-71.8129653
Doña Pilar 1	neighbourhood	-36.1303101	-71.8238175
San Sebastián III	neighbourhood	-36.1537293	-71.8369120
San Sebastián II	neighbourhood	-36.1542101	-71.8348628
San Sebastián I	neighbourhood	-36.1546736	-71.8329370
Villa Pablo Neruda	neighbourhood	-36.1503897	-71.8261564
Los Olivos	neighbourhood	-36.1491466	-71.8166506
Villa Cordillera	neighbourhood	-36.1521787	-71.8243110
Doña Pilar 2	neighbourhood	-36.1529584	-71.8211192
Doña Pilar	neighbourhood	-36.1546433	-71.8224925
Villa El Sol	neighbourhood	-36.1530277	-71.8233132
Villa San Agustín	neighbourhood	-36.1488759	-71.8353215
Población Bosque Sur	neighbourhood	-36.1493133	-71.8342057
Reina Luisa VII	neighbourhood	-36.1501342	-71.8329665
Barrio Arrau Méndez	neighbourhood	-36.1436808	-71.8400135
Inés Aragay III	neighbourhood	-36.1415224	-71.8419868
Don Vicente	neighbourhood	-36.1396466	-71.8358445
Don Vicente II	neighbourhood	-36.1406863	-71.8363273
Bicentenario II	neighbourhood	-36.1392697	-71.8397284
Don Pablo	neighbourhood	-36.1373115	-71.8381834
Población 21 de Noviembre	neighbourhood	-36.1412928	-71.8393099
Los Héroes	neighbourhood	-36.2846499	-71.8131691
La Dehesa	neighbourhood	-38.5947279	-72.8428182
Villa César Ponce	neighbourhood	-34.9656933	-71.1280525
Cordillera	neighbourhood	-34.9582283	-71.1208856
Villa San José	neighbourhood	-34.9557948	-71.1190027
Pumaitén	neighbourhood	-34.9566588	-71.1225057
Santa Cecilia	neighbourhood	-34.9554365	-71.1226130
Villa Romeral	neighbourhood	-34.9563774	-71.1206603
Bicentenario	neighbourhood	-34.9531929	-71.1199784
Villa Jerusalén	neighbourhood	-34.9550386	-71.1193272
Alto Los Guindos	neighbourhood	-34.9550760	-71.1182517
Villa El Ángel	neighbourhood	-34.9551023	-71.1178198
Valles de Romeral	neighbourhood	-34.9491648	-71.1224559
Jardines de Quilvo	neighbourhood	-34.9551727	-71.1262447
Villa Santa Gloria	neighbourhood	-34.9341649	-71.1985785
Campamento Villa Internacional	neighbourhood	-23.1031416	-70.4388267
Campamento Villa Esfuerzo	neighbourhood	-23.1027913	-70.4405540
Santa Inés	neighbourhood	-37.9812932	-72.8452027
Virgen de Los Rayos	neighbourhood	-37.9827519	-72.8428450
Mauricio Champion	neighbourhood	-37.9795977	-72.8438508
Villa Santa Teresa	neighbourhood	-37.9813079	-72.8407877
Villa Alegre	neighbourhood	-38.0418555	-73.0802527
Villa Suiza	neighbourhood	-38.0276672	-73.0641407
El Fortín	neighbourhood	-38.0362321	-73.0678636
El Esfuerzo	neighbourhood	-38.0399163	-73.0705351
Nahuelco II	neighbourhood	-38.0412640	-73.0714229
21 de Mayo	neighbourhood	-38.0263573	-73.0706585
Villa Estadio	neighbourhood	-38.4275886	-72.3756069
Villa El Sol	neighbourhood	-38.4219487	-72.3702103
Cacique Lautaro	neighbourhood	-38.4276054	-72.3778600
Villa Alegre	neighbourhood	-38.4288199	-72.3787504
Nuevo Amanecer	neighbourhood	-38.4283450	-72.3800916
Las Águilas	neighbourhood	-38.0687795	-72.3701459
Don Matías 2	neighbourhood	-34.8715932	-71.1579752
Don Matías 1	neighbourhood	-34.8736529	-71.1582863
Doña Sandra	neighbourhood	-34.8746124	-71.1605394
Villa Nueva Bellavista	neighbourhood	-34.8767336	-71.1593163
Villa Los Prados	neighbourhood	-34.8659023	-71.1560226
La Felicidad	neighbourhood	-34.8665075	-71.1578089
Villa Primavera	neighbourhood	-34.8659155	-71.1589676
Valle Las Palmas	neighbourhood	-34.8651585	-71.1584714
Población Lautaro	neighbourhood	-34.8772287	-71.1651045
Toma Campamento Indígena 2	neighbourhood	-22.4619111	-68.9679623
Toma Quebrada de Quentena II	neighbourhood	-22.4591448	-68.9587355
Toma Campamento Indigena 1	neighbourhood	-22.4602553	-68.9567185
Toma Vega del Sailao	neighbourhood	-22.4702889	-68.9692283
Toma Proyecto Asociación Indigena del Loa	neighbourhood	-22.4950724	-68.9907074
Villa Estadio	neighbourhood	-35.0793286	-71.2580270
Óscar Bonilla	neighbourhood	-35.0752458	-71.2591106
Villa Ilusión	neighbourhood	-35.0721946	-71.2574637
Población Estero Seco	neighbourhood	-35.0690027	-71.2542772
Villa Esfuerzo Unido II	neighbourhood	-35.0669962	-71.2547842
Villa Esfuerzo Unido I	neighbourhood	-35.0667459	-71.2542987
La Estrella	neighbourhood	-35.0666778	-71.2553367
Esmeralda	neighbourhood	-35.0500069	-71.2677205
Villa Francia	neighbourhood	-35.0604538	-71.2648076
Aldea Campesina	neighbourhood	-35.0547980	-71.2716794
Francisco Javier Correa	neighbourhood	-35.0541964	-71.2728220
Don Leonardo	neighbourhood	-35.0530195	-71.2720281
Villa Edén	neighbourhood	-35.0532654	-71.2789643
Don Sebastián	neighbourhood	-35.0590794	-71.2750804
Villa Las Encinas	neighbourhood	-35.0606426	-71.2747586
Bicentenario I	neighbourhood	-35.0658063	-71.1697984
Bicentenario II	neighbourhood	-35.0668249	-71.1719710
Prudencio Lozano	neighbourhood	-35.0583549	-71.1697984
Luis Cruz Martínez	neighbourhood	-35.1165650	-71.2884271
Villa 5 de Octubre	neighbourhood	-35.1229449	-71.2808311
Vicente Correa	neighbourhood	-35.2819605	-71.2527645
Loteo San Luis	neighbourhood	-35.2812291	-71.2651885
San Enrique Norte	neighbourhood	-35.2786586	-71.2611169
Villa Santa Isabel	neighbourhood	-35.2791490	-71.2655156
Villa Centenario	neighbourhood	-35.2809182	-71.2666234
Villa San Antonio	neighbourhood	-35.2899431	-71.2704241
Villa Pablo Neruda	neighbourhood	-35.3815494	-71.4432710
Villa Sagrados Corazones	neighbourhood	-35.3874668	-71.4400148
Loteo Mi Kasa	neighbourhood	-35.3814467	-71.4499766
Loteo Don Luis	neighbourhood	-35.3839637	-71.4494133
Estadio	neighbourhood	-34.9718036	-71.8058091
Villa España	neighbourhood	-34.9707322	-71.8028748
Media Luna	neighbourhood	-34.9701727	-71.8019146
Sector El Molino	neighbourhood	-34.9686694	-71.8188715
Tunquelén	neighbourhood	-34.9734081	-71.8009383
Padre C. González	neighbourhood	-34.9733531	-71.7985967
Villa Amanecer	neighbourhood	-34.9725070	-71.7988139
Nueva Esperanza	neighbourhood	-34.9720133	-71.7996214
Villa Los Ángeles	neighbourhood	-34.9715244	-71.8004210
El Mirador	neighbourhood	-34.9709322	-71.8014854
Villa Bicentenario	neighbourhood	-34.9739905	-71.7960405
Villa El Sol	neighbourhood	-34.9734367	-71.7950186
Villa El Encanto	neighbourhood	-34.9738257	-71.7943856
Villa Amistad	neighbourhood	-35.3946803	-71.7982211
Villa El Romeral	neighbourhood	-35.3961387	-71.8045861
Villa Las Vertientes	neighbourhood	-35.3953079	-71.8044949
Villa Esperanza	neighbourhood	-35.3932372	-71.8080220
Villa Las Palmas	neighbourhood	-35.3896360	-71.8085289
Valle del Maule	neighbourhood	-35.5167883	-71.6986388
Villa Santa Gemita	neighbourhood	-35.5162054	-71.6883150
Cardenal Samoré	neighbourhood	-35.5203119	-71.6851205
Villa Unión de Maule	neighbourhood	-35.5211567	-71.6873977
Villa Belén	neighbourhood	-35.5231455	-71.6903132
Población Esperanza	neighbourhood	-35.5185392	-71.6936177
Villa Renacer	neighbourhood	-35.5232481	-71.6958332
Villa Cordillera	neighbourhood	-35.5238964	-71.6969597
Villa Las Vertientes	neighbourhood	-35.5233288	-71.6970456
Las Hortencias	neighbourhood	-35.5208074	-71.6949534
Villa Prat	neighbourhood	-28.8699082	-70.2832049
Villa Primavera	neighbourhood	-36.8810259	-72.0878676
Camposanto	neighbourhood	-36.9770175	-72.9284772
Villa El Álamo	neighbourhood	-34.2018956	-70.8898428
Villa Tricahue	neighbourhood	-34.1930772	-70.8885875
Villa Miramar	neighbourhood	-26.3445253	-70.6189987
Villa Cordillera	neighbourhood	-35.7506831	-71.5804178
La Nueva Unión	neighbourhood	-35.6871281	-71.7382523
Población Malaquías Concha	neighbourhood	-35.6738183	-71.7472190
Los Castaños	neighbourhood	-35.6755353	-71.7383838
Villa Los Conquistadores	neighbourhood	-35.6733477	-71.7387378
Bernardo O'Higgins	neighbourhood	-35.6697785	-71.7368603
Raúl Silva Henríquez	neighbourhood	-35.6715675	-71.7445904
Villa Santa Teresa	neighbourhood	-35.6712123	-71.7454058
Valles Villa Alegre	neighbourhood	-35.6770561	-71.7507058
Profesor Julio Tapia	neighbourhood	-35.6858580	-71.7274886
Felipe Camiroaga	neighbourhood	-35.6895832	-71.7288566
Don Jorge III	neighbourhood	-35.6900407	-71.7269361
Población Fuster	neighbourhood	-35.7476159	-71.5787736
Población Candelaria Pérez	neighbourhood	-35.7453041	-71.5837705
Villa Altué	neighbourhood	-35.7456284	-71.5795568
Villa Unión y Esfuerzo	neighbourhood	-35.7458766	-71.5777597
Población Las Araucarias	neighbourhood	-35.7419798	-71.5880084
Población Santa Livia	neighbourhood	-35.3875062	-71.4472622
Población Los Álamos	neighbourhood	-35.3825860	-71.4485925
Población Norte I	neighbourhood	-35.3010028	-71.5127349
Villa Las Rosas	neighbourhood	-35.3060922	-71.5125873
Villa Los Álamos	neighbourhood	-35.3055055	-71.5131130
San Ricardo Norte	neighbourhood	-35.3030123	-71.5142691
Sector Los Naranjos	neighbourhood	-35.3107915	-71.5293754
Loteo San Rafael	neighbourhood	-35.3096534	-71.5249068
Población San Rafael	neighbourhood	-35.3038704	-71.5212643
Población Departamental	neighbourhood	-35.3061097	-71.5133544
Población Manuel Correa N.	neighbourhood	-35.3063614	-71.5144113
Villa San Eduardo	neighbourhood	-35.3081015	-71.5109029
Población Libertad	neighbourhood	-35.2784177	-71.2575495
Villa Santa Ignacia	neighbourhood	-35.2834055	-71.2633538
San Enrique Sur	neighbourhood	-35.2797052	-71.2635952
Población Santa Julia	neighbourhood	-35.2812379	-71.2558866
Loteo Don Matías	neighbourhood	-35.2841412	-71.2560073
Loteo Don Sebastián	neighbourhood	-35.2846908	-71.2581933
Juan Chanceaulme	neighbourhood	-35.2241053	-71.4173073
Villa El Despertar	neighbourhood	-35.2216907	-71.4211428
Población Raquel de Chanceaulme	neighbourhood	-35.2209150	-71.4199787
Villa Los Conquistadores	neighbourhood	-35.3886126	-71.7959172
Villa Nueva Corinto	neighbourhood	-35.4404721	-71.8589652
La Unión	neighbourhood	-35.0910272	-71.6576976
Condominio Don Emilio Escobar y Ossa	neighbourhood	-27.3902375	-70.2962673
Villa Los Olmos	neighbourhood	-27.3919927	-70.2958274
Altos de Siena	neighbourhood	-27.3884442	-70.2953714
Villa La Estrellita	neighbourhood	-27.3836810	-70.3003764
Villa El Cerro	neighbourhood	-27.3930310	-70.2918685
Valle de Viñas	neighbourhood	-27.3995917	-70.2929923
Villa Los Carrera	neighbourhood	-27.4000775	-70.2921125
Villa María Isabel	neighbourhood	-34.8699648	-71.2398845
Parque Zapallar	neighbourhood	-34.9922598	-71.2175638
Condominio Las Palmas de Zapallar	neighbourhood	-34.9974446	-71.1996567
Condominio Las Brisas de Zapallar	neighbourhood	-34.9978006	-71.1972857
La Labranza II	neighbourhood	-34.9859349	-71.2106216
La Labranza	neighbourhood	-34.9851899	-71.2117830
Villorrio La Obra	neighbourhood	-35.0199981	-71.2147629
Villa Enrique Frohlich	neighbourhood	-35.0211974	-71.2151331
Villa Cordillera	neighbourhood	-35.0232665	-71.2110400
Villa Iglesia Punta Negra	neighbourhood	-27.4090618	-70.2880061
Población José Miguel Carrera	neighbourhood	-36.1533222	-71.8293965
Población Perquilauquén	neighbourhood	-36.1463872	-71.8312526
Población Carlos Paulsen	neighbourhood	-36.1368826	-71.8300938
Teresita de los Andes	neighbourhood	-36.1243394	-71.8187803
Villa Israel II	neighbourhood	-36.1245821	-71.8167901
Población 1 de Mayo	neighbourhood	-36.1279618	-71.8164039
Población Bellavista	neighbourhood	-36.1307607	-71.8211997
Población Torontel	neighbourhood	-36.1484492	-71.8315262
Población Bullileo 1	neighbourhood	-36.1506020	-71.8299222
Población Los Acacios	neighbourhood	-36.1528847	-71.8314618
Población Sur de Chile	neighbourhood	-36.1363411	-71.8414691
Población Ejército de Chile	neighbourhood	-36.0547198	-71.7617431
Población Luz Margarita	neighbourhood	-36.0583453	-71.7657584
Santa Amelia	neighbourhood	-36.0467872	-71.7581838
Bernardo O'Higgins	neighbourhood	-36.0487390	-71.7591548
Población Membrillar	neighbourhood	-36.0508035	-71.7613032
Villa Nuevo Sueño 2	neighbourhood	-36.0601190	-71.7645782
Villa Nuevo Sueño	neighbourhood	-36.0594208	-71.7638701
Pablo Neruda	neighbourhood	-36.0588831	-71.7628884
Villa La Rinconada	neighbourhood	-36.0573067	-71.7628965
Villa San Francisco	neighbourhood	-36.0581632	-71.7619604
Don Matías	neighbourhood	-36.0584603	-71.7606032
Faustino Sarmiento	neighbourhood	-36.0882671	-71.8003696
Villa Los Nogales	neighbourhood	-36.0881588	-71.7989802
Villa Los Copihues	neighbourhood	-36.0891190	-71.8016812
Villa Guillermo Marín	neighbourhood	-36.0877079	-71.8025208
Villa Presidente Lagos	neighbourhood	-35.9587076	-71.6957152
Barracas Longaví	neighbourhood	-35.9636531	-71.6907155
Villa Longaví	neighbourhood	-35.9624982	-71.6934192
Villa Esperanza	neighbourhood	-35.9594501	-71.6894227
Población Aurora	neighbourhood	-35.9675716	-71.6807404
Población Benavente	neighbourhood	-35.9639270	-71.6780531
Nevado de Longaví	neighbourhood	-35.9605508	-71.6894683
Villa El Esfuerzo	neighbourhood	-35.9700637	-71.6873762
Los Conquistadores	neighbourhood	-35.9702113	-71.6905600
Villa Alborada	neighbourhood	-35.9750411	-71.6896963
Villa San Lorenzo	neighbourhood	-35.9735977	-71.6889158
Loteo La Nueva Esperanza	neighbourhood	-36.0518227	-71.5667599
Catastral El Nevado	neighbourhood	-36.0227547	-71.6342658
Catastral Vuelta El Sauce	neighbourhood	-36.0246854	-71.6350490
Comité Habitacional Marcelo Herrera	neighbourhood	-36.0215789	-71.6362023
La Última Esperanza	neighbourhood	-36.0087353	-71.6503966
Loteo Los Cerrillos	neighbourhood	-35.9447593	-71.6907692
Catastral San Manuel	neighbourhood	-35.9469329	-71.6865206
Población Liguay	neighbourhood	-35.9483182	-71.6874138
Villa Sol Naciente	neighbourhood	-35.9513820	-71.6816711
Los Acacios	neighbourhood	-35.9505199	-72.3401079
Villa Las Estrellas	neighbourhood	-35.9532927	-72.3327935
Villa Esperanza 2	neighbourhood	-35.9553792	-72.3335069
Villa El Esfuerzo	neighbourhood	-35.9536705	-72.3380667
Las Palmeras	neighbourhood	-35.9529865	-72.3397619
Villa Paraíso	neighbourhood	-35.9540483	-72.3397297
Jardín del Mar	neighbourhood	-35.9499945	-72.3458317
Las Brisas	neighbourhood	-35.9481315	-72.3465237
Doña Delfina	neighbourhood	-35.9549320	-72.3478433
Loteo Don Rafael	neighbourhood	-35.9547887	-72.3458907
Los Adobes	neighbourhood	-35.9504201	-72.3487285
Villa Los Cántaros	neighbourhood	-35.9582603	-72.3390323
Villa Los Lagos	neighbourhood	-35.9572486	-72.3417842
Villa Padre Hurtado	neighbourhood	-36.6310247	-72.1367589
Villa Los Trapenses	neighbourhood	-36.6296816	-72.1378022
Población Santa Inés	neighbourhood	-36.6281619	-72.1419168
Villa San Esteban	neighbourhood	-36.6316683	-72.1403343
Villa La Higuera	neighbourhood	-36.6312852	-72.1415412
Portal Los Dominicos	neighbourhood	-36.6177107	-72.1335670
Diego Portales	neighbourhood	-36.6340532	-72.1224654
Villa El Crisol	neighbourhood	-36.6358353	-72.1234149
Don Ambrosio	neighbourhood	-36.6282200	-72.1092475
Villa Los Olivos	neighbourhood	-36.6274516	-72.1175918
Villa Los Pinos	neighbourhood	-36.6268402	-72.1180612
Villa Las Amapolas	neighbourhood	-36.6278240	-72.1162909
Padre Hurtado	neighbourhood	-36.7934648	-73.1171572
Jardines de la Flor	neighbourhood	-36.7964890	-73.1165805
Alto Costanera 2	neighbourhood	-36.7986540	-73.1141907
Nuevo Amanecer	neighbourhood	-37.1579160	-72.9153612
Población Alameda	neighbourhood	-37.1751927	-72.9350245
Villa Santa Lucía	neighbourhood	-37.1665196	-72.9513913
Aldea Missouri	neighbourhood	-37.1717859	-72.9470193
Población Pedro Aguirre Cerda	neighbourhood	-37.1725895	-72.9447770
Población Carrera	neighbourhood	-37.1737907	-72.9494655
Villa San Felipe	neighbourhood	-37.1755260	-72.9521692
Población Juan Pablo II	neighbourhood	-37.1745387	-72.9517508
Hernán Mosso	neighbourhood	-37.1733632	-72.9533708
Población Baquedano	neighbourhood	-37.1729742	-72.9518098
Villa Rayen	neighbourhood	-37.4982128	-72.6914463
Población Las Minas	neighbourhood	-37.4976314	-72.6744096
Cuesta La Viuda	locality	-31.2719679	-71.1529715
Villa Las Vertientes	neighbourhood	-27.4869490	-70.2646118
Llanos de Ferrera	neighbourhood	-28.5628697	-70.8075714
Mireya Pérez	neighbourhood	-28.5303646	-70.9309530
Vicuña Mackenna Alto	neighbourhood	-28.5156873	-71.0570544
Villa Canto del Agua	neighbourhood	-28.4675218	-71.2110722
Villa Las Palmas	neighbourhood	-28.4657298	-71.2092161
La Reserva de Huasco	neighbourhood	-28.4637090	-71.2144196
Nueva Generación	neighbourhood	-28.4704380	-71.2256830
Los Troncos	neighbourhood	-36.4537886	-71.8463708
Villa Gabriela Mistral	neighbourhood	-23.5883540	-70.3822911
Villa de Ballenary	neighbourhood	-28.5874564	-70.7471520
Altos del Valle	neighbourhood	-28.5805412	-70.7675743
Villa Los Regidores	neighbourhood	-28.5798911	-70.7779062
Loteo San Pedro del Mar	neighbourhood	-29.8713408	-71.2712342
Villa Bicentenario	neighbourhood	-29.8823606	-71.2167502
Portal de Pinamar	neighbourhood	-29.8868856	-71.2473169
Serena Oriente	neighbourhood	-29.9377999	-71.2420290
La Hacienda de San Joaquín	neighbourhood	-29.9200165	-71.2265991
Senderos del Milagro	neighbourhood	-29.9418626	-71.2362220
Condominio Los Tamarindos	neighbourhood	-29.8922714	-71.2503559
Loteo Hacienda El Pino	neighbourhood	-29.9158386	-71.2322241
Condominio Barrio Universitario III	neighbourhood	-29.9215203	-71.2347239
Aires de Santa Mónica	neighbourhood	-29.9543675	-71.2872470
Los Clarines II	neighbourhood	-29.9969142	-71.3222927
Valles del Sauce	neighbourhood	-30.0038456	-71.3249669
Villa Violeta Parra	neighbourhood	-29.9522643	-71.3515341
Barrio Don Guillermo	neighbourhood	-29.9330752	-71.2369986
Faldeos del Cerro Grande	neighbourhood	-29.9311527	-71.2359511
Barrio Las Torcazas	neighbourhood	-29.9240606	-71.2304791
Ladrilleros	locality	-51.8341698	-72.7255815
Villa El Milagro	neighbourhood	-30.2011030	-71.4291251
Las Catanas	neighbourhood	-30.2280129	-71.0790324
Población Las Flores	neighbourhood	-30.4991702	-71.1523157
Población Yaconi	neighbourhood	-30.6465704	-71.2354374
Villa Las Brisas	neighbourhood	-30.6345582	-71.2237695
Puerta del Sol	neighbourhood	-30.5678995	-71.1785189
Villa Santo Domingo	neighbourhood	-36.9423462	-73.0091473
Villa Producción y Comercio	neighbourhood	-36.9367959	-73.0109283
Población El Llano	neighbourhood	-36.9286829	-73.0265321
Condominio Los Naranjos	neighbourhood	-31.6443304	-71.1854088
Villa Los Naranjos	neighbourhood	-31.6413436	-71.1900544
Villa San Rafael	neighbourhood	-31.6392610	-71.1925542
Angelmó	neighbourhood	-31.6265271	-71.1541021
Mundo Nuevo	neighbourhood	-31.6265362	-71.1584044
Manuel Rodríguez	neighbourhood	-31.6255679	-71.1633718
Las Majaditas	neighbourhood	-31.6261343	-71.1661291
Lautaro	neighbourhood	-31.6256135	-71.1671162
Nueva Esperanza	neighbourhood	-31.6280253	-71.1693370
Polígono	neighbourhood	-31.6268286	-71.1709249
Hermanos Carrera	neighbourhood	-31.6290576	-71.1702490
Aguada	neighbourhood	-31.6276781	-71.1730385
Areacena Ramos	neighbourhood	-31.6306653	-71.1739504
Comunidad y Progreso	neighbourhood	-31.6335702	-71.1738753
El Mirador	neighbourhood	-31.6326476	-71.1776304
Manuel de Gerotizaga	neighbourhood	-31.6363289	-71.1761499
Población Naval Almirante Young	neighbourhood	-36.6887686	-73.1124654
Población Entre Ríos	neighbourhood	-37.5050258	-72.6598877
Parque Seminario 1	neighbourhood	-35.4233773	-71.6752164
Parque Seminario 2	neighbourhood	-35.4233359	-71.6742991
Nova Hacienda	neighbourhood	-29.9812163	-71.2532908
Barrio Terrandina	neighbourhood	-33.5901169	-70.5464894
Villa Enami	neighbourhood	-32.4301164	-71.0729438
Villa San Francisco de Asís	neighbourhood	-34.9783971	-71.2508521
Condominio Santa Adela	neighbourhood	-32.8723517	-71.4613330
Mirador de Mantagua	neighbourhood	-32.8772039	-71.4874470
Población Empleados Públicos y Periodistas Chile-España	neighbourhood	-33.4523176	-70.5993137
Villa Europa	neighbourhood	-34.4069057	-70.8454898
Población Agustín Contreras	neighbourhood	-38.4145023	-72.7751280
Población El Esfuerzo	neighbourhood	-38.4105591	-72.7887412
Villa El Jardín	neighbourhood	-38.4082913	-72.7878373
Villa Génesis	neighbourhood	-32.8131480	-70.5768102
Héroes de Chacabuco	neighbourhood	-33.1862394	-70.6729889
Población Su Casa 2	neighbourhood	-33.1834335	-70.6688476
Las Casonas	neighbourhood	-33.1859027	-70.6684506
Valle Verde	neighbourhood	-33.1837567	-70.6724578
La Siembra 1	neighbourhood	-33.7407839	-70.7487291
Barrio Nuevo Villaseca	neighbourhood	-33.7417006	-70.7463285
Villa Mostazal	neighbourhood	-33.9786655	-70.7068169
Portal de Asís	neighbourhood	-33.9759786	-70.7092685
La Invernada	neighbourhood	-33.9720549	-70.7136995
Villa Huilmay	neighbourhood	-33.9715655	-70.7088769
El Conquistador	neighbourhood	-33.9683445	-70.7109100
Pablo Neruda	neighbourhood	-33.9697749	-70.7099122
Villa Sagrada Familia	neighbourhood	-34.0714155	-70.7355917
Villa La Arboleda	neighbourhood	-34.0721332	-70.7375389
Villa Parque Colonial	neighbourhood	-34.0360219	-70.6587839
Villa Estancilla	neighbourhood	-34.0359241	-70.6507158
Villa El Sol	neighbourhood	-34.0377689	-70.6470519
Los Alcaldes	neighbourhood	-34.0176003	-70.6536314
Los Marcos	neighbourhood	-34.0164953	-70.6541222
Villa Los Ángeles	neighbourhood	-34.0153981	-70.6575242
Villa Los Fundadores	neighbourhood	-34.0152859	-70.6647706
Paraíso Colonial	neighbourhood	-35.7427548	-72.5386155
Rucalhue	neighbourhood	-36.9637119	-72.9356253
Rinconada de Hualqui	neighbourhood	-36.9623017	-72.9354912
Villa El Sol	neighbourhood	-36.9600563	-72.9353860
René Pineda	neighbourhood	-37.6782120	-72.5895882
Padre Antonio Bastía	neighbourhood	-37.6788467	-72.5876731
El Edén	neighbourhood	-37.6794836	-72.5878555
Población Oklahoma	neighbourhood	-37.6710618	-72.5792831
Población San José	neighbourhood	-37.6704058	-72.5868175
Villa Los Lagos	neighbourhood	-37.6678974	-72.5809340
Villa del Río	neighbourhood	-37.6678284	-72.5817159
Villa Lagos de Chile	neighbourhood	-36.9492359	-73.0101961
Villa Valle del Sol	neighbourhood	-36.9509850	-73.0115050
Villa Pradera	neighbourhood	-36.9479111	-73.0102819
Villa El Remanso	neighbourhood	-36.9460505	-73.0098286
Villa Las Araucarias	neighbourhood	-38.4103757	-72.7867640
Población La Esperanza	neighbourhood	-38.4157811	-72.7760137
Población El Sol	neighbourhood	-36.6353403	-72.7935004
Villa La Felicidad	neighbourhood	-34.1197854	-71.7210192
Nuevo Amanecer	neighbourhood	-34.1163569	-71.7214537
Escuadrón Oriente	neighbourhood	-36.9753697	-73.1357932
Villa Escuadrón	neighbourhood	-36.9738954	-73.1423056
Huertos de Escuadrón	neighbourhood	-36.9666137	-73.1371880
Asentamiento Escuadrón	neighbourhood	-36.9629404	-73.1386900
Costa Milano	neighbourhood	-29.9984185	-71.3324148
Conjunto Bellavista I	neighbourhood	-29.9920112	-71.3186562
Villa Portal del Elqui	neighbourhood	-29.9241226	-71.2147866
Villa La Peña	neighbourhood	-36.9979386	-73.1476365
Villa La Peña 2	neighbourhood	-36.9965419	-73.1505327
Villa La Peña 1	neighbourhood	-36.9969923	-73.1437741
Villa Bicentenario	neighbourhood	-36.9905253	-73.1425014
Condominio El Bosque	neighbourhood	-36.9891263	-73.1438613
Santa Elisa	neighbourhood	-36.9121222	-73.0199861
Villa Pie de Monte	neighbourhood	-36.9115431	-73.0236553
Población Los Ciruelos	neighbourhood	-36.9105582	-73.0259527
Población Valdés	neighbourhood	-36.9048710	-73.0303663
Villa Bancaria	neighbourhood	-36.8993394	-73.0302872
Loteo Schaub	neighbourhood	-36.8959236	-73.0302161
Población Porvenir	neighbourhood	-36.9500890	-73.0199606
Caleta Boca Sur	neighbourhood	-36.8259558	-73.1471551
Las Palmas	neighbourhood	-36.8896523	-73.0352479
La Quinta	neighbourhood	-36.5306916	-72.4258983
Loteo El Trigal	neighbourhood	-36.5327929	-72.4294174
Lo Ramírez	neighbourhood	-36.5322455	-72.4239510
San Sebastián	neighbourhood	-35.2120753	-72.2890949
Villa Los Pinos	neighbourhood	-35.2130702	-72.2819281
Villa Las Flores	neighbourhood	-35.2174003	-72.2859407
Coyanco	neighbourhood	-35.2193176	-72.2881803
Villa Europa	neighbourhood	-39.3096304	-72.2106403
Villa Los Poetas	neighbourhood	-39.3065173	-72.2170051
Villa Las Araucanas	neighbourhood	-39.3074264	-72.2139019
Villa Monte Verde	neighbourhood	-39.3060109	-72.2119921
Villa Los Cipreses	neighbourhood	-39.3054340	-72.2068960
Volcanes de Chile	neighbourhood	-39.3044046	-72.2244322
Parque Villarrica	neighbourhood	-39.3036014	-72.2261247
Altos de Villarrica	neighbourhood	-39.2984062	-72.2341847
Villa Todos Los Santos	neighbourhood	-39.2950727	-72.2368187
Jardín Floresta	neighbourhood	-39.2990559	-72.2371941
Las Azaleas	neighbourhood	-39.2924032	-72.2268355
Fundo Coyahue	neighbourhood	-39.2709275	-72.2348285
Villa Ferrocarriles	neighbourhood	-39.2907093	-72.2325298
Villa El Jardín	neighbourhood	-41.1568393	-73.4191203
Pablo Neruda	neighbourhood	-41.1484863	-73.4205580
Población Maine	neighbourhood	-41.1537898	-73.4319842
Villa Los Poetas	neighbourhood	-41.3977249	-73.4563333
Las Rosas	neighbourhood	-34.2871304	-70.8232838
Los Canelos	neighbourhood	-34.2839568	-70.8229029
Villa Canadá	neighbourhood	-34.2789348	-70.8254913
Villa San Jorge	neighbourhood	-34.2844045	-70.8371240
Villa América	neighbourhood	-34.2840277	-70.8335352
Villa Venecia	neighbourhood	-34.2850738	-70.8345437
Villa Hilton	neighbourhood	-33.0471086	-71.4045990
Población El Pinar	neighbourhood	-37.4984816	-72.6827181
Lomas de San Francisco	neighbourhood	-37.4964179	-72.6828641
Población Julio Durán	neighbourhood	-37.5016819	-72.6782184
Población Coinac	neighbourhood	-37.5026596	-72.6834011
Sector La Puntilla	neighbourhood	-37.5106333	-72.6511018
Cuarto Centenario	neighbourhood	-37.5084050	-72.6554101
Cardenal Raúl Silva Henríquez	neighbourhood	-37.5070709	-72.6585678
Villa Cordillera	neighbourhood	-37.4937754	-72.6931194
Villa Italia	neighbourhood	-37.4960515	-72.6920461
Población Las Golondrinas	neighbourhood	-32.5683622	-70.6896347
Rincón del Rodeo Viejo	locality	-34.4817658	-71.2901894
Rincón de la Culebra	locality	-34.4889379	-71.3016049
Población Porongo	neighbourhood	-35.9532601	-72.3485836
Villa los 60	neighbourhood	-35.5343071	-71.4911331
Villa Entre Ríos	neighbourhood	-35.5324044	-71.4884201
Alta Las Vegas	neighbourhood	-33.0306271	-71.3925076
Terrazas de Hualqui	neighbourhood	-36.9606132	-72.9306108
Villa Los Alerces	neighbourhood	-35.5332534	-71.4906383
Villa San José	neighbourhood	-35.5305029	-71.4882230
Villa Inglesa	neighbourhood	-35.5360006	-71.4831372
Población Los Huertos	neighbourhood	-35.5392492	-71.4823890
Villa San Clemente 1	neighbourhood	-35.5376751	-71.4784104
Villa Las Palmas	neighbourhood	-35.5318026	-71.4902534
Población 5 de Noviembre	neighbourhood	-35.5292674	-71.4867059
Villa Elisa Álvarez	neighbourhood	-35.5351486	-71.4791290
Villa San Clemente 3	neighbourhood	-35.5359782	-71.4764545
Villa 5 de Abril	neighbourhood	-35.5366909	-71.4818120
Villa San Clemente 2	neighbourhood	-35.5371076	-71.4777746
Villa San Fermín o Altos de Lircay	neighbourhood	-35.5414406	-71.4788186
Población Soberanía Norte	neighbourhood	-35.5282838	-71.5010624
Población Gabriela Mistral	neighbourhood	-35.5379414	-71.4902684
Villa Eduardo Frei	neighbourhood	-35.5349390	-71.4768598
Población San Máximo Poniente	neighbourhood	-35.5430837	-71.4864768
Villa Arcoíris	neighbourhood	-35.5462340	-71.4843630
Villa San Sebastián 3	neighbourhood	-35.5427986	-71.4884126
Villa San Sebastián 2	neighbourhood	-35.5421960	-71.4874575
Villa San Sebastián 1	neighbourhood	-35.5411458	-71.4866983
Villa Don Eduardo 2	neighbourhood	-35.5410019	-71.4897645
Villa Don Eduardo 1	neighbourhood	-35.5416600	-71.4888445
Villa San Sebastián	neighbourhood	-35.5403144	-71.4880196
Villa las Vertientes	neighbourhood	-35.5444796	-71.4808455
Villa Fresia	neighbourhood	-36.7383811	-72.3067707
Las Camellias	neighbourhood	-36.7465186	-72.2855759
Villa La Araucana	neighbourhood	-38.1940687	-72.9866409
Las Casas Rápidas	neighbourhood	-38.1952534	-72.9879498
La Ilusión	neighbourhood	-38.1665180	-72.9081173
Anadela	neighbourhood	-38.1671530	-72.9053700
Isidoro Burgos	neighbourhood	-38.6347864	-72.4447739
San Luis	neighbourhood	-46.2918362	-71.9431275
Población 21 de Marzo	neighbourhood	-35.5341335	-71.4874571
Villa Verde	neighbourhood	-35.5451003	-71.4817017
Villa Bicentenario	neighbourhood	-35.5462855	-71.4804176
Villa Maule	neighbourhood	-35.5290178	-71.5063424
Villa John Kennedy	neighbourhood	-35.5333759	-71.4801713
Villa Valles de San Clemente	neighbourhood	-35.5298306	-71.5041620
Población Los Huertos	neighbourhood	-35.5408209	-71.4806443
Villa edén	neighbourhood	-35.5373195	-71.4806823
Villa Edén	neighbourhood	-35.5393431	-71.4785354
Población San Máximo	neighbourhood	-35.5433260	-71.4845139
Población Unión y Progreso	neighbourhood	-35.5318418	-71.4875968
Don Sebastián	neighbourhood	-34.9295536	-71.3191706
Don Ignacio	neighbourhood	-34.9156238	-71.3019347
Inocencio Correa	neighbourhood	-34.9258064	-71.3157132
Luis Cruz Martínez	neighbourhood	-34.9248036	-71.3135809
Los Arrayanes	neighbourhood	-34.9999406	-71.3920945
Villa Las Nieves	neighbourhood	-35.0015533	-71.3779914
Villa Belén	neighbourhood	-35.0011754	-71.3788229
Villa Libertad	neighbourhood	-34.9997077	-71.3776535
Villa Sol Naciente	neighbourhood	-34.9969657	-71.3759369
Villa San Pablo	neighbourhood	-34.9971854	-71.3773692
Esperanza Chica	neighbourhood	-34.9973282	-71.3790402
Población Independencia	neighbourhood	-34.9968734	-71.3804671
Villa Esperanza	neighbourhood	-34.9990794	-71.3877600
Población Mataquito	neighbourhood	-34.9985960	-71.3893372
Los Calafates	neighbourhood	-46.5488300	-71.7223013
Libertad	neighbourhood	-36.9340292	-73.0226455
Villa Coquimbo	neighbourhood	-36.9459455	-73.0233497
Población Los Castaños	neighbourhood	-36.9372633	-73.0158072
Plazas del Sol	neighbourhood	-36.9458094	-73.0131840
El Llano	neighbourhood	-36.9308893	-73.0203134
Población Los Corales	neighbourhood	-36.9346166	-73.0155149
Población La Historia	neighbourhood	-36.9390384	-73.0210658
Población Los Cipreses	neighbourhood	-36.9253832	-73.0239116
Doña Florencia	neighbourhood	-35.8309531	-71.6094500
Frontera del Inca	neighbourhood	-35.8323884	-71.6092891
Parque Los Cipreces	neighbourhood	-35.8354675	-71.6182423
Población Nemesio Antúnez	neighbourhood	-35.8301398	-71.5990913
Quinta La Libertad	neighbourhood	-35.8373875	-71.5890947
Villa Parque Norte	neighbourhood	-37.4538205	-72.3467804
Villa Verde	neighbourhood	-37.6560801	-73.3926791
Nuevo Amanecer	neighbourhood	-40.9112565	-73.1719789
Carrasco	village	-40.9100261	-73.1453312
Villa Panorámica	neighbourhood	-40.9110397	-73.1544775
Villa Las Flores	neighbourhood	-40.9077436	-73.1587422
La Araucanía	neighbourhood	-40.9071314	-73.1573260
Villa Los Lagos	neighbourhood	-40.9030345	-73.1603569
Los Volcanes	neighbourhood	-40.9032636	-73.1621915
Los Aromos	neighbourhood	-40.9042902	-73.1608535
Villa Los Poetas	neighbourhood	-40.9053071	-73.1651435
Villa Don Ambrosio I	neighbourhood	-35.5865220	-71.7380132
Villa Don Ambrosio II	neighbourhood	-35.5866298	-71.7395688
La Requingua	locality	-33.6507542	-70.9431728
Prados del Llanquihue	neighbourhood	-41.3252821	-72.9905769
Villa Camino del Roble	neighbourhood	-41.3190488	-72.9950678
Villa Los Presidentes 1	neighbourhood	-41.3139476	-72.9947967
Villa Los Presidentes 2	neighbourhood	-41.3132489	-72.9943038
Conjunto Residencial Camino del Trébol	neighbourhood	-41.3067750	-72.9949004
Mirador de Philippi	neighbourhood	-41.3102139	-72.9830655
Don Cristóbal	neighbourhood	-41.3238288	-72.9785171
Población Alessandri	neighbourhood	-41.3267952	-72.9748929
Población Felmer	neighbourhood	-41.3310534	-72.9680312
Población Los Canales	neighbourhood	-41.3310446	-72.9667197
Población Violeta Parra	neighbourhood	-41.3312623	-72.9654935
Población Las Cumbres	neighbourhood	-41.3320808	-72.9654904
Población del Sur	neighbourhood	-41.3337973	-72.9734566
Población Juan Soler Manfredini	neighbourhood	-41.3336900	-72.9708548
Villa Centenario 1	neighbourhood	-41.3337056	-72.9676934
Villa Centenario 2	neighbourhood	-41.3338722	-72.9646526
Villa Princesa Licarayén	neighbourhood	-41.3351087	-72.9711550
Brisas de Puerto Varas 5	neighbourhood	-41.3350569	-72.9752813
Brisas de Puerto Varas 6	neighbourhood	-41.3358994	-72.9747855
Brisas de Puerto Varas 7	neighbourhood	-41.3367877	-72.9740809
Brisas 8	neighbourhood	-41.3376432	-72.9719933
Loteo Colonos del Llanquihue	neighbourhood	-41.3329477	-72.9601540
Población Bella Isla	neighbourhood	-35.5979394	-71.7181599
Población Julio Michea	neighbourhood	-35.5988249	-71.7162931
Villa Leonardo Da Vinci	neighbourhood	-35.5953440	-71.7176825
Villa Lonco Maule	neighbourhood	-35.5957235	-71.7192918
Villa Los Volcanes	neighbourhood	-35.5961423	-71.7203379
Parque Lahuén 1	neighbourhood	-41.3817950	-72.9145788
Parque Lahuén 2	neighbourhood	-41.3807515	-72.9125164
Jardines de Alerce	neighbourhood	-41.3876902	-72.9160220
Villa Renacer	neighbourhood	-41.3857172	-72.9097382
Villa Las Flores	neighbourhood	-41.3867665	-72.9092654
Villa Los Volcanes	neighbourhood	-41.3868995	-72.9108118
Comité Fe y Esperanza	neighbourhood	-41.3882518	-72.9107724
Navegando El Futuro 30	neighbourhood	-41.3835053	-72.9033453
Navegando El Futuro 26	neighbourhood	-41.3823769	-72.9023710
Navegando el Futuro 25	neighbourhood	-41.3836924	-72.9015338
Navegando El Futuro 3	neighbourhood	-41.3838640	-72.8977426
Villa Los Antiguos	neighbourhood	-41.3855438	-72.9010075
Navegando El Futuro 24	neighbourhood	-41.3880598	-72.8964400
Navegando El Futuro 27	neighbourhood	-41.3886805	-72.8987053
Navegando El Futuro 17	neighbourhood	-41.3889465	-72.9003107
Campos de Alerce 4	neighbourhood	-41.3904834	-72.8993652
Campos de Alerce	neighbourhood	-41.3918209	-72.8982621
Navegando El Futuro	neighbourhood	-41.3924859	-72.9017192
Villas Unidas	neighbourhood	-41.3940892	-72.9028814
Ampliación Villa La Colonia	neighbourhood	-41.3927075	-72.9038860
Villa La Colonia	neighbourhood	-41.3908455	-72.9040534
Conjunto Raíces de Alerce 2	neighbourhood	-41.3923200	-72.9100104
Comité Licarayén	neighbourhood	-41.3939433	-72.9072862
Comité Río Sur	neighbourhood	-41.3919282	-72.8931025
Población Las Cascadas	neighbourhood	-41.3906792	-72.8939103
Valles de Alerce	neighbourhood	-41.3915350	-72.8918980
Lomas de Alerce	neighbourhood	-41.3908273	-72.8911723
Puerto Alerce	neighbourhood	-41.3961616	-72.8995152
Nueva Lintz La Colina	neighbourhood	-41.3981109	-72.8991248
Navegando El Futuro 22	neighbourhood	-41.4000434	-72.8981434
Alerce Andino	neighbourhood	-41.4001437	-72.9010096
Comité Vivienda Reloncaví 2	neighbourhood	-41.3984288	-72.9007196
Comité Vivienda Reloncaví 1	neighbourhood	-41.3968811	-72.9017234
Navegando El Futuro	neighbourhood	-41.4012229	-72.9046007
Colonos de Alerce	neighbourhood	-41.4031051	-72.9030282
Portal de Alerce 1	neighbourhood	-41.4034146	-72.9164112
Portal de Alerce 2	neighbourhood	-41.4031553	-72.9157755
Villa Lahuén	neighbourhood	-41.4027454	-72.9146714
Villa Volcán Calbuco	neighbourhood	-41.4029211	-72.9093294
Los Peñihues 1	neighbourhood	-41.4046861	-72.9087940
Los Peñihues 2	neighbourhood	-41.4049872	-72.9103331
Los Peñihues 3	neighbourhood	-41.4053135	-72.9120506
Portal de Alerce 3	neighbourhood	-41.4043013	-72.9140023
Artesanos de Alerce 1	neighbourhood	-41.4075218	-72.9059502
Artesanos de Alerce 2	neighbourhood	-41.4101900	-72.9062847
Altos de Alerce	neighbourhood	-41.4080653	-72.9033396
Antuhue	neighbourhood	-41.4615604	-72.9183825
Valle Volcanes 11	neighbourhood	-41.4553949	-72.9083987
Valle Volcanes 8	neighbourhood	-41.4574551	-72.9087679
Valle Volcanes 9	neighbourhood	-41.4581914	-72.9099544
Los Dominicos	neighbourhood	-41.4553889	-72.9141428
Valle Volcanes 16	neighbourhood	-41.4559318	-72.9056207
Valle Volcanes 16	neighbourhood	-41.4572735	-72.9058828
Valle Volcanes 13	neighbourhood	-41.4565507	-72.9033615
Valle Volcanes 12	neighbourhood	-41.4570042	-72.9033616
Alto Volcanes	neighbourhood	-41.4585216	-72.9037109
Valle Volcanes 33	neighbourhood	-41.4571715	-72.9007817
Condominio Valle Volcanes 39	neighbourhood	-41.4573050	-72.8982354
Valle Volcanes 35	neighbourhood	-41.4589563	-72.8983942
Santuario de la Laguna	neighbourhood	-41.4606055	-72.9001916
Valle Volcanes 17	neighbourhood	-41.4626883	-72.9076190
Valle Volcanes 14	neighbourhood	-41.4630627	-72.9093722
Valle Volcanes 19	neighbourhood	-41.4635861	-72.9072859
Villa El Naranjal	neighbourhood	-35.6040052	-71.7277353
Villa San Enrique I	neighbourhood	-35.6028920	-71.7221244
Villa Santa Amalia	neighbourhood	-35.6028900	-71.7306483
Villa Don Matías II	neighbourhood	-35.6029336	-71.7253161
Jardín Oriente 1	neighbourhood	-41.4485407	-72.9168636
Jardín Oriente 2	neighbourhood	-41.4474546	-72.9192952
Jardín Norte 1	neighbourhood	-41.4469479	-72.9240568
Jardín Norte 2	neighbourhood	-41.4464790	-72.9261994
Jardín Oriente 3	neighbourhood	-41.4454231	-72.9315289
Jardín Austral 4	neighbourhood	-41.4437898	-72.9441522
Jardín Oriente 3	neighbourhood	-41.4443090	-72.9393741
Aires del Sur	neighbourhood	-41.4453981	-72.9440834
Mirador de la Bahía 5	neighbourhood	-41.4468531	-72.9385584
Mirador Austral	neighbourhood	-41.4483896	-72.9376238
Jardín Austral 1	neighbourhood	-41.4480950	-72.9349961
Jardín Austral 2	neighbourhood	-41.4474766	-72.9330664
Mirador de la Bahía 3	neighbourhood	-41.4471875	-72.9308374
Alto la Paloma	neighbourhood	-41.4492028	-72.9108017
Villa El Bosque	neighbourhood	-41.4496652	-72.9099716
Condominio Alta Vista	neighbourhood	-41.4524948	-72.9394700
Mirador de la Cordillera	neighbourhood	-41.4593507	-72.9843864
Barrio Residencial Valle del Sur	neighbourhood	-41.4559444	-72.9888616
Cardonal III	neighbourhood	-41.4570069	-72.9865372
Mirador del Sol	neighbourhood	-41.4586591	-72.9880073
Villa Melihuén	neighbourhood	-41.4574516	-72.9899356
Condominio Villa Tepual	neighbourhood	-41.4560847	-72.9942343
Laderas del Tepual	neighbourhood	-41.4642383	-72.9871693
Senderos del Tepual II	neighbourhood	-41.4640155	-72.9890688
Puerta Sur 4	neighbourhood	-41.4646041	-72.9974604
Puerta Sur 14	neighbourhood	-41.4680626	-72.9968349
Puerta Sur 7	neighbourhood	-41.4705474	-72.9965898
Puerta Sur 9	neighbourhood	-41.4722156	-73.0001070
Puerta Sur 10	neighbourhood	-41.4721265	-73.0028550
Puerta Sur 6	neighbourhood	-41.4702020	-72.9990536
Puerta Sur 12	neighbourhood	-41.4700887	-73.0015937
Puerta Sur 15	neighbourhood	-41.4698963	-73.0033470
Población Vermont	neighbourhood	-41.1297690	-73.0467449
Población Vista Hermosa	neighbourhood	-41.1306179	-73.0466517
Villa Magisterio	neighbourhood	-41.1303511	-73.0514012
Pichi Juan	neighbourhood	-41.1305610	-73.0520883
San Pedro	neighbourhood	-41.1311043	-73.0565628
Villa Los Volcanes	neighbourhood	-41.1286056	-73.0571436
Villa Sajonía	neighbourhood	-41.1268116	-73.0536182
Villa El Esfuerzo	neighbourhood	-41.1266162	-73.0551418
Alberto Hechenlainer	neighbourhood	-41.1224997	-73.0565663
Ribera del Lago	neighbourhood	-41.1176368	-73.0542053
Villa Los Laureles	neighbourhood	-41.1160475	-73.0458041
Loteo Mi Tierra	neighbourhood	-41.1113603	-73.0456399
Población Pablo Neruda	neighbourhood	-36.9952308	-73.1542468
Villa Alberto Bachelet	neighbourhood	-36.9874584	-73.1552124
Moisés Silva	neighbourhood	-36.9880668	-73.1537104
Villa Nuevo Horizonte	neighbourhood	-37.0068837	-73.1428206
Villa Mora	neighbourhood	-37.0121741	-73.1572294
Población Bernardo O'Higgins	neighbourhood	-36.9974036	-73.1578284
Escuadrón Sur	neighbourhood	-36.9820635	-73.1654584
Huertos Familiares	neighbourhood	-36.9913104	-73.1691706
Corcovado	neighbourhood	-37.0257431	-73.1324995
Esperanza Unida	neighbourhood	-37.0271264	-73.1263411
Monte Redondo	neighbourhood	-36.7251264	-73.1382608
Los Lobos	neighbourhood	-36.7195453	-73.1416082
Nueva Los Lobos	neighbourhood	-36.7128726	-73.1376820
Vista Hermosa	neighbourhood	-36.7090398	-73.1214112
Partal	neighbourhood	-36.7204827	-73.1202900
Población Nueva Independencia	neighbourhood	-40.1536869	-72.8996623
Población Los Notros	neighbourhood	-40.1524650	-72.8983533
Valle de Piruco	neighbourhood	-40.3369806	-72.9354161
Aldea Campesina	neighbourhood	-40.3372300	-72.9448199
Villa Los Aromos	neighbourhood	-36.7525448	-72.9942799
Lomas del Sol	neighbourhood	-36.7492437	-73.0070901
Población Buscando Futuro	neighbourhood	-40.5846262	-73.1758171
Villa San Pedro	neighbourhood	-37.0995549	-72.5563127
Población Diego Portales	neighbourhood	-37.1028707	-72.5545585
Cruz del Sur	neighbourhood	-36.7538936	-73.0896248
Los Cóndores	neighbourhood	-36.7572252	-73.0915422
Brisas de Mirasur II	neighbourhood	-40.5724235	-73.1781668
Población Bellavista	neighbourhood	-40.3205325	-72.4731910
Villa Altos del Ranco	neighbourhood	-40.3256407	-72.4819619
Puerta Bosquemar	neighbourhood	-41.4874596	-72.9963023
Sector Cajón	neighbourhood	-37.1663614	-73.1775713
El Esfuerzo	neighbourhood	-41.9640614	-72.4738938
Población Los Canelos	neighbourhood	-41.9513120	-72.4520874
Siguiendo un Sueño Definitivo	neighbourhood	-41.4546790	-72.9882799
La Casa de Mi Sueño	neighbourhood	-41.4556598	-72.9867363
Choyun Wechekeche	neighbourhood	-41.4541711	-72.9924244
Artesanos	neighbourhood	-41.4536693	-72.9934189
Loteo Nueva Vida	neighbourhood	-41.4545760	-72.9908252
Loteo Camino a Mi sueño	neighbourhood	-41.4561176	-72.9919338
Reserva Santa Clara	neighbourhood	-41.3004916	-73.0221105
Villa Altos del Maipo	neighbourhood	-33.6307882	-70.6148565
Villa Mamiña II	neighbourhood	-33.6131045	-70.6220664
Villa San Guillermo 1	neighbourhood	-33.6248142	-70.6069346
Población Volcán San José 3	neighbourhood	-33.6270910	-70.6179987
Población San Francisco de Asís	neighbourhood	-33.6147158	-70.6196611
Villa San José de la Construcción	neighbourhood	-33.6310687	-70.6184062
Villa Mamiña I	neighbourhood	-33.6149764	-70.6224462
Villa El Sauce	neighbourhood	-33.6335834	-70.6221559
Población Volcán San José 1	neighbourhood	-33.6187833	-70.6122488
Villa Don Ángel	neighbourhood	-33.6176232	-70.6078808
Villa Las Azaleas	neighbourhood	-33.6129423	-70.6246192
Población Volcán San José 2	neighbourhood	-33.6271267	-70.6139217
Villa San Guillermo 2	neighbourhood	-33.6270059	-70.6073783
Villa Brisas del Sol	neighbourhood	-33.6334304	-70.6294604
Población Mourguez	neighbourhood	-33.6173518	-70.6246159
Villa Portada del Sur	neighbourhood	-33.6339875	-70.6270906
Villa San Miguel	neighbourhood	-33.6212100	-70.6056356
Villa Estaciones Ferroviarias	neighbourhood	-33.6211268	-70.6146313
Población El Mariscal	neighbourhood	-33.6151843	-70.6257587
Villa El Pangue	neighbourhood	-33.6131988	-70.6199968
Población Marta Brunet	neighbourhood	-33.6322946	-70.6221045
Villa Santa Catalina	neighbourhood	-33.6242113	-70.6111328
Villa Presidente Ríos	neighbourhood	-36.7489428	-73.1080002
Nuevo Amanecer	neighbourhood	-37.2805154	-72.6969087
Villa Capponi	neighbourhood	-37.2850226	-72.6974022
Río Polcura	neighbourhood	-37.2840751	-72.7035070
Nueva Esperanza	neighbourhood	-37.2761786	-72.7070153
Barrio Grecia	neighbourhood	-33.5983109	-70.5917570
Villa Casas del Huerto	neighbourhood	-33.6091458	-70.6003869
Barrio Italia	neighbourhood	-33.5972351	-70.5821911
Villa Creta	neighbourhood	-33.5957809	-70.6009526
Villa Juan Gómez Millas	neighbourhood	-33.6108220	-70.5910293
Villa Padre Hurtado	neighbourhood	-33.5925629	-70.6033081
Barrio Portugal	neighbourhood	-33.5938746	-70.5877820
Barrio Francia	neighbourhood	-33.5946452	-70.5930064
Barrio España	neighbourhood	-33.5974477	-70.5867822
Villa Los Olivos de Quitalmahue	neighbourhood	-33.6225128	-70.6237114
Población Francisco Coloane	neighbourhood	-33.6298383	-70.6269676
Villa Quitalmahue	neighbourhood	-33.6319599	-70.6254092
Villa Enrique Alvear	neighbourhood	-33.6282437	-70.6085890
Villa Sargento Menadier	neighbourhood	-33.6231192	-70.6216876
Población El Tranque	neighbourhood	-33.6073685	-70.5911708
Lo Tocornal	neighbourhood	-33.6092359	-70.5968464
Villa Nocedal 2	neighbourhood	-33.6228177	-70.5974016
Población El Refugio	neighbourhood	-33.6038467	-70.5589242
Villa Nocedal 1	neighbourhood	-33.6222828	-70.5955910
Villa El Arcoiris	neighbourhood	-33.5900899	-70.6037718
Población Carol Urzúa	neighbourhood	-33.6030840	-70.5624462
Villa Venezuela	neighbourhood	-33.6155401	-70.5895751
Villa San León Magno	neighbourhood	-33.6280070	-70.5975411
Población Las Brisas	neighbourhood	-33.6098212	-70.5925870
Población San José de las Claras	neighbourhood	-33.6070222	-70.5960149
Villa El Duraznal	neighbourhood	-33.5933296	-70.6066364
Villa Horizonte	neighbourhood	-33.6184165	-70.5982706
Población San Gerónimo	neighbourhood	-33.6252666	-70.5893201
Población Los Canales	neighbourhood	-33.5903223	-70.6069744
Villa El Raco	neighbourhood	-33.6184231	-70.6077766
Villa John Kennedy	neighbourhood	-33.0552718	-71.3837501
Condominio Los Otoñales 1	neighbourhood	-33.6018439	-70.5812627
Población Cerro Morado	neighbourhood	-33.6291460	-70.6247092
Villa El Comercio	neighbourhood	-33.5870020	-70.6022027
Población El Molino 1	neighbourhood	-33.5868892	-70.6001186
Villa Jorge Alessandri I	neighbourhood	-33.5948377	-70.6225821
Villa El Ombú	neighbourhood	-33.5948176	-70.6268978
Villa Laura Rosa Méndez	neighbourhood	-33.5934949	-70.6264499
Villa Lautaro Oriente	neighbourhood	-33.5930347	-70.6225392
Población Ignacio Carrera Pinto	neighbourhood	-33.5911355	-70.6224829
Villa Santa Catalina de Siena	neighbourhood	-33.5891146	-70.6098577
Población Santiago de la Nueva Extremadura	neighbourhood	-33.5904145	-70.6124943
Población Batallón 3º de Línea	neighbourhood	-33.5916829	-70.6095171
Población El Molino 2	neighbourhood	-33.5879985	-70.6076168
Villa La Obra	neighbourhood	-33.5875885	-70.6048407
Villa Sor Teresa	neighbourhood	-33.5898933	-70.6014249
Villa Chiloé	neighbourhood	-33.6278233	-70.6243894
Villa Pacífico Sur	neighbourhood	-33.5970205	-70.6032354
Villa El Corregidor	neighbourhood	-33.6109515	-70.5980051
Población Eleuterio Ramírez	neighbourhood	-33.5893570	-70.6242639
Villa Nueva Patagonia	neighbourhood	-33.5940937	-70.6101823
Villa La Primavera	neighbourhood	-33.5944735	-70.6134653
Villa Estrecho de Magallanes	neighbourhood	-33.5886733	-70.6181806
Villa Los Aromos	neighbourhood	-33.5766382	-70.6079346
Villa Primavera	neighbourhood	-33.5953359	-70.6061858
Condominio Los Ciruelos	neighbourhood	-33.5774542	-70.6011856
Villa Sargento Menadier I	neighbourhood	-33.6242951	-70.6229593
Villa Costanera	neighbourhood	-33.6316428	-70.5945729
Villa Blancas Cumbres	neighbourhood	-33.6220646	-70.5937473
Población Pedro Aguirre Cerda	neighbourhood	-33.6208714	-70.5822753
Villa Independencia	neighbourhood	-33.6184241	-70.5891572
Población Teniente Merino	neighbourhood	-33.6172279	-70.5862138
Población El Esfuerzo	neighbourhood	-33.6142774	-70.5847188
Población Maipo	neighbourhood	-33.6161554	-70.5796434
Población Las Brisas	neighbourhood	-33.6127649	-70.5893819
Villa El Peñón de Macul I y II	neighbourhood	-33.5812504	-70.5584639
Villa Santa Catalina	neighbourhood	-33.6193161	-70.6101004
Población San Guillermo 1	neighbourhood	-33.6185658	-70.6087149
Población San Guillermo 2	neighbourhood	-33.6259868	-70.6105776
Comunidad Huertos José Maza	neighbourhood	-33.6182902	-70.6355333
Población Bajos de Mena	neighbourhood	-33.6188789	-70.6254152
Población Los Andes	neighbourhood	-33.6149409	-70.5628306
Población Nueva Esperanza	neighbourhood	-33.6157630	-70.5707807
Población Volcanita	neighbourhood	-33.6197745	-70.5687797
Población Diego Portales	neighbourhood	-33.6174560	-70.5719072
Villa La Nogalada	neighbourhood	-33.6231694	-70.5931798
Villa Puente Alto	neighbourhood	-33.6081570	-70.5884752
Caleta Llico	neighbourhood	-37.1945443	-73.5627365
Guata	locality	-18.5869917	-69.0379787
Solar de Peñuelas	neighbourhood	-29.9645959	-71.3104584
La Guzmana	locality	-34.9294945	-70.4880772
Villa Ilusión	neighbourhood	-35.5445367	-71.4873045
Parque Industrial Valparaíso	neighbourhood	-33.0947414	-71.6019344
Villa Pangue	neighbourhood	-37.6669325	-72.0289481
Villa Los Industriales	neighbourhood	-33.5601693	-70.5545640
Población La Frontera	neighbourhood	-33.5623038	-70.5542502
Villa Lomas Oriente	neighbourhood	-33.6027755	-70.5575090
Villorrio La Estrella	neighbourhood	-35.4845218	-71.4644385
Población Daniel Rebolledo	neighbourhood	-35.4429370	-71.6568446
El Páramo	neighbourhood	-33.0360951	-71.3497221
Las Terrazas de la Retuca	neighbourhood	-33.1322775	-71.3494474
Villa Rucahue	neighbourhood	-39.8258642	-73.2418883
Estancia El Sauce II	neighbourhood	-30.0056128	-71.3277281
Población Doctor Jaime Fuentes	neighbourhood	-37.4934932	-72.6859448
Población Bernardo Leighton	neighbourhood	-37.4977195	-72.6852179
Población Javiera Carrera	neighbourhood	-37.5097650	-72.6805837
Nueva Esperanza	neighbourhood	-41.1162015	-73.0530418
Población María Roa Bizama	neighbourhood	-37.4973400	-72.6757599
La Junta	locality	-37.5965815	-72.8381576
San Antonio 2	locality	-37.4991975	-72.7065003
La Despensa	locality	-37.5053683	-72.6942426
Población Pablo de Rokha	neighbourhood	-33.5811923	-70.6497449
Condominio Doña Sofía	neighbourhood	-31.6447802	-71.1930585
Boca Norte	locality	-36.8083140	-73.1733334
Parcelas de Frutillar	neighbourhood	-41.0731721	-73.0851317
La Reserva de Frutillar	neighbourhood	-41.0601650	-73.0599404
Condominio Tempus	neighbourhood	-33.5887046	-70.5562270
Monterrey	locality	-37.3209875	-72.7286935
Población Nueva Vida	neighbourhood	-37.5095620	-72.6570288
Villa Los Libertadores	neighbourhood	-37.4947866	-72.6799894
Villa El Ciprés	neighbourhood	-37.4918025	-72.6876050
Huingán	locality	-37.5269494	-72.6424813
Pichún	locality	-37.4756414	-72.7590180
Los Barros	locality	-37.6056642	-72.9420519
Bocatoma	locality	-37.4989699	-72.6145020
Villa Hermosa	neighbourhood	-37.4938251	-72.6766017
Población Escritores de Chile	neighbourhood	-37.4923493	-72.6862979
Población San Nicolás	neighbourhood	-37.4916883	-72.6865849
Población O'Higgins	neighbourhood	-37.4926388	-72.6913136
Rincón Huanca	locality	-19.5735792	-68.8991207
Chichura	locality	-19.5676553	-68.9455497
Población Lasnibat	neighbourhood	-33.0461280	-71.3810168
El Carmen	neighbourhood	-33.0548317	-71.3380625
Barrio Inglés	neighbourhood	-38.7375952	-72.6436021
Barrio Los Conquistadores	neighbourhood	-38.7404726	-72.6453727
Pisagua Viejo	locality	-19.5597092	-70.2064562
Población Bahía Catalina (Fach)	neighbourhood	-53.1286027	-70.8692743
Altos del Bosque	neighbourhood	-53.1270480	-70.8951625
Loteo del Estero	neighbourhood	-53.1288988	-70.8892290
Lomas del Bosque	neighbourhood	-53.1313845	-70.8940734
Ginebra	neighbourhood	-53.1303787	-70.9009746
Nueva España	neighbourhood	-53.1403597	-70.8927533
Los Carrera	neighbourhood	-53.1562582	-70.8911803
Loteo Pampa Redonda	neighbourhood	-53.1319180	-70.9222155
Cubillos	neighbourhood	-53.1507346	-70.8902541
Bitsch	neighbourhood	-53.1501521	-70.8982046
José Montes	neighbourhood	-53.1469305	-70.9058817
Obrera	neighbourhood	-53.1475870	-70.9081621
Barceló Lira	neighbourhood	-53.1379509	-70.9167100
José Grimaldi	neighbourhood	-53.1392004	-70.9188768
Villa Sendero Austral	neighbourhood	-53.1467609	-70.9277701
Jardín de la Patagonia	neighbourhood	-53.1457334	-70.9293723
Lynch	neighbourhood	-53.1635211	-70.9448471
Cerro Primavera	neighbourhood	-53.1713612	-70.9424309
Lomas del Sur	neighbourhood	-53.1708164	-70.9490441
Lomas del Estrecho	neighbourhood	-53.1844287	-70.9303778
Mirador del Estrecho	neighbourhood	-53.1836123	-70.9287368
Villa Anef	neighbourhood	-53.1814212	-70.9372212
Terrazas del Estrecho	neighbourhood	-53.1814275	-70.9300928
Nuevo Horizonte	neighbourhood	-53.1692701	-70.9397355
Zanjón Río de la Mano	neighbourhood	-53.1687831	-70.9315825
Manuel Rodríguez	neighbourhood	-53.1620017	-70.9311625
Nueva Independencia	neighbourhood	-53.1552049	-70.9426251
Villa Santa Inés	neighbourhood	-53.1522139	-70.9221243
29 de Diciembre	neighbourhood	-53.1405653	-70.9071002
Juan Williams	neighbourhood	-53.1442051	-70.9061850
Rincón de Pincheira	locality	-34.8108435	-70.2886392
Vegas del Zinc	locality	-33.4449411	-69.9291369
Vegas del Barco	locality	-33.4515546	-69.8826439
Amanecer	neighbourhood	-38.7563283	-72.6241415
Villa Las Lomas	neighbourhood	-37.5879223	-72.5313748
Villa Los Ríos	neighbourhood	-37.5861622	-72.5352380
Puesta del Sol	neighbourhood	-36.4268237	-71.9703055
Villa Austral	neighbourhood	-53.1301103	-70.9216393
Villa El Cometa	neighbourhood	-32.9949756	-71.1532572
Potrero Grande	locality	-33.4275732	-70.2925015
El Tebal	neighbourhood	-33.0496222	-71.1183590
Villa El Ensueño	neighbourhood	-37.3944316	-72.6214057
Población Altos de Chifín	neighbourhood	-40.7862747	-73.2109366
Población Alejandro González	neighbourhood	-40.7884213	-73.2124722
Población Vista Hermosa	neighbourhood	-40.7881451	-73.2107771
El Cobre	neighbourhood	-27.3762367	-70.3249558
Mina La Ramayana	locality	-33.0718947	-71.0305113
Portal de la Frontera	neighbourhood	-38.7480501	-72.6465207
Villa Los Trigales	neighbourhood	-35.9474329	-72.3469994
Parque Inglés	neighbourhood	-30.6190303	-71.2151850
Villa Conavicoop	neighbourhood	-35.5292218	-71.5031151
Villa Venezuela	neighbourhood	-32.8935255	-71.2446988
Juan Francisco González	neighbourhood	-33.3600377	-70.7179332
Altos de Quilicura	neighbourhood	-33.3600426	-70.7118564
Villa Los Jardines	neighbourhood	-33.3546070	-70.7179318
Villa Santa Teresita	neighbourhood	-33.3529004	-70.7186007
Villa El Amanecer 2	neighbourhood	-33.3508705	-70.7190591
Barrio Plaza Lo Cruzat	neighbourhood	-33.3512732	-70.7223791
Parque Central	neighbourhood	-33.3502560	-70.7266653
Santa María	neighbourhood	-33.3501788	-70.7316693
Villa Los Adobes	neighbourhood	-33.3500947	-70.7369006
Casas de Quilicura II	neighbourhood	-33.3499390	-70.7435626
Villa Jardín del Norte 2	neighbourhood	-33.3502291	-70.7484663
Villa San Esteban	neighbourhood	-33.3647375	-70.7436276
Villa El Parque	neighbourhood	-33.3643148	-70.7362992
Villa Epopeya de la Concepción	neighbourhood	-33.3660308	-70.7353448
Villa Guardiamarina Riquelme	neighbourhood	-33.3705662	-70.7317793
Villa El Mañío	neighbourhood	-33.3704452	-70.7438314
Población Parinacota	neighbourhood	-33.3659203	-70.7515991
Villa San Enrique	neighbourhood	-33.3622624	-70.7481708
Villa Lo Marcoleta	neighbourhood	-33.3590608	-70.7527953
Villa Ciudad Nueva	neighbourhood	-33.3535475	-70.7521479
Población Cardenal Raúl Silva Henríquez	neighbourhood	-33.3648181	-70.7556439
Villa Beato Padre Hurtado	neighbourhood	-33.3623520	-70.7583395
Los Húsares	neighbourhood	-33.4913165	-70.6096029
Población La Victoria 2	neighbourhood	-35.0731648	-71.4791590
Condominio Los Aromos	neighbourhood	-39.8178170	-73.2848847
Brisas de Peñuelas	neighbourhood	-29.9512574	-71.2768562
Altos De Panqui	locality	-39.2637592	-71.5016413
Condominio San Ignacio 2	neighbourhood	-53.1501253	-70.9472133
Condominio San Ignacio 3	neighbourhood	-53.1511140	-70.9488636
Condominio San Ignacio 4	neighbourhood	-53.1507192	-70.9486725
Villa San Martín	neighbourhood	-34.5929833	-70.9817136
Mirador	locality	-37.5419001	-72.7103208
Villa Lomas de Nincunlauta	neighbourhood	-34.5716843	-70.9885345
Villa Independencia	neighbourhood	-34.5714194	-70.9958678
8 de Julio	neighbourhood	-30.5949132	-71.1851066
Vista Hermosa	neighbourhood	-30.5930430	-71.1941081
21 de Mayo	neighbourhood	-30.5963539	-71.1894625
San Luis	neighbourhood	-30.5893512	-71.2002025
Cobresal	neighbourhood	-30.5933940	-71.2015968
Limarí	neighbourhood	-30.5903185	-71.1830574
Villa Tuquí	neighbourhood	-30.5866057	-71.1827355
Villa El Portal	neighbourhood	-30.6120754	-71.2135058
Fray Jorge	neighbourhood	-30.6094345	-71.2028843
Media Hacienda	neighbourhood	-30.5858853	-71.1977130
El Manzano	neighbourhood	-30.5924289	-71.2029272
Esperanza	neighbourhood	-30.5945001	-71.1991112
Cancha Rayada	neighbourhood	-30.5905540	-71.2032169
Carmelitana	neighbourhood	-30.5913853	-71.1944192
Población Chile Nuevo	neighbourhood	-34.5915928	-70.9791570
Altos Club Hípico	neighbourhood	-23.5805616	-70.3843349
Villa Las Palmas	neighbourhood	-23.5758712	-70.3901982
Villa Panorama	neighbourhood	-23.5774618	-70.3890637
Atenas	neighbourhood	-30.6003857	-71.2081966
San José de la Dehesa	neighbourhood	-30.5949294	-71.2048656
Canihuante	neighbourhood	-30.5966549	-71.1991092
El Mirador	neighbourhood	-30.5857199	-71.1859020
Bicentenario I	neighbourhood	-30.5896360	-71.1759028
Bicentenario II	neighbourhood	-30.5885599	-71.1726841
Villa Agrícola	neighbourhood	-30.5840020	-71.1818036
Villa Los Naranjos	neighbourhood	-30.5920926	-71.1898073
Charlesburg	neighbourhood	-30.5830783	-71.1983689
Villa Amanecer	neighbourhood	-30.5804182	-71.1941418
San Jorge	neighbourhood	-30.5829675	-71.1881551
Villa Las Torres	neighbourhood	-30.5884076	-71.1846146
Óscar Lanas	neighbourhood	-30.5900516	-71.1903438
Villa La Paz	neighbourhood	-30.5870981	-71.1936417
Jardines de Alicante	neighbourhood	-30.5882512	-71.1917164
Villa Las Américas	neighbourhood	-30.5827089	-71.1911270
Villa Esperanza	neighbourhood	-37.4999847	-72.6921221
Población Balmaceda	neighbourhood	-23.5955708	-70.3735471
Sanhattan	neighbourhood	-33.4137071	-70.6041729
Los Copihues de Molco	neighbourhood	-39.3425793	-72.0870653
Portal de San Ramón	neighbourhood	-29.9652576	-71.2459944
Virgen del Camino	neighbourhood	-36.4160503	-71.9458908
Condominio Pioneros 1	neighbourhood	-53.1767492	-70.9496628
Condominio Pioneros 2	neighbourhood	-53.1765595	-70.9491746
Condominio Pioneros 3	neighbourhood	-53.1770868	-70.9502582
Condominio Brisas del Sur 3	neighbourhood	-53.1735628	-70.9470718
Parque Alameda	neighbourhood	-36.4292157	-71.9711834
Montemar de Peñuelas	neighbourhood	-29.9636461	-71.2992943
Villa Potrerillos	neighbourhood	-29.9537230	-71.2661646
Villa Las Palmeras	neighbourhood	-29.9500443	-71.2658133
Villa Hugo Vargas Uribe	neighbourhood	-53.0552611	-70.8672293
Villa Los Aromos	neighbourhood	-35.5081076	-71.5324867
Parcelación Bosque Andino	neighbourhood	-41.4591888	-72.6447954
Villa Las Américas	neighbourhood	-36.4165270	-71.9605688
Punta Golf	neighbourhood	-29.8345413	-71.2782188
Villa Parque Poniente III	neighbourhood	-34.5822946	-71.0046111
Villa El Totoral	neighbourhood	-32.7394510	-70.7385073
Villa El Sendero	neighbourhood	-32.8995279	-71.2626399
Villa Los Manantiales del Inca	neighbourhood	-32.8986631	-71.2559129
Población Bombero Kemp	neighbourhood	-41.4609828	-72.9198181
Parcelación Altos de Chamiza	neighbourhood	-41.4421961	-72.7502639
Parcelación Riberas de Chamiza	neighbourhood	-41.4499415	-72.8147925
Parcelación Hacienda Chamiza	neighbourhood	-41.4746043	-72.8337435
Llanos de Tenglo	neighbourhood	-41.4946689	-73.0176696
Hacienda San Martín	neighbourhood	-33.6819711	-71.1893173
Villa Miguel Zuliani	neighbourhood	-34.3684211	-71.1047005
Brisas de Chinquihue	neighbourhood	-41.5064126	-73.0163694
Villa Paraíso Cordillera	neighbourhood	-35.5357892	-71.4781376
Villa Los Aromos	neighbourhood	-35.5266077	-71.5054937
Población Los Pioneros del Andalién	neighbourhood	-36.8149925	-72.8606790
Población Bosques de Algarrobal	neighbourhood	-36.4337849	-71.9677075
Interior Dungeness	locality	-52.3396132	-68.4694362
Puesto Munición	locality	-52.2723198	-69.4672340
Puesto Chocolate	locality	-52.1766161	-69.4531846
Puesto Manantial Alto	locality	-52.2653340	-69.5458067
Puesto Las Barrancas	locality	-52.1671311	-70.2662963
Puesto Teniente Merino	locality	-52.1433423	-70.4523692
Puesto Vargas	locality	-52.1599708	-70.5324774
Puesto Final	locality	-52.1577856	-70.5354452
Puesto El Centro	locality	-52.0917684	-70.4173207
Puesto Cuarenta y Cuatro	locality	-52.0748705	-70.8600301
Puesto El Baño	locality	-52.0998162	-70.9777361
Puesto Lagunita	locality	-52.1217213	-71.1715257
Puesto Palermo	locality	-52.0624649	-71.4268291
Puesto Bishop	locality	-52.1328756	-71.4067286
Puesto Morro Chico	locality	-52.0486307	-71.5536547
Puesto Pioneros	locality	-52.0267591	-71.5407801
Casas de Las Mercedes	neighbourhood	-34.0813729	-70.7382544
Villa Portal de Santa Julia	neighbourhood	-34.0685382	-70.7348421
Villa Esmeralda	neighbourhood	-34.0606819	-70.7251526
Villa Las Águilas	neighbourhood	-34.0822864	-70.6845253
El Molino	neighbourhood	-34.0798824	-70.6879849
Parador Laguna Blanca	locality	-52.7997939	-71.1906177
Parador Río Verde	locality	-52.6920695	-71.4099795
Refugio de Arrieros	locality	-52.2805779	-71.3477898
Puesto Bus	locality	-52.2972552	-71.4520258
Puesto Martinic	locality	-52.5513486	-71.8266124
Puesto Bahía Williams	locality	-52.5160609	-72.1198422
Puesto Nutria	locality	-52.5239602	-72.1279290
Santa Cruz de Coya	locality	-37.3541442	-72.7479026
Mirador de Volcanes III-IV	neighbourhood	-41.4911373	-73.0034976
Monteverde I	neighbourhood	-41.4860367	-73.0044082
Bosquemar Chinquihue	neighbourhood	-41.4865401	-72.9983553
Parque Costanera II	neighbourhood	-41.4799219	-72.9968369
Brisamar	neighbourhood	-41.4783740	-72.9939489
Villa Los Aviadores	neighbourhood	-41.4847563	-72.9863380
Valle Tranquilo	neighbourhood	-33.7374292	-70.7657343
Villa Bicentenario	neighbourhood	-35.0059145	-71.3774963
Comunidad Amigos del Mar	neighbourhood	-27.1451586	-70.8958585
Condominio San Ignacio 1	neighbourhood	-53.1524677	-70.9481878
Condominio Vista Norte	neighbourhood	-53.0967097	-70.8819712
Condominio San Ignacio 6	neighbourhood	-53.1490672	-70.9482039
Condomio San Ignacio 5	neighbourhood	-53.1495369	-70.9475656
Cerro Alto	locality	-37.4373829	-72.7245469
Rano Mariku	locality	-27.0965729	-109.3568802
Carrico	locality	-40.6040237	-73.5018826
Villa Andrea 2	neighbourhood	-33.0502399	-71.3898515
Lomas del Baquedano	neighbourhood	-53.2887575	-70.3585822
Futuro Patagonia	neighbourhood	-53.2913687	-70.3782433
Villa Juan Pablo II	neighbourhood	-36.4242573	-71.9749164
Bellavista	neighbourhood	-37.7911210	-72.7132675
Barrio las Rosas	neighbourhood	-36.4572284	-71.7329850
Barrio Centro	neighbourhood	-36.4604197	-71.7288184
Las Palmas	neighbourhood	-37.8043144	-72.7000523
Villa Rehue	neighbourhood	-37.8013283	-72.6933521
Pampa Redonda	neighbourhood	-53.1250796	-70.9300625
Villa España	neighbourhood	-37.8085633	-72.7072406
Portal El Rosario	neighbourhood	-37.8047192	-72.7091557
Sector Las Siembras	neighbourhood	-53.0356974	-70.8999896
Las Camelias	neighbourhood	-37.8140029	-72.6823631
Portal del Valle	neighbourhood	-37.8137211	-72.6830256
El Vergel	neighbourhood	-37.8181157	-72.6753867
Villa Jerusalém	neighbourhood	-37.8155137	-72.6840717
Villa Mirasur	neighbourhood	-37.8146259	-72.6877517
Villa Alemania III	neighbourhood	-37.8088092	-72.6910508
Población Jardín de la Patagonia Etapa 2	neighbourhood	-53.1462781	-70.9314090
Población Jardín de la Patagonia Etapa 3	neighbourhood	-53.1442752	-70.9310684
Población Jardín de la Patagonia Etapa 5	neighbourhood	-53.1433984	-70.9344989
Población Jardín de la Patagonia Etapa 4	neighbourhood	-53.1453804	-70.9349603
Condominio Las Araucarias	neighbourhood	-38.7630289	-72.6793791
San Luis	locality	-37.5919274	-72.6992799
Papal	locality	-37.4391222	-72.7386546
Polonia	locality	-37.5199209	-72.8031564
San Pedro de Pichún	locality	-37.5221674	-72.7797246
Malloa	locality	-37.4740066	-72.8113747
San Antonio 1	locality	-37.4923451	-72.7308655
San Miguel	locality	-37.5221972	-72.7033567
La Permuta	locality	-37.5590543	-72.7309728
Roble Guacho	locality	-37.5686303	-72.7366805
Meñir	locality	-37.5662917	-72.7613434
Camellones	locality	-37.4622894	-72.7032495
Cerro Alto 2	locality	-37.4598027	-72.7224380
Villa Toscana	neighbourhood	-29.9460038	-71.2645849
El Quitral	locality	-37.4874587	-72.8394199
Santa Elisa	locality	-37.6012187	-72.8441191
Población 14 La Fama	neighbourhood	-38.0316686	-73.0786973
Nuevo Amanecer	neighbourhood	-38.0290879	-73.0631826
Ava O Kiri	locality	-27.0861429	-109.3161659
Portal del Sur III	neighbourhood	-41.5284952	-73.0619560
Portal del Sur I	neighbourhood	-41.5267007	-73.0543540
Portal del Sur IV	neighbourhood	-41.5250950	-73.0610100
Costa Chinquio II	neighbourhood	-41.5073968	-73.0144318
Costa Chinquio III	neighbourhood	-41.5089944	-73.0144862
Costa Chinquio V	neighbourhood	-41.5073025	-73.0177407
Bosquemar IX	neighbourhood	-41.4878565	-73.0051635
Mirador de Volcanes I-II	neighbourhood	-41.4896722	-73.0010103
Don Vicente I	neighbourhood	-41.4882661	-72.9991480
Don Vicente II	neighbourhood	-41.4890788	-72.9980965
Bosquemar II	neighbourhood	-41.4872365	-73.0026952
Bosquemar VII	neighbourhood	-41.4849224	-72.9966354
Parque Costanera I	neighbourhood	-41.4784227	-72.9972857
Parque Costanera III	neighbourhood	-41.4804823	-72.9946105
Altos de Tenglo IV	neighbourhood	-41.4824552	-72.9893627
Altos de Tenglo III	neighbourhood	-41.4821998	-72.9870956
Altos de Tenglo II	neighbourhood	-41.4822778	-72.9849154
Altos de Tenglo I	neighbourhood	-41.4824172	-72.9824524
Loteo Brintrup	neighbourhood	-41.4905229	-73.0215858
Puerta Sur 13	neighbourhood	-41.4691688	-72.9949476
Senderos del Tepual IV	neighbourhood	-41.4675918	-72.9930006
Senderos del Tepual III	neighbourhood	-41.4654694	-72.9915912
Senderos del Tepual I	neighbourhood	-41.4632708	-72.9886469
Población Fresia	neighbourhood	-41.4652326	-72.9823755
Barrio Estación	neighbourhood	-36.8297499	-73.0584764
Nueva Vida I	neighbourhood	-41.4549715	-72.9910432
Villa Fitz Roy	neighbourhood	-41.4548322	-72.9983119
Villa Bosque Nativo	neighbourhood	-41.4523515	-72.9951843
El Mirador de Cardonal	neighbourhood	-41.4656492	-72.9717289
Parque Empresarial Puerto Varas	neighbourhood	-41.3827663	-72.9698106
Graneros de Puerto Varas IV	neighbourhood	-41.3825694	-72.9635738
Praderas del Sur	neighbourhood	-41.3784284	-72.9491668
Loteo Los Cántaros	neighbourhood	-41.3623389	-72.9758404
Parque Las Bandurrias	neighbourhood	-41.3522970	-72.9535568
Parque Ivian II	neighbourhood	-41.3430346	-72.9735946
Hacienda Lomas Puerto Varas	neighbourhood	-41.3424262	-72.9136538
Loteo Los Ulmos	neighbourhood	-41.3438243	-72.8988399
Conjunto Vista Hermosa	neighbourhood	-41.3295953	-72.9654838
Población Varmontt	neighbourhood	-41.3292025	-72.9671961
Lomas 7	neighbourhood	-41.3349548	-72.9649441
Colinas del Lago	neighbourhood	-41.3353546	-72.9686470
Lomas de Puerto Varas	neighbourhood	-41.3348899	-72.9734252
Población Juan Minte	neighbourhood	-41.3322579	-72.9695748
Población Pedro Aguirre Cerda II	neighbourhood	-41.3306839	-72.9746246
Población Pablo Neruda	neighbourhood	-41.3283012	-72.9757059
Población Municipal III	neighbourhood	-41.3281092	-72.9730185
Población Pedro Aguirre Cerda	neighbourhood	-41.3261877	-72.9726163
Sector Los Rosales	neighbourhood	-41.3259405	-72.9781825
Población Antonio Varas	neighbourhood	-41.3250443	-72.9745832
Población Corvi Chica	neighbourhood	-41.3254915	-72.9763066
Población Los Cóndores	neighbourhood	-41.3208261	-72.9786095
Población Municipal II	neighbourhood	-41.3226071	-72.9802426
Población Municipal	neighbourhood	-41.3244476	-72.9876562
Población Empleados Particulares	neighbourhood	-41.3230845	-72.9883774
Mirador de Volcanes VII	neighbourhood	-41.3238609	-72.9935868
Jardines del Alto	neighbourhood	-41.3046873	-72.9948882
Parcelación San Alfonso II	neighbourhood	-41.3255650	-73.0131433
Parque Westfalia	neighbourhood	-41.3296581	-73.0023666
Loteo San Juan I	neighbourhood	-41.3296314	-72.9982875
Loteo San Juan II	neighbourhood	-41.3305640	-72.9981893
Plaza Comercial Santa Inés	neighbourhood	-41.3366534	-72.9981984
Club de Campo Residencial III	neighbourhood	-41.3380042	-73.0117182
Club de Campo Residencial I	neighbourhood	-41.3490595	-73.0122012
Club de Campo Residencial IV	neighbourhood	-41.3466269	-73.0201376
Club de Campo Residencial II	neighbourhood	-41.3619753	-73.0161019
Los Queules	neighbourhood	-36.8321873	-73.0106221
Cooperativa Puchacay	neighbourhood	-36.8239693	-73.0070891
Lagos de Chile	neighbourhood	-36.8202773	-73.0223010
Juan Bosco	neighbourhood	-36.8200142	-73.0355588
Plaza Perú	neighbourhood	-36.8268394	-73.0399966
Parque Ecuador	neighbourhood	-36.8312732	-73.0464060
Costanera	neighbourhood	-36.8269011	-73.0701321
Cerro Amarillo	neighbourhood	-36.8231820	-73.0559321
Barrio Plaza Cruz	neighbourhood	-36.8211881	-73.0603808
Casco Histórico	neighbourhood	-36.8194705	-73.0534689
Barrio Condell	neighbourhood	-36.8178014	-73.0433233
Los Conquistadores	neighbourhood	-36.8042779	-73.0258059
Cerro La Pólvora	neighbourhood	-36.8090534	-73.0373626
Lientur	neighbourhood	-36.8108809	-73.0420201
Tres Pascualas	neighbourhood	-36.8122394	-73.0479381
Manuel Rodríguez	neighbourhood	-36.8154598	-73.0539700
Laguna Redonda II	neighbourhood	-36.8077959	-73.0664991
Valle Aníbal Pinto	neighbourhood	-36.8116182	-73.0591723
Población Arenas del Bío Bío	neighbourhood	-36.7971662	-73.0318715
Lo Méndez	neighbourhood	-36.8008596	-73.0497124
Barrio Modelo	neighbourhood	-36.7926573	-73.0412583
Campos Bellavista	neighbourhood	-36.7896146	-73.0342518
Torreones de Bellavista	neighbourhood	-36.7828592	-73.0350368
Villa San Remo	neighbourhood	-36.7801891	-73.0415795
Parque Central	neighbourhood	-36.7930516	-73.0817342
Colón 9000	neighbourhood	-36.8018622	-73.0846955
Las Américas	neighbourhood	-36.8007127	-73.1011382
Nueva Costanera	neighbourhood	-36.7944971	-73.1126716
Los Boldos	neighbourhood	-36.7954152	-73.0993920
Villa Acero	neighbourhood	-36.7955794	-73.0881733
Villa Santa María	neighbourhood	-36.7894947	-73.0799234
Santa María	neighbourhood	-36.7714843	-73.0838334
Santa Leonor	neighbourhood	-36.7786892	-73.0830080
Patricio Lynch	neighbourhood	-36.7797342	-73.0915577
Esmeralda	neighbourhood	-36.7760428	-73.0866227
Carlos Condell	neighbourhood	-36.7729870	-73.0895041
Diego Portales	neighbourhood	-36.7776525	-73.0975264
Villa Los Libertadores	neighbourhood	-36.4231813	-71.9720787
Villa Teniente Merino	neighbourhood	-36.4317341	-71.9693862
Villa Ensenada 3	neighbourhood	-36.7651113	-73.0994657
Población La Herradura	neighbourhood	-36.7660373	-73.0951253
Valle San Eugenio	neighbourhood	-36.7666627	-73.0902210
Las Amapolas	neighbourhood	-36.7577670	-73.0997885
Huertos Familiares	neighbourhood	-36.7596662	-73.0804747
Perales	neighbourhood	-36.7621341	-73.0866457
Huertos Obreros	neighbourhood	-36.7567337	-73.0868053
Villa Las Araucarias	neighbourhood	-36.7534503	-73.0966678
Villa Los Constructores	neighbourhood	-36.7511587	-73.0885334
Santa Marta	neighbourhood	-36.7493631	-73.0893625
Las Higueras	neighbourhood	-36.7462593	-73.1084777
Las Salinas	neighbourhood	-36.7405207	-73.0885227
Luisa Echavarría	neighbourhood	-36.7417399	-73.0920756
Santa Clara	neighbourhood	-36.7388381	-73.0985772
Corvi	neighbourhood	-36.7428427	-73.1025178
Leonor Mascayano	neighbourhood	-36.7387979	-73.1061704
Gaete	neighbourhood	-36.7350373	-73.1096671
Libertad	neighbourhood	-36.7340571	-73.1163190
Los Copihues	neighbourhood	-36.7176908	-73.1462189
Población La Gloria	neighbourhood	-36.7212020	-73.1326686
Cerro San Francisco	neighbourhood	-36.7180151	-73.1325082
Cerro David Fuentes	neighbourhood	-36.7172210	-73.1147542
Cerro Zaror	neighbourhood	-36.7167899	-73.1241423
Cerro Buena Vista	neighbourhood	-36.7141867	-73.1214183
Cerro Cornou	neighbourhood	-36.7095484	-73.1175309
Mirador del Pacífico	neighbourhood	-36.7092967	-73.1484851
Frutillares	neighbourhood	-36.5996118	-72.9530490
Villa Hermosa	neighbourhood	-36.6080805	-72.9517990
Población El Libertador	neighbourhood	-36.6068725	-72.9485428
Parque Bilbao	neighbourhood	-36.4256265	-71.9751363
Barrio Parralito	neighbourhood	-36.4170968	-71.9547452
Barrio Estación	neighbourhood	-36.4260706	-71.9649574
Barrio Sur	neighbourhood	-36.4335385	-71.9626145
Valle Hondo	neighbourhood	-36.4226012	-71.9500170
Barrio Los Pabellones	neighbourhood	-36.4312252	-71.9586418
Población Los Lagos	neighbourhood	-36.6057443	-72.9683590
Altos de Miramar	neighbourhood	-36.6068639	-72.9695928
Villa Nuevo Cocholgüe	neighbourhood	-36.5974757	-72.9691851
Quintas Cocholgüe	neighbourhood	-36.6024455	-72.9697752
Villa Alto Cocholgüe	neighbourhood	-36.6051371	-72.9709446
Villa Cocholgüe	neighbourhood	-36.6064462	-72.9777038
Población Miramar	neighbourhood	-36.6033542	-72.9454529
Villa Nuevo Tomé	neighbourhood	-36.6078823	-72.9408610
Cerro El Santo	neighbourhood	-36.6159496	-72.9391122
El Morro	neighbourhood	-36.6178097	-72.9603607
Cerro Alegre	neighbourhood	-36.6248189	-72.9543257
Población Almirante Latorre	neighbourhood	-36.6293566	-72.9530382
California	neighbourhood	-36.6210733	-72.9454154
Carlos Mahns	neighbourhood	-36.6210539	-72.9511285
Población Alberto Vergara	neighbourhood	-36.6050294	-72.9517078
Cerro San Juan	neighbourhood	-36.6079232	-72.9624796
Cerro Navidad	neighbourhood	-36.6134048	-72.9611063
Población El Colo	neighbourhood	-36.6105328	-72.9662722
Licarrayén	neighbourhood	-36.6390099	-72.9521397
Villa El Bosque	neighbourhood	-38.6774130	-72.2204210
Villa La Primavera	neighbourhood	-38.6777271	-72.2189244
Villa Obrera	neighbourhood	-36.8278515	-72.9939928
Valle Verde Palomares	neighbourhood	-36.8291731	-72.9934116
La Alborada Palomares	neighbourhood	-36.8278584	-72.9919155
Villa San Ramón 2 Palomares	neighbourhood	-36.8264656	-72.9921269
Villa San Ramón Palomares	neighbourhood	-36.8238231	-72.9919561
La Puntilla Palomares	neighbourhood	-36.8256390	-72.9938181
Altos de Palomares	neighbourhood	-36.8196184	-72.9858742
Población 21 de Mayo Palomares	neighbourhood	-36.8176071	-72.9872890
Villa Marina	neighbourhood	-36.7381103	-72.9987028
Villa Penco	neighbourhood	-36.7381877	-72.9872618
Villa Italia	neighbourhood	-36.7267001	-72.9778433
Población Cardenal Samoré	neighbourhood	-39.0998596	-72.6891223
Población Arauco	neighbourhood	-39.0975907	-72.6905465
Población Santa Teresa de Los Andes	neighbourhood	-39.0988885	-72.6906820
Villa Madre Tierra	neighbourhood	-39.0945599	-72.6821083
Villa Las Rosas	neighbourhood	-39.1585778	-72.6576626
Población Pedro Aguirre Cerda	neighbourhood	-36.9112418	-73.0302175
Villa Pinares	neighbourhood	-36.9094087	-73.0256738
Población El Pantano	neighbourhood	-36.9116975	-73.0217497
San Martín	neighbourhood	-36.9109105	-73.0220433
Población René Schneider	neighbourhood	-36.9151266	-73.0231055
Población Arturo Prat	neighbourhood	-36.9124352	-73.0219200
Altos del Donguil	neighbourhood	-39.0952843	-72.6694537
Villa El Remanso 2	neighbourhood	-36.9455403	-73.0097482
Villa Los Presidentes de Chile	neighbourhood	-36.9494920	-73.0137768
Villa Pradera 2	neighbourhood	-36.9470194	-73.0099949
Las Araucarias	neighbourhood	-39.0942049	-72.6725784
Condominio Las Raíces	neighbourhood	-39.1049113	-72.6731793
Villa Valle del Sol Sur	neighbourhood	-36.9538529	-73.0124170
Población Papen	neighbourhood	-36.9217379	-73.0217323
Villa El Manzano	neighbourhood	-39.1043139	-72.6812500
Villa Estadio	neighbourhood	-39.1042681	-72.6801181
Buen Retiro	neighbourhood	-36.9954922	-73.1758762
Caleta Maule	neighbourhood	-37.0074406	-73.1857252
Nuevo Amanecer	neighbourhood	-37.0151896	-73.1594074
Cerro Obligado	neighbourhood	-37.0188561	-73.1581307
Conjunto Adela Ester	neighbourhood	-37.0160848	-73.1627655
La Obra	neighbourhood	-37.0165260	-73.1659252
El Esfuerzo	neighbourhood	-37.0183935	-73.1641495
Aroldo Figueroa	neighbourhood	-37.0216744	-73.1634629
Lo Rojas	neighbourhood	-37.0231391	-73.1577766
Villa Los Aromos 2	neighbourhood	-37.0238715	-73.1763643
Palomares	neighbourhood	-37.0261885	-73.1763697
La Colonia	neighbourhood	-37.0202267	-73.1707156
Colectivos Schwager	neighbourhood	-37.0243683	-73.1793362
Villa La Hermosa	neighbourhood	-37.0264754	-73.1785154
Ultraestación	neighbourhood	-36.4248762	-71.9727945
Villa Eben - Ezer	neighbourhood	-39.0941227	-72.6775405
Población Los Sauces	neighbourhood	-39.0976323	-72.6897526
Los Notros	neighbourhood	-39.0977989	-72.6913620
Población La Araucana	neighbourhood	-39.0984400	-72.6893557
Población Los Cerezos	neighbourhood	-39.0976011	-72.6883123
Población 21 de Mayo	neighbourhood	-36.9139783	-73.0281052
Población Cardenal Raúl Silva	neighbourhood	-39.0989104	-72.6885349
Población Santo Tomás	neighbourhood	-36.9209081	-73.0300913
Recinto Caupolicán	neighbourhood	-36.9187251	-73.0317007
Población Olombi Banna	neighbourhood	-36.9279540	-73.0250555
Población José Cardjin	neighbourhood	-36.9446014	-73.0218154
Villa Lambert	neighbourhood	-29.8875422	-71.2252862
Villa Antuco	neighbourhood	-36.9181611	-73.0251159
Población San Marco	neighbourhood	-36.9241781	-73.0212870
Población Alberto Blest Gana	neighbourhood	-36.9199281	-73.0243367
Las Vertientes	neighbourhood	-36.9253810	-73.0203295
Población Los Aromos	neighbourhood	-37.6750913	-72.5788593
Población La Feria	neighbourhood	-37.6748323	-72.5887406
Población Millaray	neighbourhood	-37.6741487	-72.5866485
Población Padre Hurtado	neighbourhood	-37.6767811	-72.5870240
Reserva Paillahuinte	neighbourhood	-39.7850925	-72.1175623
Condominio Canelo	neighbourhood	-23.5617742	-70.3930395
Glaciar Grey	neighbourhood	-51.7383553	-72.4748861
Glaciar Serrano	neighbourhood	-51.7381077	-72.4729191
Población Kahl	neighbourhood	-41.3244604	-73.0846201
Población Santa Rosa	neighbourhood	-41.3239726	-73.0825673
Población Diego Portales	neighbourhood	-41.3233631	-73.0844993
Población Digna Campesina	neighbourhood	-41.3237477	-73.0860063
Villa Bellavista	neighbourhood	-41.3260759	-73.0853572
Villa Los Ríos	neighbourhood	-41.3286004	-73.0825944
Población Ojeda	neighbourhood	-41.3272003	-73.0813482
Villa Los Jardines	neighbourhood	-41.3279983	-73.0804594
Villa El Esfuerzo	neighbourhood	-41.3290141	-73.0813865
Población Padre Hurtado	neighbourhood	-41.3291872	-73.0808378
Villa Juan Pablo II	neighbourhood	-41.3302515	-73.0806116
Población Klein	neighbourhood	-41.3260163	-73.0788558
Población Rhode Island	neighbourhood	-41.3250148	-73.0724733
Loteo Fundo El Puente	neighbourhood	-41.3242317	-73.0358451
Parcelación Don Ignacio	neighbourhood	-41.3280185	-73.0270904
Loteo El Bosque	neighbourhood	-41.3322949	-73.0242129
Parcelación El Alba Golf Park	neighbourhood	-41.3166474	-73.0173847
Alto Esperanza II	neighbourhood	-41.3145232	-73.0046753
Loteo Los Pinos	neighbourhood	-41.3126870	-73.0021117
Camino Viejo	neighbourhood	-41.3068493	-73.0021620
Condominio Los Ulmos de Molino Viejo	neighbourhood	-41.2954963	-73.0028619
Condominio El Laurel	neighbourhood	-41.2952608	-72.9966382
Loteo Kinast	neighbourhood	-41.3051423	-73.0123952
Loteo Palma	neighbourhood	-41.3330248	-72.9905347
Población Cristóbal Colón	neighbourhood	-41.3301807	-72.9735687
Población Manos Unidas	neighbourhood	-41.3310339	-72.9735782
Población Unión y Esfuerzo III	neighbourhood	-38.9858000	-72.6639658
Ampliación Carabineros	neighbourhood	-38.9767164	-72.6376896
La Feria	neighbourhood	-38.9802665	-72.6405287
Los Castaños	neighbourhood	-38.9790155	-72.6395148
Independencia	neighbourhood	-38.9792553	-72.6442382
América	neighbourhood	-38.9777352	-72.6430312
Población La Batalla	neighbourhood	-36.9366480	-73.0177881
Población La Montaña	neighbourhood	-36.9395357	-73.0123110
Villa Los Ríos IV	neighbourhood	-38.9797265	-72.6478726
Población Santa Paula	neighbourhood	-36.9362589	-73.0199835
Villa Alcántara	neighbourhood	-36.9377520	-73.0176982
Villa Ramuntcho	neighbourhood	-36.9399838	-73.0149543
Población Pinar del Río	neighbourhood	-36.9446389	-73.0249509
Enrique Molina	neighbourhood	-36.9453581	-73.0216987
Población Jorge Montt	neighbourhood	-36.9447815	-73.0203523
Población Santa Marta	neighbourhood	-36.9425092	-73.0193907
Villa Bella	neighbourhood	-36.9398016	-73.0259809
Población Las Delicias	neighbourhood	-36.9398126	-73.0205914
Población Baquedano	neighbourhood	-36.9375312	-73.0225638
Pablo Neruda	neighbourhood	-36.9390234	-73.0239625
Irene Frei	neighbourhood	-36.9370746	-73.0262169
Población Carlos Condell	neighbourhood	-36.9392849	-73.0291700
Villa San Guillermo	neighbourhood	-36.9435424	-73.0285317
Villa Las Araucarias	neighbourhood	-36.9420354	-73.0256215
Villa Los Ríos III	neighbourhood	-38.9813883	-72.6494658
Villa Los Ríos	neighbourhood	-38.9819179	-72.6484197
Villa Los Ríos II	neighbourhood	-38.9815488	-72.6491413
Alonso de Ercilla	neighbourhood	-36.9487043	-73.0168775
Sección Manquimávida	neighbourhood	-36.9518670	-73.0165301
Inés Enríquez Frodden	neighbourhood	-36.9495424	-73.0164403
Jardines Familiares	neighbourhood	-36.9509485	-73.0161077
Villa Pumalal VI	neighbourhood	-38.9823057	-72.6452172
Villa Pumalal	neighbourhood	-38.9808754	-72.6457053
El Bosque	neighbourhood	-38.9839945	-72.6464993
Inés de Suárez	neighbourhood	-38.9826142	-72.6470357
Villa Los Jardines	neighbourhood	-38.9816948	-72.6411590
Caleta San Agustín	neighbourhood	-29.2469218	-71.4673346
Leonera Medio	neighbourhood	-36.9544595	-73.0184251
Villa Los Aromos	neighbourhood	-36.9456625	-73.0273931
Villa Los Héroes de Chile	neighbourhood	-36.9473275	-73.0264778
Dieciocho de Septiembre	neighbourhood	-38.9863588	-72.6457000
Villa Miryam	neighbourhood	-38.9908119	-72.6539451
Villa El Progreso	neighbourhood	-38.9888481	-72.6526737
Villa Bicentenario	neighbourhood	-38.9884665	-72.6457858
Comité Las Abejitas	neighbourhood	-38.9879579	-72.6548383
Población Santa Clemira	neighbourhood	-36.9366544	-73.0213755
Población Los Notros	neighbourhood	-36.9377735	-73.0206875
Población Los Castaños 2	neighbourhood	-38.6813557	-72.5003028
Población Los Castaños 1	neighbourhood	-38.6817912	-72.5016573
Villa El Retiro 2	neighbourhood	-38.6991175	-72.5340879
Hacienda Las Mariposas 3	neighbourhood	-38.6973633	-72.5512648
Hacienda Las Mariposas 2	neighbourhood	-38.6996325	-72.5526702
Condominio Vista Golf	neighbourhood	-38.6957137	-72.5407773
Hacienda Las Mariposas 1	neighbourhood	-38.6991573	-72.5481735
Villa Pacífico	neighbourhood	-36.4154055	-71.9605836
Villa Baldomero Silva	neighbourhood	-36.4171069	-71.9622234
Villa los Jardines	neighbourhood	-36.4144769	-71.9614049
Población Araucanía	neighbourhood	-36.4191735	-71.9622400
Población Los Jardines	neighbourhood	-37.4946637	-72.6846188
Población La Estrella	neighbourhood	-36.9301742	-73.0177854
Población Los Almendros	neighbourhood	-36.9316129	-73.0215191
6 de Mayo	neighbourhood	-33.5769379	-70.6551563
Población Villa La Ribera	neighbourhood	-36.9069729	-73.0329466
Población Jorge Washington	neighbourhood	-33.7225764	-70.7406561
Las Pilastras	neighbourhood	-34.4092832	-71.2340287
Villa Porvenir	neighbourhood	-34.2974581	-71.3600174
Jardín del Sol	neighbourhood	-36.9457247	-73.0172583
Ciudad Alpina	neighbourhood	-36.9468222	-73.0204824
Villa del Río 1	neighbourhood	-36.9489144	-73.0249080
Barrio Mankemalén	neighbourhood	-38.7710763	-72.5995955
Población Licanray	neighbourhood	-36.9438018	-73.0256952
Población Manquecura	neighbourhood	-36.9435006	-73.0275393
Sector Manquimávida	neighbourhood	-36.9425499	-73.0263645
Población Los Lirios	neighbourhood	-36.9410000	-73.0241396
Villa Las Hortensias	neighbourhood	-36.9362406	-73.0246264
Villa Progreso	neighbourhood	-36.9361720	-73.0227556
Población Nueva Progreso	neighbourhood	-36.9332102	-73.0175185
Antillanca	neighbourhood	-36.9323450	-73.0159213
Población Las Violetas	neighbourhood	-36.9011626	-73.0326234
Población Los Boldos	neighbourhood	-36.9118477	-73.0328634
Valle La Piedra	neighbourhood	-36.9278875	-73.0179584
Sol del Biobío	neighbourhood	-36.9476839	-73.0252862
Villa del Río 2	neighbourhood	-36.9494845	-73.0244386
Villa Esperanza	neighbourhood	-36.9445295	-73.0142690
Villa Alhambra	neighbourhood	-36.9442284	-73.0131975
Villa Las Palmeras	neighbourhood	-36.9425789	-73.0226093
Cooperativa Biogás	neighbourhood	-36.9009460	-73.0274146
Villa Docencia	neighbourhood	-36.9010629	-73.0262438
Sector Canto de Agua	neighbourhood	-36.9013825	-73.0239585
Cooperativa Río de Oro	neighbourhood	-36.9027348	-73.0251830
Plaza de Los Aromos	neighbourhood	-36.9403279	-73.0113213
Población Los Aromos	neighbourhood	-36.9412315	-73.0123942
Población Chiguayante Sur Manquimávida	neighbourhood	-36.9468737	-73.0229688
Población Pueblo Nuevo	neighbourhood	-36.9271607	-73.0224860
Comunidad Madesal	neighbourhood	-36.9363532	-73.0146633
Villa Los Jazmines	neighbourhood	-36.9359427	-73.0132900
Villa Magdalena	neighbourhood	-36.9422401	-73.0131800
Villa Canelo	neighbourhood	-36.9427075	-73.0144139
Villa Recabarren	neighbourhood	-38.7536440	-72.6309800
Barrio Alto Miraflores	neighbourhood	-30.0048493	-71.3259075
Campanario	locality	-37.7736490	-72.4865913
La Foresta del Carmen	neighbourhood	-33.0501258	-71.3381000
Lomas de San José	neighbourhood	-36.6037009	-72.9578716
Valles de Parral	neighbourhood	-36.1247582	-71.8147885
Población Loma Larga	neighbourhood	-36.6016575	-72.9614496
Villa Alemania	neighbourhood	-36.6032681	-72.9642364
Villa Baena	neighbourhood	-36.4332123	-71.9541357
Quintas Cocholgüe	neighbourhood	-36.6009490	-72.9690161
Villa El Mirador	neighbourhood	-36.5970213	-72.9650867
Portal Alto III	neighbourhood	-38.7496446	-72.6447639
Los Torreones del Carmen	neighbourhood	-33.0500967	-71.3352668
Aposento Alto	neighbourhood	-36.6075443	-72.9429236
Población Quinta Las Encinas	neighbourhood	-36.6061469	-72.9428270
Villa Los Boldos	neighbourhood	-36.5999564	-72.9516757
Villa Las Araucarias	neighbourhood	-36.6032272	-72.9502702
Villa San Carlos	neighbourhood	-36.4249539	-71.9724864
Visión Mundial	neighbourhood	-36.4245301	-71.9760111
Villa El Roble	neighbourhood	-36.4302828	-71.9566910
Villa Carlos Avila	neighbourhood	-36.4335145	-71.9563478
Villa Prat	neighbourhood	-36.4156090	-71.9581176
Villa Los Aromos	neighbourhood	-36.4193004	-71.9530238
Villa Glorias del Ejército	neighbourhood	-36.4171207	-71.9579384
Población Miraflores	neighbourhood	-36.7403962	-72.9912785
Población Pedro de Valdivia	neighbourhood	-36.7404360	-72.9927671
Villa El Solar de Buin	neighbourhood	-33.7230991	-70.7359855
Población Manuel Rodríguez	neighbourhood	-36.7008403	-71.9121265
PoblaciónAlerce Milenario	neighbourhood	-41.3913651	-72.8947619
Población Senda Central	neighbourhood	-41.3904511	-72.8927668
Casas del Fundo	neighbourhood	-38.7455382	-72.6462605
Mirador de La Frontera	neighbourhood	-38.7401053	-72.6511986
Barrio Inglés I	neighbourhood	-38.7405404	-72.6435810
Barrio Inglés II	neighbourhood	-38.7408971	-72.6443736
Población Geo Chile	neighbourhood	-36.7114480	-72.9657680
Villa Edén	neighbourhood	-33.6775149	-70.9949157
Barrio Antuco	neighbourhood	-36.4278455	-71.9498039
Villa el Bosque	neighbourhood	-36.4158555	-71.9729368
Santa María de Itihue	neighbourhood	-36.4166241	-71.9522524
Los Presidentes	neighbourhood	-36.4333881	-71.9695874
Villa Alessandri	neighbourhood	-36.4295205	-71.9661608
Villa Gabriela Mistral	neighbourhood	-36.4269078	-71.9650399
Villa General Parra	neighbourhood	-36.4308273	-71.9506997
Nuestra Señora del Carmen	neighbourhood	-38.7120951	-72.6644004
Praderas del Carmen 3	neighbourhood	-38.7151295	-72.6566649
Los Palacios	neighbourhood	-36.4204655	-71.9407290
Jardines de la Frontera	neighbourhood	-38.6936747	-72.5439370
Condominio Las Mariposas 2	neighbourhood	-38.6965678	-72.5517851
Condominio Las Mariposas 1	neighbourhood	-38.6978720	-72.5519675
Condominio Las Mariposas 3	neighbourhood	-38.6967332	-72.5496367
Villa Juan Pablo Segundo	neighbourhood	-34.5876949	-71.3573036
Pinares de Montemar	neighbourhood	-32.9461998	-71.5388553
Mirador de Montemar	neighbourhood	-32.9497660	-71.5413397
Lomas de Montemar	neighbourhood	-32.9401408	-71.5263958
Vista al Mar	neighbourhood	-32.9356460	-71.5409274
Villa Concón Dos	neighbourhood	-32.9373216	-71.5376800
Villa Aconcagua	neighbourhood	-32.9372130	-71.5301068
Villa Contraloría	neighbourhood	-32.9363597	-71.5391897
Las Tranqueras	neighbourhood	-38.7127478	-72.5495106
Villa Magisterio	neighbourhood	-38.7169293	-72.5602663
Villa Los Copihues	neighbourhood	-38.7142282	-72.5598844
Villa Los Nogales	neighbourhood	-38.7068854	-72.5524503
Loteo Valle Verde	neighbourhood	-38.7091835	-72.5522035
Parque Don Rosauro	neighbourhood	-38.7123376	-72.5544459
Población Paredes	neighbourhood	-38.7364146	-72.5748843
Villa Olímpica	neighbourhood	-38.7298406	-72.5843418
Villa Santa Lucía	neighbourhood	-38.7423688	-72.5746375
Villa Imperial	neighbourhood	-38.7450382	-72.6062018
Población Las Quilas	neighbourhood	-38.7489399	-72.6069585
Puesto Poca Agua	locality	-53.3095317	-69.2315912
Puesto Río Nuevo	locality	-53.3417958	-69.2924881
Loteo Milano	neighbourhood	-38.7602138	-72.6520139
Villa Valle del Maipo	neighbourhood	-38.7605128	-72.6500452
Villa Rucalhue	neighbourhood	-38.7607513	-72.6483339
Nueva Galicia	neighbourhood	-38.7587267	-72.6385519
Población Los Navíos	neighbourhood	-33.5660497	-70.6095225
Población Pascual Gambino	neighbourhood	-33.3632321	-70.7521784
Población Valle de la Luna	neighbourhood	-33.3673808	-70.7447219
Villa Los Tres Santos	neighbourhood	-33.6292041	-70.5975866
Villa Altamira	neighbourhood	-38.7519539	-72.6404053
Parque Residencial Martín Hiriart	neighbourhood	-38.7512762	-72.6432055
Villa Los Ganaderos	neighbourhood	-38.7511967	-72.6307494
Juan Pablo II	neighbourhood	-38.7487978	-72.6298063
Villa Las Encinas	neighbourhood	-38.7504478	-72.6224828
Villa Andalucía	neighbourhood	-38.7516527	-72.6209378
Villa Andrés Bello	neighbourhood	-38.7503098	-72.6136476
Los Cipreses	neighbourhood	-36.4464217	-71.9561633
Villa Italia	neighbourhood	-38.7565263	-72.6320529
Villa René Schneider	neighbourhood	-38.7449545	-72.6146239
Villa O'Higgins	neighbourhood	-38.7474732	-72.6135269
Villa Claro de Luna	neighbourhood	-38.7587799	-72.6406423
Villa San Patricio	neighbourhood	-38.7578963	-72.6409873
Villa Araucana	neighbourhood	-38.7583607	-72.6422185
Los Conquistadores IV	neighbourhood	-38.7421649	-72.6451354
Los Conquistadores III	neighbourhood	-38.7407119	-72.6470357
Cumbres del Portal	neighbourhood	-38.7478008	-72.6509444
Portal Alto II	neighbourhood	-38.7485819	-72.6451474
Bosques del Portal	neighbourhood	-38.7419211	-72.6483849
Villa Bayona	neighbourhood	-38.7412642	-72.6315004
Villa Rochdale	neighbourhood	-38.7413102	-72.6302236
Villa José Miguel Carrera	neighbourhood	-38.7414483	-72.6269084
Villa Los Lagos	neighbourhood	-38.7384650	-72.6273698
Villa Trianon	neighbourhood	-38.7427036	-72.6340860
Villa Las Américas	neighbourhood	-39.8374346	-73.2021801
Villa Hernosa	neighbourhood	-39.8367674	-73.1994489
Villa Los Creadores	neighbourhood	-38.7106967	-72.6568312
Matías Catrileo	neighbourhood	-41.3878293	-72.8941830
Jaime Mendoza	neighbourhood	-41.3855372	-72.8947467
Condominio María Inés	neighbourhood	-41.3895106	-72.9034861
Alerce Histórico	neighbourhood	-41.3952427	-72.9148198
Parcelación Parque Los Alerces	neighbourhood	-41.3808121	-72.9296375
Santa Anita	neighbourhood	-36.4447801	-71.9488445
Altos de Labranza	neighbourhood	-38.7612951	-72.7755672
Los Castaños	neighbourhood	-38.7668917	-72.7650744
Los Sembradores	neighbourhood	-38.7684308	-72.7645648
Portal Alegría	neighbourhood	-38.7723581	-72.7691460
Villa Labranza	neighbourhood	-38.7707145	-72.7593076
Villa Los Lirios	neighbourhood	-38.7694890	-72.7568346
Villa San Cristóbal	neighbourhood	-38.7691879	-72.7592433
Villa Los Copihues	neighbourhood	-38.7694263	-72.7605414
Villa Navidad	neighbourhood	-38.7695559	-72.7610323
Villa La Rivera	neighbourhood	-38.7717433	-72.7522373
Villa Los Poetas	neighbourhood	-38.7726593	-72.7532834
Villa El Trébol	neighbourhood	-38.7722118	-72.7506012
Villa Ayelén	neighbourhood	-38.7702628	-72.7513200
Villa Los Diamantes	neighbourhood	-38.7710763	-72.7537930
Villa Los Castaños	neighbourhood	-34.0685359	-70.7217913
Pedro de Valdivia	neighbourhood	-33.6837756	-70.9929496
Villa 11 de Septiembre	neighbourhood	-33.6850344	-70.9944758
Villa Los Párrocos	neighbourhood	-33.6769368	-70.9908199
Villa Colonial	neighbourhood	-33.6773430	-70.9897175
Villa Cuarzo	neighbourhood	-33.6772113	-70.9886313
San Francisco	neighbourhood	-33.6766578	-70.9869146
Altos del Monte	neighbourhood	-33.6733275	-70.9868556
Villa América	neighbourhood	-33.6894534	-71.0343294
Villa Santa Blanca	neighbourhood	-33.6859204	-71.0266221
Villa Álamos de Lo Chacón	neighbourhood	-33.6856347	-71.0230279
Villa Lo Chacón	neighbourhood	-33.6857999	-71.0207480
Villa Bicentenario	neighbourhood	-33.6864561	-71.0129964
Villa Las Camelias	neighbourhood	-33.6849295	-71.0071546
Villa Los Cipreses	neighbourhood	-33.6834921	-71.0043088
Pilar de La Colonia	neighbourhood	-33.6833538	-71.0028148
Los Libertadores	neighbourhood	-33.6825190	-71.0013878
Población Los Héroes	neighbourhood	-33.6749792	-70.9762019
Villa Los Ediles	neighbourhood	-33.6753051	-70.9833124
Las Palmeras de Malloco	neighbourhood	-33.6178715	-70.8746803
Nueva Vida	neighbourhood	-33.6150035	-70.8871365
Villa Portal del Sol	neighbourhood	-38.7659045	-72.7304041
Villa El Bosque	neighbourhood	-38.7590969	-72.7463472
Brisas de Labranza	neighbourhood	-38.7685379	-72.7454908
Villa Los Altos del Sol	neighbourhood	-38.7676780	-72.7789253
Villa San Marcos	neighbourhood	-38.7108094	-72.6368585
Villa Arquenco	neighbourhood	-38.7104163	-72.6347512
Villa Los Laureles	neighbourhood	-38.7125142	-72.6346225
Conjunto El Alba	neighbourhood	-33.6736176	-70.9891516
Villa El Salar	neighbourhood	-38.7136687	-72.6279008
Villa Andina	neighbourhood	-38.7114251	-72.6260448
Villa El Esfuerzo	neighbourhood	-38.7114418	-72.6295960
Villa El Salitre	neighbourhood	-38.7115214	-72.6215681
Villa Cóndores	neighbourhood	-38.7092358	-72.6250282
El Bosque	neighbourhood	-38.7227428	-72.6327342
Villa Chivilcán	neighbourhood	-38.7135054	-72.6184326
San José de Lanín	neighbourhood	-38.7203740	-72.6079935
Villa Apoquindo	neighbourhood	-38.7283968	-72.6273161
Villa Canpalau	neighbourhood	-38.7292003	-72.6255029
Jardín de América	neighbourhood	-38.7265220	-72.6284909
Puerta de Alcalá	neighbourhood	-38.7278151	-72.6323587
Puerta de Alcalá	neighbourhood	-38.7293301	-72.6300842
Lomas de Mirasur	neighbourhood	-38.7329698	-72.6360340
Cumbres del Sur	neighbourhood	-38.7315082	-72.6333430
Villa Altos del Mirasur	neighbourhood	-38.7306546	-72.6413709
Barrio Germania	neighbourhood	-38.7359251	-72.6490420
Población Bellavista	neighbourhood	-34.2009732	-70.5310206
Población Errázuriz	neighbourhood	-34.2056538	-70.5308167
Villa Los Cipreses	neighbourhood	-34.2057840	-70.5374517
Población Supervisores	neighbourhood	-34.2084220	-70.5390809
Población Americana	neighbourhood	-34.2083821	-70.5331693
La Granja	neighbourhood	-33.0506198	-71.4521691
Villa Campanario	neighbourhood	-34.4427631	-71.0856187
Los Nogales	neighbourhood	-38.7668205	-72.6760519
Los Alerces	neighbourhood	-38.7662810	-72.6773849
Villa Los Cipreses	neighbourhood	-38.7575157	-72.6701564
Villa El Sol	neighbourhood	-38.7579821	-72.6714653
Villa Industrial	neighbourhood	-38.7078168	-72.6457000
Villa Holanda	neighbourhood	-38.7092798	-72.6437661
Villa El Estero	neighbourhood	-38.7122204	-72.6444125
Villa Las Condes	neighbourhood	-38.7362012	-72.6348049
Huana	neighbourhood	-30.7059585	-70.9594166
Lomas de Ralún	neighbourhood	-38.7090558	-72.6483098
Villa Comunidad Cristiana	neighbourhood	-38.7074920	-72.6475226
Los Eucaliptus	neighbourhood	-33.0516478	-71.4402665
Villa El Mirador	neighbourhood	-38.7097428	-72.6458208
Población Pablo Neruda	neighbourhood	-36.9972470	-73.1549041
Villa La Unión	neighbourhood	-38.6855987	-72.6529741
Las Praderas	neighbourhood	-38.6866362	-72.6533711
Villa Antukuyén	neighbourhood	-38.7075363	-72.6269272
Villa Caupolicán	neighbourhood	-38.7221214	-72.6223782
Villa Santiago	neighbourhood	-38.7181327	-72.6270854
Villa Doña Isabel	neighbourhood	-36.6337400	-72.0871703
Villa Valle Hermoso	neighbourhood	-36.6347108	-72.0888992
Campamento Pichicautin	neighbourhood	-38.7456168	-72.5943843
Barrio Don Baltazar	neighbourhood	-34.1645697	-70.7812784
Villa Plaza de Armas	neighbourhood	-36.1369844	-71.8240469
Villa Santa Margarita	neighbourhood	-38.9935158	-72.6251811
Villa Los Magnolios	neighbourhood	-38.9938035	-72.6300520
Cacique Paillalef	neighbourhood	-38.9942892	-72.6323962
Villa Las Américas	neighbourhood	-33.8186167	-70.7412565
La Buitrera	locality	-34.0454767	-70.4911995
Patria Nueva	neighbourhood	-33.9897191	-70.7145310
Villa Los Lagos	neighbourhood	-38.9625497	-72.6267636
Villa El Bosque	neighbourhood	-33.8040886	-70.7353422
Del Villar	neighbourhood	-33.8095400	-70.7299926
Población Santa María de Paine	neighbourhood	-33.8061254	-70.7396414
Villa Bernardo Piñeiro	neighbourhood	-33.8039251	-70.7171300
Sendero del Águila III	neighbourhood	-38.9594422	-72.6251811
Sendero del Águila I	neighbourhood	-38.9599761	-72.6253232
Viola Schleyer	neighbourhood	-38.9596486	-72.6267529
Barrio Industrial	neighbourhood	-38.9548285	-72.6183522
Villa Marina	neighbourhood	-41.4971592	-72.9878889
Juan Chávez	neighbourhood	-37.6770826	-72.5899476
Villa Amanecer	neighbourhood	-37.6784837	-72.5886869
Arturo Prat	neighbourhood	-33.7239136	-70.7420665
Villa Los Jardines de Buin	neighbourhood	-33.7265348	-70.7362300
Berta Mella	neighbourhood	-37.9796992	-72.8419358
Tren Tren	neighbourhood	-37.9786378	-72.8411552
Padre C. Díaz	neighbourhood	-33.7307375	-70.7798615
Villa Santa Isabel 2	neighbourhood	-33.7300281	-70.7784078
Villa Santa Isabel 1	neighbourhood	-33.7306929	-70.7771578
Población Yo Construyo Mi Casa	neighbourhood	-33.7321963	-70.7856631
Villa Las Palmas	neighbourhood	-33.7333305	-70.7567335
Villa El Progreso	neighbourhood	-33.7338091	-70.7773805
Terra Verde	neighbourhood	-33.7301352	-70.7733437
Villa Campanario de Maipo	neighbourhood	-33.7283194	-70.7758516
Arturo Prat	neighbourhood	-33.7282034	-70.7742745
Viñedos de Buin	neighbourhood	-33.7252766	-70.7733411
Los Magnolios 1	neighbourhood	-33.7265147	-70.7732633
Bajos del Maipo	neighbourhood	-33.7270858	-70.7724935
Valles del Maipo	neighbourhood	-33.7267802	-70.7696021
Tierras del Maipo	neighbourhood	-33.7252900	-70.7716781
El Molino	neighbourhood	-33.7229521	-70.7719195
Umbrales de Buin	neighbourhood	-33.7302333	-70.7606220
Clubes Deportivos	neighbourhood	-33.7316208	-70.7624996
Santa Adela	neighbourhood	-33.7327116	-70.7635188
Los Tuliperos	neighbourhood	-33.7358857	-70.7587069
Forjadores de Buin	neighbourhood	-33.7381776	-70.7594191
El Pedregal de Buin	neighbourhood	-33.7248215	-70.7351142
Pincheira	neighbourhood	-37.9809360	-72.8396988
Las Golondrinas	locality	-37.4552203	-72.6878748
Población Salvador Allende	neighbourhood	-33.7094676	-70.7406235
El Fortín	neighbourhood	-37.9831347	-72.8274062
Villa Brisas del Sur	neighbourhood	-38.7305311	-72.5578281
Villa Portal del Sol	neighbourhood	-38.7296816	-72.5565434
Villa Virginia	neighbourhood	-33.7390709	-70.7432574
Jardines del Sur	neighbourhood	-33.7421667	-70.7431635
Santa Rosa	neighbourhood	-33.7413660	-70.7429436
Villa Las Flores de Buin	neighbourhood	-33.7398761	-70.7386896
Villa Dulcinea	neighbourhood	-33.7407504	-70.7389176
Villa Gabriela	neighbourhood	-33.7401995	-70.7412806
Villa Los Trovadores	neighbourhood	-38.7317782	-72.5578898
Villa Bicentenario	neighbourhood	-38.7284889	-72.5553310
Termas de Monteblanco II	neighbourhood	-36.4799222	-71.9033728
Termas de Monteblanco	neighbourhood	-36.4738203	-71.8928271
Villa El Pellín	neighbourhood	-33.2910347	-70.8794224
Población Ignacio Serrano	neighbourhood	-33.2880505	-70.8798516
Villa Don Nicolás	neighbourhood	-33.2881065	-70.8774081
Villa Prados del Sol	neighbourhood	-33.2894809	-70.8759946
Villa Remanso de Lampa	neighbourhood	-33.2893980	-70.8738676
Villa Alto de Lampa	neighbourhood	-33.2895953	-70.8705255
Población Isabel Riquelme	neighbourhood	-33.2856649	-70.8850819
Villa Cambio 2000	neighbourhood	-33.2912768	-70.8844918
Población Manuel Rodríguez	neighbourhood	-33.2783797	-70.8911490
Población P. Pinochet	neighbourhood	-33.2766418	-70.8902693
Prados de Melipilla	neighbourhood	-33.6836194	-71.1989486
Villa Galilea	neighbourhood	-33.6831417	-71.1971811
Población Los Canelos	neighbourhood	-33.6814633	-71.2225843
Sol del Valle	neighbourhood	-33.6780640	-71.2373257
Población Renacer	neighbourhood	-33.6810727	-71.2383154
Villa Camilo Vial	neighbourhood	-32.8591237	-70.6256698
Población La Pampilla	neighbourhood	-32.8596936	-70.6247681
Villa Los Aromos	neighbourhood	-32.8618751	-70.6406944
Población Arturo Prat	neighbourhood	-32.8654842	-70.6382077
Villa Sagrada Familia	neighbourhood	-32.8724649	-70.6477165
Población Juan XIII	neighbourhood	-32.8718981	-70.6510656
Villa Sol del Valle	neighbourhood	-32.8590826	-70.6607838
Villa Las Américas	neighbourhood	-33.6849830	-71.2255454
Chacra San Pedro	neighbourhood	-33.6906473	-71.2060458
Las Margaritas	neighbourhood	-33.6884736	-71.2090874
Los Chacabucanos	neighbourhood	-33.6769658	-71.2061423
Los Poetas	neighbourhood	-33.6858401	-71.2294185
Población Lo Herrera	neighbourhood	-33.7488175	-70.9001050
Villa Eusebio Lillo	neighbourhood	-33.7559003	-70.8935523
Villa El Mirador	neighbourhood	-33.7453249	-70.9020978
Villa San Alberto	neighbourhood	-32.8502224	-70.6932955
Villa Los Almendros	neighbourhood	-32.8707128	-70.6811276
Villa San José de Auco	neighbourhood	-32.8810418	-70.6762029
Villa Cordillera	neighbourhood	-32.8325316	-70.6878074
Cántaros de Agua	neighbourhood	-33.6129261	-70.8959234
Los Prados	neighbourhood	-33.6059298	-70.8831051
Villa Nazareth	neighbourhood	-33.6036914	-70.8734143
Parque Miraflores	neighbourhood	-33.6013367	-70.8701849
Salvador Silva	neighbourhood	-33.5974830	-70.8783281
Villa Diego Portales	neighbourhood	-32.8454695	-70.6023148
Villa La Familia	neighbourhood	-32.8469467	-70.6068337
Pinares de Pucón	neighbourhood	-39.2826926	-71.9865236
Villa Los Castaños	neighbourhood	-32.8399901	-70.5962203
Portal del Volcán	neighbourhood	-39.2859862	-71.9791875
Villa Marisol	neighbourhood	-32.8410329	-70.6043324
Villa Minera Andina	neighbourhood	-32.8414637	-70.6058298
Villa Sor Teresa	neighbourhood	-32.8412883	-70.6078676
Villa Elva	neighbourhood	-36.4155612	-71.8281398
La Quinta	neighbourhood	-36.4645629	-71.7234772
Cachapoal Bajo	neighbourhood	-36.4627641	-71.7364583
Población Los Aromos	neighbourhood	-33.2107215	-70.6807405
Barrio Portezuelo	neighbourhood	-33.2145465	-70.6819488
Villa El Bosque	neighbourhood	-39.2848929	-71.9631457
Turbina Alto	neighbourhood	-39.2877051	-71.9657112
Villa La Parva	neighbourhood	-32.8472498	-70.6007261
Villa Los Alerces	neighbourhood	-32.8328128	-70.5913494
Los Robles II	neighbourhood	-39.2853058	-71.9556809
Los Robles	neighbourhood	-39.2833894	-71.9535562
Villa Cordillera de La Reina	neighbourhood	-33.6032066	-70.8773276
Las Lomas de Peñaflor	neighbourhood	-33.6021421	-70.8813764
Villa Frei	neighbourhood	-33.6073327	-70.8744925
Renacer Campesino	neighbourhood	-33.6072657	-70.8770138
Villa Aguas Claras	neighbourhood	-33.6067608	-70.8662877
Loteo Vista Hermosa	neighbourhood	-39.2820956	-71.9796129
Villa El Mirador	neighbourhood	-32.8274665	-70.5924030
Condominio Mahuidanche	neighbourhood	-39.2863072	-71.9749700
Ramón Guiñez	neighbourhood	-39.2900291	-71.9600981
Cordillera Alto	neighbourhood	-39.2885155	-71.9611309
Villa O'Higgins	neighbourhood	-33.1819272	-70.6478432
Villa Lafquén	neighbourhood	-39.2806249	-71.9628406
Villa Entre Ríos	neighbourhood	-39.2810334	-71.9418563
Jeremías Badilla	neighbourhood	-39.2846808	-71.9427059
Villa Hermanos Maristas	neighbourhood	-32.8252886	-70.5987743
Población Libertad	neighbourhood	-39.2817034	-71.9385260
Villa Magisterio	neighbourhood	-32.9299349	-71.5216828
Población Enap	neighbourhood	-32.9276333	-71.5188528
Villa Lennox	neighbourhood	-32.9273198	-71.5147339
Nueva Concón	neighbourhood	-32.9303393	-71.5151192
El Mirador	neighbourhood	-32.9306515	-71.5136784
Villa San Andrés	neighbourhood	-32.9360683	-71.5209263
Los Troncos	neighbourhood	-32.9341392	-71.5212672
Las Gaviotas	neighbourhood	-32.9357156	-71.5240925
Los Romeros	neighbourhood	-32.9287152	-71.5254842
Costa de Montemar	neighbourhood	-32.9327525	-71.5467794
Villa Concón	neighbourhood	-32.9277725	-71.5133149
El Carmen	neighbourhood	-32.9276628	-71.5117271
Esperanza	neighbourhood	-32.9262830	-71.5109892
Las Palmeras	neighbourhood	-32.9264163	-71.5097657
Gabriela Mistral	neighbourhood	-32.9252638	-71.5134923
Covietra Enami	neighbourhood	-32.9251932	-71.5176112
Villa San Agustín	neighbourhood	-32.9242211	-71.5211511
Villa Betteley	neighbourhood	-32.9190858	-71.5207121
Laderas de Montemar	neighbourhood	-32.9432501	-71.5284810
Villa Los Caciques	neighbourhood	-33.6815548	-70.9873438
Villa El Parrón	neighbourhood	-33.6117780	-70.8762923
Villa El Sol	neighbourhood	-33.6092270	-70.8778292
Los Bosques	neighbourhood	-33.6095442	-70.8761823
La Foresta	neighbourhood	-33.6122672	-70.8843523
Villa Valle del Real	neighbourhood	-32.8074522	-70.6380635
Jardín de los Villares	neighbourhood	-32.8308255	-70.6225746
Las Acacias	neighbourhood	-33.8633436	-70.7504361
Tripay Antu	neighbourhood	-39.2036846	-71.8088381
Villa Alto	neighbourhood	-39.2019496	-71.8104373
Villa Calle Calle	neighbourhood	-39.1989228	-71.8064330
Los Alerces	neighbourhood	-38.5133678	-72.4344631
Mirador de Volcanes	neighbourhood	-38.5178850	-72.4241579
Villa El Carmen	neighbourhood	-38.5169256	-72.4270951
Población Manuel Rodríguez	neighbourhood	-33.6799657	-70.9833688
Villa Los Notros	neighbourhood	-38.5353264	-72.4432544
Villa Balmaceda	neighbourhood	-38.5156876	-72.4311581
Villa Los Arrayanes	neighbourhood	-38.5170013	-72.4343902
Villa Adolfo Ibáñez	neighbourhood	-33.0545584	-71.6195741
Villa Luis Gauna	neighbourhood	-32.8102159	-70.6828255
Conjunto Puerta del Inca	neighbourhood	-32.7650603	-70.7083009
Los Cipreses	neighbourhood	-38.5165417	-72.4290553
Colonia San Pablo	neighbourhood	-33.8154546	-70.7390195
Población Irene Frei	neighbourhood	-38.5198071	-72.4384081
Población Las Casas	neighbourhood	-33.8131927	-70.7403740
Población Gabriela Mistral	neighbourhood	-33.8121609	-70.7392234
Población Los Lagos	neighbourhood	-33.8110354	-70.7349345
Población Óscar Bonilla	neighbourhood	-32.7657476	-70.6818796
Villa El Olivo	neighbourhood	-32.7403977	-70.6925202
Población La Portada	neighbourhood	-33.8118266	-70.7363507
Población 8 de Julio	neighbourhood	-33.8134467	-70.7378313
Población El Porvenir	neighbourhood	-33.8108415	-70.7418627
Población Los Conquistadores	neighbourhood	-33.8099323	-70.7417004
Villa Baquedano 1	neighbourhood	-33.8049401	-70.7387218
Villa Baquedano 2	neighbourhood	-33.8039571	-70.7385528
Villa Baquedano 3	neighbourhood	-33.8056287	-70.7365036
Estrella de Belén	neighbourhood	-33.8039360	-70.7334445
Padre Mateo	neighbourhood	-33.8219682	-70.7407576
Villa Paininos Unidos	neighbourhood	-33.8101295	-70.7319385
Población Militar	neighbourhood	-38.5356850	-72.4341434
Villa Las Posesiones	neighbourhood	-33.8040352	-70.7159552
Villarrica	neighbourhood	-33.0450455	-71.3829380
Villa Padre Hurtado	neighbourhood	-32.8689776	-71.2367972
Arrayán III	neighbourhood	-36.4483126	-71.9503627
Villa Araucanía	neighbourhood	-38.5399230	-72.4222452
Villa Michaely	neighbourhood	-41.4678960	-72.9451483
Población Anfión Muñoz	neighbourhood	-41.4707660	-72.9514139
Población Pablo Neruda	neighbourhood	-41.4699219	-72.9530018
Población Golusda	neighbourhood	-38.5411901	-72.4246377
Villa San Alberto	neighbourhood	-33.5579722	-70.6218231
Población Santo Tomás	neighbourhood	-33.5604621	-70.6231320
Villa San Gabriel	neighbourhood	-33.5638840	-70.6246796
Población Quinto Centenario	neighbourhood	-33.5579096	-70.6178266
Villa Lago Chungará	neighbourhood	-33.5580973	-70.6256694
Villa La Ópera	neighbourhood	-33.5585153	-70.6145650
Villa Los Flamencos	neighbourhood	-33.5629073	-70.6266671
Villa José Donoso	neighbourhood	-33.5639354	-70.6222361
Arcoiris	neighbourhood	-38.5440118	-72.4260217
Villa La Salud	neighbourhood	-33.8666718	-70.7490054
Villa Los Naranjos	neighbourhood	-33.8517732	-70.7667884
Villa Las Turbinas	neighbourhood	-33.8496815	-70.7664746
Villa Rosario	neighbourhood	-33.8534661	-70.7625479
San Fernando	neighbourhood	-32.7544719	-70.6485040
Villa Vicente Huidobro	neighbourhood	-33.7366017	-70.6825054
Villa Miraflores	neighbourhood	-33.7330105	-70.6816685
Villa Paula Jaraquemada	neighbourhood	-33.7312795	-70.6822398
Villa Clotario Blest Riffo	neighbourhood	-33.7402196	-70.6795281
Quinta San Pedro	neighbourhood	-37.8184420	-72.6309210
Valle Escondido	neighbourhood	-37.8216837	-72.6220966
Población Padre Enrique Geraertes	neighbourhood	-34.7660144	-71.1989808
El Castillo	locality	-37.7395073	-73.3699983
Villa Santa Teresa	neighbourhood	-32.7920196	-70.6292516
Villa Las Cadenas	neighbourhood	-32.7925451	-70.6188030
Villa Los Jardines II	neighbourhood	-33.7266842	-70.7338884
Villa El Diamante	neighbourhood	-33.7290444	-70.7350686
El Madrigal de Buin	neighbourhood	-33.7250290	-70.7316113
Villa Victoria Osorio	neighbourhood	-33.7267846	-70.7376435
Villa Magisterio	neighbourhood	-33.7251037	-70.7359189
Villa Santa María	neighbourhood	-33.7227647	-70.7383972
Villa Padre Alberto Hurtado	neighbourhood	-33.7257384	-70.7378635
Población Las Rejas	neighbourhood	-33.7281331	-70.7432842
Comunidad La Foresta III	neighbourhood	-38.6525054	-72.7668285
Población Manuel Rodríguez	neighbourhood	-33.7283841	-70.7400173
Villa Manuel Rengifo	neighbourhood	-33.7324142	-70.7500549
Villa Amsterdam	neighbourhood	-33.7298493	-70.7492597
Villa Reina Juliana	neighbourhood	-33.7311881	-70.7501420
La Foresta de Reñaca	neighbourhood	-32.9551041	-71.5420132
El Encanto	neighbourhood	-32.9590888	-71.5470950
Villaseca Oriente	neighbourhood	-33.7434804	-70.7366994
Pasaje El Guardavías	neighbourhood	-33.7323034	-70.7289009
Amador Gutiérrez	neighbourhood	-38.7384336	-72.9580861
Población El Alto	neighbourhood	-38.7400320	-72.9498464
Población Lo Elvira	neighbourhood	-37.4653557	-72.3764149
Panitao	suburb	-41.5296659	-73.0524168
Condominio Las Capillas	neighbourhood	-33.5744201	-70.6009338
Vista Hermosa	neighbourhood	-38.7420090	-72.9435593
Villa América	neighbourhood	-33.5592552	-70.6178526
Villa Arauco	neighbourhood	-33.5608487	-70.6173428
Villa Concierto I	neighbourhood	-33.5586626	-70.6123970
Villa Nacimiento	neighbourhood	-33.5631304	-70.6155603
Villa Lago Puyehue	neighbourhood	-33.5621038	-70.6180196
Villa Concierto II	neighbourhood	-33.5610753	-70.6119200
Villa Concierto III	neighbourhood	-33.5616450	-70.6140513
Población Diego Portales	neighbourhood	-38.7473895	-72.9422128
Santa Teresa	neighbourhood	-38.7517322	-72.9377389
Villa Eléctrica	neighbourhood	-38.7476552	-72.9412097
Casas Grandes	neighbourhood	-36.4583670	-71.9562190
El Universo	neighbourhood	-38.7509289	-72.9397076
Villa La Imperial	neighbourhood	-38.7533972	-72.9362315
Población 22 de Mayo	neighbourhood	-41.4687867	-72.9560264
Población Bellavista	neighbourhood	-41.4705125	-72.9603565
Población Federico Segundo Oelckers	neighbourhood	-41.4711066	-72.9568881
Población Gabriela Mistral	neighbourhood	-41.4725995	-72.9612784
Población Eleuterio Ramírez	neighbourhood	-41.4706483	-72.9627495
Puntilla Mirador	neighbourhood	-41.4810608	-72.9600216
Población Marina Mercante	neighbourhood	-41.4794174	-72.9557053
Barrio Vicente Pérez Rosales	neighbourhood	-41.4755538	-72.9531916
Población Nuevo Amanecer	neighbourhood	-33.6192161	-70.5943546
Villa La Foresta III	neighbourhood	-33.5914729	-70.5925038
Villa La Foresta II	neighbourhood	-33.5908898	-70.5883947
Villa La Foresta I	neighbourhood	-33.5904049	-70.5838484
Villa Casas de Lo Tocornal	neighbourhood	-33.6104333	-70.5953980
Villa La Foresta IV	neighbourhood	-33.5892096	-70.5970743
Población Oscar Bonilla	neighbourhood	-33.6186019	-70.5919567
Los Acacios	neighbourhood	-36.4285572	-71.9143742
Villa Girasoles de Lampa	neighbourhood	-33.2850280	-70.8809888
Villa Cautín	neighbourhood	-38.7562711	-72.6132613
Villa Alborada	neighbourhood	-34.1733472	-70.7248713
Villa Ñielol	neighbourhood	-38.7287777	-72.5989384
Villa California	neighbourhood	-39.8141249	-73.2071825
Villa Los Robles	neighbourhood	-33.2807723	-70.8838588
Villa La Poesía	neighbourhood	-33.2891962	-70.8850899
Villa Violeta Parra	neighbourhood	-33.2830100	-70.8734491
Villa Sargento Aldea	neighbourhood	-33.2844899	-70.8741626
Población Isabel Riquelme 2	neighbourhood	-33.2799392	-70.8860542
Villa San José	neighbourhood	-33.2863487	-70.8631441
Población Cervero	neighbourhood	-33.2782698	-70.8896390
Villa Luis Durand	neighbourhood	-33.2922117	-70.8703673
Sarita Gajardo	neighbourhood	-38.7413730	-72.5786608
Villa Santa Rita	neighbourhood	-33.7382701	-70.6789917
Villa José Miguel Carrera	neighbourhood	-33.7437503	-70.6802550
Las Moreras	neighbourhood	-33.7268783	-70.6843507
Portal Lo Guerra	neighbourhood	-33.7445688	-70.8997509
Villa El Esfuerzo	neighbourhood	-33.7458624	-70.8970606
Villa San Francisco de Asís	neighbourhood	-33.7424611	-70.8982596
Praderas de Labranza	neighbourhood	-38.7609939	-72.7583742
Villa Nevada	neighbourhood	-33.7530480	-70.8887646
Villa Valle del Maipo	neighbourhood	-33.7595753	-70.8973262
Huemul	locality	-20.3624886	-69.9781316
San Juan de la Soledad	locality	-20.4994621	-69.9827868
Aguada	locality	-20.6174832	-69.9907732
Oficina Providencia	locality	-20.4541761	-69.9948629
Soronal	locality	-20.6505098	-69.8245548
Pan de Azúcar	locality	-20.6939733	-69.7342023
Oficina Slavonia	locality	-20.8398737	-69.7193244
Lagunas	locality	-20.9790721	-69.6504065
Oficina Lagunas Central	locality	-20.9808338	-69.6742817
Tamarugal	locality	-20.9595160	-69.3790544
El Claro	neighbourhood	-39.2898831	-71.9411427
Tres Esquinas	neighbourhood	-39.2802544	-71.9616723
Loteo Quitralpillán	neighbourhood	-39.2855028	-71.9814616
Lomas 2	neighbourhood	-41.3345337	-72.9673784
Officina Sebastopol	locality	-20.3804278	-69.9065911
Oficina San Enrique	locality	-20.4069251	-69.8420628
Villa Los Laureles II	neighbourhood	-41.1148008	-73.0456013
Parque Universitario	neighbourhood	-36.5978801	-72.0622964
El Caleuche	neighbourhood	-33.0613429	-71.6093158
Condominio Alto Natales	neighbourhood	-51.7341450	-72.4745751
Oficina Gloria	locality	-20.5742383	-69.9931373
Oficina San Lorenzo	locality	-20.4779327	-69.9510941
Oficina San Agustín	locality	-20.4700308	-69.9326473
Oficina Esmeralda	locality	-20.4680075	-69.9256405
Oficina La Perla	locality	-20.4622018	-69.9156200
Oficina Cataluña	locality	-20.4775372	-69.9036449
Oficina Santa Clara	locality	-20.4586918	-69.9025100
Oficina San Remigio	locality	-20.4871744	-69.8893282
Oficina Felisa	locality	-20.5119953	-69.8154575
Oficina Keryma	locality	-20.1769668	-69.7803545
Oficina San José	locality	-20.1607716	-69.7776840
San Donato	locality	-20.1096176	-69.7485995
Oficina Santa Rosa	locality	-20.0005224	-69.7815452
Oficina Maroussia	locality	-19.9851499	-69.8124248
Oficina Santiago	locality	-20.0514283	-69.7656241
Lagarto	locality	-19.9675415	-69.8695815
Oficina Rosario de Huara	locality	-19.9754599	-69.7984418
Oficina San Jorge	locality	-19.9577956	-69.8139582
Oficina Valparaíso	locality	-19.9519882	-69.8296501
Oficina Tres Marías	locality	-19.9422772	-69.8122769
Oficina Primitiva	locality	-19.9157260	-69.8033012
Oficina Abra	locality	-19.8888679	-69.7915665
Oficina Josefina	locality	-19.8726084	-69.8252417
Oficina Progreso	locality	-19.8717808	-69.8340856
Oficina Tránsito	locality	-19.8861977	-69.8166974
Oficina Puntunchara	locality	-19.8852147	-69.8415374
Oficina Rosario de Huara	locality	-19.8909194	-69.8532134
Oficina Aurora	locality	-19.8374007	-69.8601626
Oficina Amelia	locality	-19.8453662	-69.8574951
Oficina Mercedes	locality	-19.8557120	-69.8595163
Oficina Irene	locality	-19.8677779	-69.8588765
Oficina Democracia	locality	-19.8686853	-69.8688608
Agua Santa	locality	-19.8822745	-69.8784963
Carmen	locality	-19.9178182	-69.9781545
Oficina Reducto	locality	-19.7869468	-69.8973113
Oficina Camiña	locality	-19.7185345	-69.9192466
Oficina La Patria	locality	-19.7547193	-69.9352662
Oficina Recuerdo	locality	-19.7448678	-69.9399068
Cumbre	locality	-19.6495798	-70.0703388
Oficina California	locality	-19.6775858	-70.0500160
Oficina Carolina	locality	-19.6783592	-70.0348373
Oficina Sloga	locality	-19.6969387	-70.0021165
Oficina Hervatska	locality	-19.6715365	-69.9830874
Oficina Santa Rita	locality	-19.7010725	-69.9717702
Oficina Unión	locality	-19.6968262	-69.9549633
Oficina Porvenir	locality	-19.7120741	-69.9324336
Oficina Enriqueta	locality	-19.6500152	-69.9633862
Oficina San Antonio	locality	-19.6120344	-69.9977620
Oficina Compañía	locality	-19.6274185	-69.9777456
Oficina Jazpampa	locality	-19.5719072	-70.0231289
Nivel	locality	-19.5840124	-70.0895403
San Roberto	locality	-19.5845491	-70.1294745
Oficina Trinidad	locality	-19.5497122	-70.0839505
Arenal	locality	-19.5878870	-70.1719938
Población Valencia	neighbourhood	-33.0589292	-71.3658381
Villa Pedro Wolters	neighbourhood	-33.7304207	-70.7763250
Villa Mirador Andino	neighbourhood	-34.1702781	-70.6571102
Tupiza	locality	-22.3125968	-69.7385182
El Desierto	locality	-23.6740333	-69.7736660
Daniel de la Vega	neighbourhood	-33.5924314	-70.6042171
Los Claveles	neighbourhood	-41.3338460	-72.9746032
Oficina Avanzada	locality	-24.1372121	-69.7427466
Oficina Petronila	locality	-24.1518943	-69.8500930
San Guillermo	neighbourhood	-36.4281524	-71.9169754
Brisas X	neighbourhood	-41.3376689	-72.9669697
Brisas de Puerto Varas 3	neighbourhood	-41.3361157	-72.9707086
Oficina Salinitas	locality	-25.0415174	-69.9475795
Oficina Moreno	locality	-25.0596393	-69.8799549
Oficina Tricolor	locality	-25.3550921	-69.8878941
Mirador de Volcanes VI	neighbourhood	-41.3223563	-72.9932094
Pasaje San Pablo	neighbourhood	-41.3226220	-72.9901782
Oficina Ghyzela	locality	-25.3691064	-69.7540981
Oficina Ballena	locality	-25.3081796	-69.6853418
Paradero José Joaquín Pérez	locality	-25.9876874	-69.9181419
Barros Luco	locality	-27.6607411	-70.5563857
Agua Amarga	locality	-28.8003626	-70.7667281
Pirita	locality	-29.4819221	-70.9580629
Villa Pasos Fronterizos	neighbourhood	-53.1445081	-70.9383213
Villa Andrés Pivcevic Rajcevic	neighbourhood	-53.1224938	-70.9178370
Villa Pudeto	neighbourhood	-53.1211970	-70.9199583
Monte Darwin y Francisco Coloane	neighbourhood	-53.1592904	-70.9492292
Cogotí	locality	-31.0259661	-71.0479123
Villa Porvenir	neighbourhood	-39.3089788	-72.2105545
El Tráfico Evangélico	neighbourhood	-33.6292219	-70.6218445
Villa El Volcán	neighbourhood	-39.3064925	-72.2076470
Villa Don Ambrosio Norte	neighbourhood	-33.5627061	-70.6280565
Villa Don Ambrosio 3	neighbourhood	-33.5654663	-70.6279358
Villa Don Ambrosio Sur	neighbourhood	-33.5636716	-70.6286520
Parque Villarrica 12	neighbourhood	-39.3091656	-72.2200683
Villa Alborada	neighbourhood	-34.9715795	-71.8036366
Loteo Los Colonos	neighbourhood	-41.3318683	-72.9597958
Loteo Centenario 3	neighbourhood	-41.3336846	-72.9529207
Loteo Centenario 2	neighbourhood	-41.3330067	-72.9548133
Loteo Centenario	neighbourhood	-41.3321801	-72.9567397
Loteo Las Lomas	neighbourhood	-41.3312010	-72.9588353
Puesta de Sol	neighbourhood	-39.3055585	-72.2182980
Comité Bellavista	neighbourhood	-39.3044295	-72.2079849
Villa Nueva Ruta	neighbourhood	-39.3055751	-72.2109461
Villa La Frontera	neighbourhood	-39.3020302	-72.2238073
Villa Cordillera	neighbourhood	-39.3024391	-72.2251403
Lomas del Lago	neighbourhood	-39.3026072	-72.2277367
Parque Villarrica 15	neighbourhood	-39.3021008	-72.2304431
Villa Italia	neighbourhood	-39.3022066	-72.2289062
Villa Los Alpes	neighbourhood	-39.2996444	-72.2284360
La Esperanza	neighbourhood	-39.2996599	-72.2233245
Villa El Parque	neighbourhood	-39.2994316	-72.2242445
El Mirador	neighbourhood	-39.2987258	-72.2250921
Población Juan Pablo II	neighbourhood	-39.2962703	-72.2259852
Villa Sor Ilduara	neighbourhood	-39.2969844	-72.2234827
Ampliación Diego Portales	neighbourhood	-39.2972127	-72.2240540
Vista Hermosa	neighbourhood	-39.2963264	-72.2235364
Villa Río Toltén	neighbourhood	-39.2981177	-72.2163105
Amanecer	neighbourhood	-39.2969574	-72.2178984
Villa Bellavista	neighbourhood	-39.2963638	-72.2213182
Los Avellanos	neighbourhood	-39.2967083	-72.2220719
Villa Prudencio Mora	neighbourhood	-39.2813825	-71.9627658
Araucaria	neighbourhood	-39.2955750	-72.2187889
Los Manantiales	neighbourhood	-39.2952761	-72.2195828
Monseñor Guillermo Hartl	neighbourhood	-39.2951868	-72.2201595
Diego Portales	neighbourhood	-39.2944338	-72.2226030
Población La Hermandad	neighbourhood	-32.6138484	-70.7166058
Villa Los Jazmines	neighbourhood	-32.6202404	-70.7175413
Población O'Higgins	neighbourhood	-39.2941012	-72.2257519
Socorros Mutuos	neighbourhood	-39.2871968	-72.2237456
Población Matadero	neighbourhood	-33.4757426	-70.6403025
Población París	neighbourhood	-33.4781285	-70.6516766
Villa Pintor Cicarelli	neighbourhood	-33.4784601	-70.6408257
Población Vicente Navarrete	neighbourhood	-33.4780731	-70.6354103
Villa Manuel de Salas	neighbourhood	-33.4760372	-70.6359280
Loteo Irregular Cruz de Lorena	neighbourhood	-33.0693516	-71.4405518
Pedro de Valdivia Norte	neighbourhood	-33.4176245	-70.6169843
Villa Don Pedro	neighbourhood	-33.3880841	-70.6736765
Barrio Matta	neighbourhood	-33.4562961	-70.6350322
Villa Los Ulmos	neighbourhood	-33.3657777	-70.7226988
Camino a San Agustín	neighbourhood	-36.4311604	-71.9395158
Villa El Sauce	neighbourhood	-33.3676370	-70.7418858
San Ignacio de Loyola I	neighbourhood	-33.3620208	-70.7554952
Los Maitenes	neighbourhood	-33.3679593	-70.7551212
Paseo Central	neighbourhood	-33.3598540	-70.7400756
Villa Jardín del Norte	neighbourhood	-33.3582778	-70.7429574
Villa La Foresta	neighbourhood	-33.3591959	-70.7486496
Los Prados	neighbourhood	-33.3534459	-70.7448693
Los Molinos	neighbourhood	-33.3534088	-70.7480504
Casas de Lo Cruzat	neighbourhood	-33.3581121	-70.7194019
Casas de Quilicura	neighbourhood	-33.3563549	-70.7393199
Villa Los Portones	neighbourhood	-33.3572240	-70.7346297
Villa La Campiña	neighbourhood	-33.3561674	-70.7348988
Villa Las Tranqueras	neighbourhood	-33.3558126	-70.7368696
Parque Real	neighbourhood	-33.3535044	-70.7374139
Villa Paraíso	neighbourhood	-39.2772895	-72.2391066
Rucalhue	neighbourhood	-39.2762744	-72.2391723
Villa El Bosque	neighbourhood	-39.2779830	-72.2386077
Villa Los Aleros	neighbourhood	-33.3587625	-70.7354764
Villa Los Compositores	neighbourhood	-33.3606265	-70.7350637
Villa Los Escritores	neighbourhood	-33.3609405	-70.7327321
Villa Amancay	neighbourhood	-33.3615014	-70.7316319
Villa Las Tinajas	neighbourhood	-33.3623805	-70.7312433
Villa Casas de Lo Ovalle II	neighbourhood	-33.3528718	-70.7314528
Villa San Luis	neighbourhood	-33.3680410	-70.7392701
Villa Los Minerales	neighbourhood	-33.3557406	-70.7562197
Conjunto San Luis	neighbourhood	-33.3582511	-70.7548029
Población Eugenio Matte	neighbourhood	-39.2810516	-72.2363922
Villa Las Rosas	neighbourhood	-39.2798973	-72.2380632
Ancahual	neighbourhood	-39.2793139	-72.2370252
Mallolafquén	neighbourhood	-39.2773850	-72.2349626
Villa Casas de Millauquén	neighbourhood	-33.3535609	-70.7248528
Barrio Doña Sofía	neighbourhood	-33.3530864	-70.7281449
Villa Pichilafquén	neighbourhood	-39.2851831	-72.2362635
Lo Matta	neighbourhood	-39.2835970	-72.2347936
21 de Mayo	neighbourhood	-39.2819942	-72.2332889
Puelche	neighbourhood	-39.2807049	-72.2327122
Condominio Don Jorge	neighbourhood	-41.1170384	-73.0535903
Villa Margarita	neighbourhood	-33.3692424	-70.7277220
Villa Esmeralda	neighbourhood	-33.3686535	-70.7270097
Villa Recsa	neighbourhood	-33.3685788	-70.7241329
Conjunto Bellavista II	neighbourhood	-29.9908708	-71.3169667
Población Jardines del Valle	neighbourhood	-34.6073117	-71.3592250
Villa Nuevo Amanecer	neighbourhood	-34.6080293	-71.3588189
Barrio Alto Marcoleta	neighbourhood	-33.3561175	-70.7140152
Población El Aserrín	neighbourhood	-39.2881123	-72.2295740
San Ignacio de Loyola II	neighbourhood	-33.3604233	-70.7609945
Los Esteros	neighbourhood	-33.3626268	-70.7405028
Villa El Coihue	neighbourhood	-39.2914192	-72.2327122
Vista Hermosa	neighbourhood	-39.2888202	-72.2345388
Villa Magisterio	neighbourhood	-39.2960711	-72.2302607
Población Francisco Huentru	neighbourhood	-38.9859022	-72.3871484
Villa Bosques de San Luis	neighbourhood	-33.3560853	-70.7546457
Jardín Oriente II	neighbourhood	-33.3509016	-70.7418865
Villa Santa Luisa Norte	neighbourhood	-33.3506013	-70.7403037
Villa Echeverría	neighbourhood	-33.3476055	-70.7416302
Villa El Torreón	neighbourhood	-33.5001403	-70.5817823
Conjunto San Luis	neighbourhood	-33.5022514	-70.5815428
Villa El Almendral	neighbourhood	-33.4997313	-70.5780166
Villa La Herradura	neighbourhood	-33.5044234	-70.5816773
Condominio Altas Cumbres	neighbourhood	-33.5007107	-70.5767342
Loteo El Arrayán	neighbourhood	-41.3177541	-72.8728724
Isla de Meco	locality	-38.4411612	-72.1972132
Villa Gabriela Mistral	neighbourhood	-38.8653999	-72.3893559
Población Bellavista	neighbourhood	-38.7596637	-72.6035947
Barrio Cautín	neighbourhood	-38.7590739	-72.6018727
Villa Indus	neighbourhood	-38.7584297	-72.6003009
Villa Atenas	neighbourhood	-33.4687144	-70.5716614
La Estancia de Nos	neighbourhood	-33.6363938	-70.7097745
Santa Magdalena	locality	-39.2931422	-72.2745359
Llanos	locality	-23.8152804	-69.8184392
Población Colina	neighbourhood	-38.7664399	-72.6065773
Población Rubilar	neighbourhood	-38.7546940	-72.5853986
Población Espinoza Alto	neighbourhood	-38.7569509	-72.5865224
Población Meza	neighbourhood	-38.7582435	-72.5866029
Nibaldo Sur	neighbourhood	-38.7623324	-72.5897947
Villa María Ignacia	neighbourhood	-34.1831843	-70.7278848
Los Prados de San Joaquín	neighbourhood	-29.9347654	-71.2371463
Condominio Portal del Valle	neighbourhood	-29.9240793	-71.2274142
Lomas de Huitrán	neighbourhood	-38.7661116	-72.5980130
Villa Esepranza	neighbourhood	-38.7676947	-72.5988150
Brisas del Lago	neighbourhood	-35.7068168	-71.3113796
Villa Queri	neighbourhood	-35.5960140	-71.4297205
Huichahue	neighbourhood	-38.7637651	-72.5937268
Huichahue Sur	neighbourhood	-38.7618138	-72.5927264
Villa Los Osorios	neighbourhood	-36.6478385	-72.4085518
Villa Los Aromos	neighbourhood	-29.9558330	-71.2663198
Villa El Salvador	neighbourhood	-29.9526132	-71.2670795
Rosario del Mar	neighbourhood	-29.9649128	-71.2972057
Villa Los Mineros	neighbourhood	-34.4088856	-72.0239277
Villa Antonio Rodríguez	neighbourhood	-33.4020637	-70.8626854
Población Municipal	neighbourhood	-38.7636208	-72.6036376
Villa Padre Bernabé	neighbourhood	-38.7661346	-72.6036161
Población Thiers	neighbourhood	-38.7628825	-72.5983402
Población Libertad	neighbourhood	-38.7614373	-72.6012772
Villa Alpina	neighbourhood	-38.7604062	-72.5999737
Huicha Sur II	neighbourhood	-38.7612470	-72.5945234
Villa El Mirador	neighbourhood	-34.1717739	-71.3893084
Colonia Caupolicán Oriente	locality	-38.8421143	-72.1048165
Sector Agua de los Padres	locality	-38.0123179	-73.2404395
Barrio Humedal	neighbourhood	-54.9348216	-67.6104511
San Isidro	neighbourhood	-53.1404014	-70.9517279
Villa Los Jardines	neighbourhood	-41.3290223	-73.0794829
Las Motas	locality	-35.8912665	-71.6439915
Villa Jardín del Sol	neighbourhood	-33.3595694	-70.7271214
Villa Los Cántaros	neighbourhood	-33.3622911	-70.7260195
Casas del Sendero	neighbourhood	-33.3593821	-70.7223013
Villa 50	neighbourhood	-39.8293252	-73.2200506
Los Confines	neighbourhood	-37.7892091	-72.6946503
Conjunto Los Girasoles	neighbourhood	-37.7957076	-72.6994514
Villa La Pradera	neighbourhood	-37.8165732	-72.6698881
Las Hortencias	neighbourhood	-37.8097924	-72.6757729
Los Jardines	neighbourhood	-37.8110045	-72.6770014
Barrio Industrial	neighbourhood	-37.8128862	-72.6747268
Eduardo Frei	neighbourhood	-37.8114750	-72.6762289
Los Parronales	neighbourhood	-34.6491922	-71.3579180
Población Lautaro	neighbourhood	-34.6325845	-71.3595725
Gustavo Sandoval	neighbourhood	-37.8148399	-72.6768377
Placilla	neighbourhood	-37.7876341	-72.7068114
Villa Los Andes	neighbourhood	-37.8195968	-72.6812071
Caballeros del Fuego	neighbourhood	-37.8151281	-72.7039924
Caleta Los Corrales	neighbourhood	-29.2500888	-71.4625577
Villa C. Valenzuela	neighbourhood	-34.6573660	-71.3419640
Villa Los Alerces	neighbourhood	-34.6581382	-71.3430154
Loteo Die Insel	neighbourhood	-41.3239597	-72.9489137
Condominio Los Castaños	neighbourhood	-41.3272645	-72.9504673
Villa Comité San Jorge	neighbourhood	-38.5422412	-72.4204588
Villa Los Pinos	neighbourhood	-39.8651809	-73.3960426
Husamontt	neighbourhood	-41.4466510	-73.0065537
Jardín Austral 3	neighbourhood	-41.4443732	-72.9394217
Villa Caviale	neighbourhood	-33.0421403	-71.3956532
San Damián	neighbourhood	-34.1930882	-70.7185006
Condominio Los Coigües	neighbourhood	-53.1472852	-70.8971746
Altos de Pemehue	neighbourhood	-37.6864112	-72.0133749
Villa Clotario Blest	neighbourhood	-41.4786233	-72.9836208
Villa Los Pinos Altos	neighbourhood	-41.4462653	-72.9600166
San Francisco	neighbourhood	-36.3587250	-71.9285259
Condominio Los Ríos 2	neighbourhood	-33.2585779	-70.6177127
Mirador de Charito	neighbourhood	-27.0637837	-70.8341659
Nueva Caldera	neighbourhood	-27.0672824	-70.8010454
Villa Las Dunas	neighbourhood	-27.0785460	-70.8159662
Villa El Descanso	neighbourhood	-33.3729246	-70.7162630
Villa Loreto	neighbourhood	-33.3644284	-70.7304260
Villa Los Viñedos	neighbourhood	-33.3631608	-70.7316709
Villa Los Productores	neighbourhood	-33.3639151	-70.7317491
Villa Don Manuel Antonio	neighbourhood	-33.3638059	-70.7328233
Villa Doña Amalia	neighbourhood	-30.6101691	-71.2164874
Villa Las Acacias	neighbourhood	-30.6076992	-71.2109020
Villa El Ingenio	neighbourhood	-30.6079802	-71.2205317
José Tomás Ovalle	neighbourhood	-30.6032028	-71.2127611
Norte Verde	neighbourhood	-30.5996105	-71.2101969
Villa Educación	neighbourhood	-30.5982299	-71.2083354
Villa Magisterio	neighbourhood	-30.5980729	-71.2051275
Villa Diego Portales	neighbourhood	-30.5969001	-71.2059966
Villa Talinay	neighbourhood	-30.5966046	-71.2041512
Villa Tarapacá	neighbourhood	-30.5974819	-71.2034592
Padre Damián Heredia Stecher	neighbourhood	-30.5968401	-71.2008092
Villa El Libertador	neighbourhood	-30.5941526	-71.2029549
Villa Los Presidentes	neighbourhood	-30.5845600	-71.1954106
Villa Mirador del Ingenio	neighbourhood	-30.5808114	-71.1927662
Villa Los Gobernadores	neighbourhood	-30.5894824	-71.1920303
Villa San José	neighbourhood	-30.5873047	-71.1907585
Portal de Tuquí	neighbourhood	-30.5844088	-71.1923038
Villa Los Halcones	neighbourhood	-30.5856802	-71.1935755
Lomas de Tuqui	neighbourhood	-30.5889056	-71.1866972
Villalón	neighbourhood	-30.5964745	-71.1946011
Capitán Ávalos	neighbourhood	-30.5907655	-71.1879416
Parque Cordillera	neighbourhood	-36.6203276	-72.0710993
Hacienda Quilamapu	neighbourhood	-36.5831608	-72.0810399
Villa Verde	neighbourhood	-36.9474320	-73.1508554
Población San Luis	neighbourhood	-33.0407075	-71.3848579
Caleta Pichipelluco	neighbourhood	-41.4751113	-72.9214505
Villa Los Poetas	neighbourhood	-41.4750806	-72.9770045
Villa El Esfuerzo	neighbourhood	-41.4737823	-72.9789250
Población Vicuña Mackenna	neighbourhood	-41.4711304	-72.9817048
Población Manuel Rodríguez	neighbourhood	-41.4573381	-72.9520583
Villa Olímpica	neighbourhood	-41.4624007	-72.9672845
Población Manuel Montt	neighbourhood	-41.4637743	-72.9322762
Población Teniente Merino	neighbourhood	-41.4545730	-72.9499614
Población Esmeralda	neighbourhood	-41.4700960	-72.9296229
Población La Colina	neighbourhood	-41.4644900	-72.9246264
Población Alerce	neighbourhood	-41.4650710	-72.9189548
Villa Don Matias	neighbourhood	-35.6010834	-71.7284496
Villa Don Martin	neighbourhood	-35.5981556	-71.7259186
Villa Melgare	neighbourhood	-35.5997952	-71.7242843
Villa Carolina Salgado	neighbourhood	-35.6003833	-71.7166423
Villa Jose Amigo	neighbourhood	-35.6001620	-71.7179936
Villa Don Ambrosio III	neighbourhood	-35.5848563	-71.7375122
Villa San Enrique II	neighbourhood	-35.6039271	-71.7176508
Villa San Enrique III	neighbourhood	-35.6023157	-71.7191797
Nuevo Milenio	neighbourhood	-36.5069772	-72.2180273
Los Copihues	neighbourhood	-36.3985513	-72.4040169
Villa Cordillera	neighbourhood	-36.8173963	-72.3238307
Tierra de Vientos	neighbourhood	-36.2796009	-72.5531918
Barrio Portal Oeste	neighbourhood	-33.5104803	-70.7072642
Navegando El Futuro 4	neighbourhood	-41.3823908	-72.8990409
Navegando El Futuro 3	neighbourhood	-41.3852447	-72.8973890
Hacienda Conquistadores	neighbourhood	-33.5993651	-70.5484925
Población Laguna Azul	neighbourhood	-37.1198627	-71.9828725
La Hacienda de Renca	neighbourhood	-33.4035931	-70.7578144
Caleta Pellines	neighbourhood	-35.4757735	-72.5044280
Villa La Dehesa	neighbourhood	-36.6309193	-72.0850298
Villa Porvenir	neighbourhood	-33.0683186	-71.4154860
La Araucana	neighbourhood	-37.6429091	-73.3911610
El Sauce	neighbourhood	-36.5443011	-72.9290060
Villa Rica	neighbourhood	-36.5405692	-72.9316037
Villa Santa Alicia	neighbourhood	-36.5508875	-72.9354029
Villa Fresia	neighbourhood	-36.5493119	-72.9294568
Villa El Progreso	neighbourhood	-34.4457819	-71.0872370
Villa Valle del Sol	neighbourhood	-41.4773513	-72.9722294
Cruise Ship Dock	locality	-53.1700387	-70.9065235
Jardines de Antilhue	neighbourhood	-36.7779961	-73.0514592
Palafitos Pedro Montt 1er Sector	locality	-42.4724599	-73.7632759
Villa Loncopán	neighbourhood	-36.8205810	-73.0170683
Cerro Litril	neighbourhood	-36.5486552	-72.9478423
Villa Horizonte	neighbourhood	-36.5538787	-72.9389799
Villa Salvador Allende	neighbourhood	-33.5806949	-70.6461445
Población Víctor Domingo Silva	neighbourhood	-29.9305980	-71.2606461
Población José María Caro	neighbourhood	-29.9323831	-71.2551208
Población La Serena	neighbourhood	-29.9331549	-71.2528248
Villa Vista Hermosa	neighbourhood	-29.9339405	-71.2507756
Condominio Parque de los Reyes	neighbourhood	-29.9326946	-71.2483509
Hacienda Daire	neighbourhood	-29.9297559	-71.2392234
Condominio Cumbres de San Joaquín	neighbourhood	-29.9272175	-71.2427210
Condominio Alto La Serena	neighbourhood	-29.9165239	-71.2372185
Barrio Universitario	neighbourhood	-29.9217546	-71.2372748
Pedro Aguirre Cerda	neighbourhood	-29.9135853	-71.2193952
Irene Frei	neighbourhood	-29.9097818	-71.2243948
La Antena	suburb	-29.9119486	-71.2243734
Mirador de Ceres	neighbourhood	-29.9494128	-71.2016211
Brisas de La Florida	neighbourhood	-29.9206184	-71.2050141
Villa Covital	neighbourhood	-29.9239424	-71.2546326
Población René Schneider	neighbourhood	-41.4632115	-72.9228932
Población Balmaceda	neighbourhood	-29.9188863	-71.2527987
Población El Romeral II	neighbourhood	-29.9172125	-71.2468362
Población El Romeral I	neighbourhood	-29.9150132	-71.2503713
Población Antártica	neighbourhood	-29.9142135	-71.2477394
Barrio Padres Capuchinos	neighbourhood	-29.9090521	-71.2438482
Cooperativa La Docencia	neighbourhood	-36.7820457	-73.0454725
La Batalla	neighbourhood	-36.7837427	-73.0479670
Lomas de Peñuelas	neighbourhood	-29.9480788	-71.2739405
Condominio Valle del Elqui	neighbourhood	-29.9485552	-71.2712046
Condominio Doña Marina	neighbourhood	-29.9542060	-71.2648813
Los Jardines	neighbourhood	-29.9514591	-71.2844561
El Frutillar	neighbourhood	-29.9578057	-71.2940825
Las Rosas	neighbourhood	-29.9599413	-71.2984089
San Marino	neighbourhood	-29.9656623	-71.3075338
San Moris	neighbourhood	-29.9666360	-71.2991277
El Rosario	neighbourhood	-29.9621442	-71.2951662
Peñuelas Alto	suburb	-29.9550868	-71.2656538
Villa Las Lomas	neighbourhood	-29.9371004	-71.2536750
Población Nuestra Señora de Andacollo	neighbourhood	-29.9360918	-71.2520878
Condominio Los Arrayanes	neighbourhood	-29.9433783	-71.2493868
Villa El Indio	neighbourhood	-29.9424185	-71.2609149
Valle Las Pircas	neighbourhood	-29.9802886	-71.2447655
San Francisco de Asís	neighbourhood	-29.8894707	-71.2452580
Condominio Mistral	neighbourhood	-29.8929530	-71.2467292
Parque Islón	neighbourhood	-29.8910159	-71.2493014
Condominio Altos del Brillador	neighbourhood	-29.8875381	-71.2509646
Villa Diaguitas	neighbourhood	-29.8674149	-71.2338667
Blas Reyes	neighbourhood	-39.3802785	-72.6286650
Pablo Neruda	neighbourhood	-39.3825208	-72.6278881
Población Empart	neighbourhood	-39.3704571	-72.6249331
Villa Magisterio	neighbourhood	-39.3708453	-72.6208562
Vista Hermosa	neighbourhood	-39.3647913	-72.6229289
Población Andrés Bello	neighbourhood	-39.3647523	-72.6213085
Villa Esperanza	neighbourhood	-39.3668977	-72.6222504
Villa Estadio	neighbourhood	-39.3660189	-72.6211281
Poblcaión Los Notros	neighbourhood	-39.3673398	-72.6209923
Los Libertadores	neighbourhood	-39.3648980	-72.6171755
Nueva Esperanza II	neighbourhood	-39.3647055	-72.6155949
Las Estrellas	neighbourhood	-39.3657745	-72.6163431
Nueva Esperanza I	neighbourhood	-39.3652807	-72.6155564
San Francisco	neighbourhood	-39.3659670	-72.6144666
Villa Edén	neighbourhood	-39.3671723	-72.6134525
Villa Los Lagos	neighbourhood	-39.3676633	-72.6141635
San Sebastián	neighbourhood	-39.3671862	-72.6160220
Los Aromos	neighbourhood	-39.3686010	-72.6127480
Condominio Fourcade	neighbourhood	-39.3588635	-72.6372857
Condominio Fourcade 2	neighbourhood	-39.3584078	-72.6370376
Los Copihues	neighbourhood	-39.3619097	-72.6374527
Villa Los Ríos	neighbourhood	-39.3738912	-72.6413126
Los Volcanes	neighbourhood	-39.3745777	-72.6405522
Puerto Misericordia	locality	-52.7647676	-74.6238373
Vegas de Perales	neighbourhood	-36.7560863	-73.0839193
Fundo Los Correa	locality	-34.9411358	-71.2139579
Don Cristóbal	neighbourhood	-29.9392772	-71.2558407
Población Irene Frei	neighbourhood	-33.3871678	-70.6741837
San Guillermo	neighbourhood	-36.8125049	-72.9854617
Lomas Verdes	neighbourhood	-36.8013491	-73.0679800
Villa San Valentín	neighbourhood	-36.7964031	-73.0533206
Villa Atlántida	neighbourhood	-36.7941951	-73.0504507
Lomas Centro	neighbourhood	-36.7899314	-73.0516443
Villa San Juan	neighbourhood	-36.7896071	-73.0458963
Villa Valencia	neighbourhood	-36.7888295	-73.0445981
Conjunto Bellavista	neighbourhood	-36.7915338	-73.0367848
Valle Blanco	neighbourhood	-36.7780821	-73.0435440
San Andrés del Valle	neighbourhood	-36.7720464	-73.0501279
Los Girasoles	neighbourhood	-36.7557984	-73.0936691
Conjunto Habitacional Monseñor Alarcón	neighbourhood	-36.7593720	-73.0820310
Conjunto Jaime Repullo	neighbourhood	-36.7589358	-73.0817279
Villa Rualme	neighbourhood	-36.7635944	-73.0898470
Villa Arabia	neighbourhood	-36.7645270	-73.0924219
El Bosque	neighbourhood	-36.7640014	-73.0975952
Cooperativa Planta Asmar	neighbourhood	-36.7518742	-73.0909467
Mar Pacífico	neighbourhood	-36.7471891	-73.0896619
Parques y Jardines	neighbourhood	-36.7462993	-73.0884093
Miramar	neighbourhood	-36.7476781	-73.0889632
Caleta El Morro	neighbourhood	-36.7261369	-73.1053180
Los Morritos de Centinela	neighbourhood	-36.7110782	-73.1324726
Brisas del Mar	neighbourhood	-36.7072808	-73.1337279
Población San Luis	neighbourhood	-41.4671258	-72.9624294
Los Cipreses	neighbourhood	-36.7139711	-73.1296458
Villa Las Caletas	neighbourhood	-36.6419283	-73.0978829
Brisa del Sol Oriente	neighbourhood	-36.7723371	-73.0708653
Parque Empresarial del Biobío	neighbourhood	-36.7651501	-73.1153548
Nueva Visión	neighbourhood	-36.7707150	-73.0866391
Laguna Hermosa	neighbourhood	-36.7768317	-73.0931863
El Guindo	neighbourhood	-36.7764450	-73.1010144
Nueva Cruz del Sur	neighbourhood	-36.7531121	-73.0869797
Cooperativa Los Reyes	neighbourhood	-36.7523578	-73.0860329
Población San Marcos	neighbourhood	-36.7483371	-73.0854481
Villa El Sauce	neighbourhood	-36.7498326	-73.0926056
Población Inchalam	neighbourhood	-36.7484142	-73.0933070
Las Lilas	neighbourhood	-36.7569373	-73.0876797
Las Dalias	neighbourhood	-36.7575841	-73.0881867
Mar Bello	neighbourhood	-36.7508986	-73.0940071
Camelias	neighbourhood	-36.7605281	-73.0871245
Villa El Rocío	neighbourhood	-36.7884213	-73.0188221
Conjunto Las Palmeras	neighbourhood	-36.8164514	-73.0218769
San Agustín	neighbourhood	-36.7092849	-73.1195390
Antilhue	neighbourhood	-36.7834620	-73.0565155
Conjunto Habitacional Viento Sur	neighbourhood	-41.4728507	-72.9889315
Conjunto Los Lagos	neighbourhood	-41.4753979	-72.9882167
Portal Araucarias	neighbourhood	-32.8943948	-71.2681995
Los Pintores	neighbourhood	-32.8998854	-71.2581734
Población Juan Pablo II	neighbourhood	-41.4734094	-72.9857129
Población Padre Hurtado	neighbourhood	-41.4759013	-72.9808903
Villa Las Etnias	neighbourhood	-53.1261334	-70.9193049
Foresta	neighbourhood	-53.1386885	-70.9348369
CNT Angol	neighbourhood	-36.8178102	-73.0656625
Jardines de Collao	neighbourhood	-36.8311240	-73.0097967
Eleuterio Ramírez	neighbourhood	-36.8328351	-73.0122552
Lautaro	neighbourhood	-36.8333538	-73.0093918
Copihues	neighbourhood	-36.8348823	-73.0071937
Las Margaritas Nonguén	neighbourhood	-36.8396678	-73.0008973
Población Ríos de Chile	neighbourhood	-36.8299105	-73.0072741
Cooperativa Ferroviaria	neighbourhood	-36.8226491	-73.0076413
Centro	neighbourhood	-36.8270721	-73.0502157
Lomas de Cardonal	neighbourhood	-41.4690635	-72.9828513
Villa Los Copihues	neighbourhood	-29.8696277	-71.2284028
Villa Alemania	neighbourhood	-29.8711228	-71.2392896
Fundo El Mirador	locality	-33.8107234	-70.8910203
Villa Sol Naciente	neighbourhood	-33.0219827	-71.5057558
Villa Altos del Mañío	neighbourhood	-33.3697368	-70.7485764
El Molino	neighbourhood	-34.4448645	-71.1357562
La Posada	neighbourhood	-34.4256361	-71.1193250
La Punta de Tunca	neighbourhood	-34.3777583	-71.0765465
Fuente de Piedra	neighbourhood	-36.8910853	-73.0345157
Población Garretón	neighbourhood	-32.6994029	-71.1898613
La Huinca	neighbourhood	-34.4624569	-71.2041466
Rincón de Potrerillos	neighbourhood	-34.4560523	-71.2116514
Población 20 de Enero	neighbourhood	-41.4592275	-72.9352310
Mermasol	neighbourhood	-29.8966711	-71.2552456
Villa Marina Vistoso	neighbourhood	-35.4831255	-71.5487731
El Tablón	neighbourhood	-36.2824629	-72.5519236
Barrio Manuel Rodriguez	neighbourhood	-38.4405195	-71.8745398
Barrio Los Canelos	neighbourhood	-32.8883277	-71.2585830
Villa El Crisol	neighbourhood	-32.8717651	-71.2400720
Los Tijerales	neighbourhood	-33.3697118	-70.7165032
Villa La Viñita	neighbourhood	-36.5315265	-72.4333258
El Sol	neighbourhood	-36.4339127	-72.6839485
Villa Río Itata	neighbourhood	-36.6028042	-72.5456209
Villa Las Palmeras	neighbourhood	-36.7360756	-72.3079801
Villa España	neighbourhood	-36.7517823	-72.4689610
Villa Pan de Piedra	neighbourhood	-36.1364845	-72.7967997
Villa Santa Luisa	neighbourhood	-33.3639234	-70.7341772
Villa San Isidro	neighbourhood	-33.3653615	-70.7325466
Ski Araucarias	locality	-38.6856019	-71.8009222
Condominio Piedra Roja	neighbourhood	-33.3637431	-70.7170417
Condominio Los Robles 1	neighbourhood	-33.3644183	-70.7201050
Parque La Ponderosa	neighbourhood	-35.7097996	-71.3262257
Piedra Blanca	neighbourhood	-41.7535864	-73.1633474
Unión y Esfuerzo	neighbourhood	-41.7581989	-73.1640334
Central Cipreses	locality	-35.7863627	-70.8079806
Jardines del Mar	neighbourhood	-41.4697758	-72.9725580
Jardines del Mirador	neighbourhood	-41.4720910	-72.9763949
Brisas de los Andes	neighbourhood	-32.8553942	-70.5874208
Sendero de Los Andes	neighbourhood	-32.8172424	-70.6133179
La Pampilla	neighbourhood	-32.8656220	-70.6251319
Doña Alicia	neighbourhood	-32.8066391	-70.5696951
San Sebastián	neighbourhood	-32.8059014	-70.5720380
Hacienda Cordillera	neighbourhood	-32.8230772	-70.6024141
Aires de Aconcagua	neighbourhood	-32.8548508	-70.6024497
Santa Rosa de Los Andes	neighbourhood	-32.8526309	-70.5993304
Montes Andinos	neighbourhood	-32.8349739	-70.5714331
Aires de Rinconada	neighbourhood	-32.8498879	-70.6873617
La Capellanía	neighbourhood	-32.8595281	-70.6822785
Barrio Carlos Veloa Peliz	neighbourhood	-32.7374530	-70.7375175
Antumapu	neighbourhood	-33.5684203	-70.6568139
Villa La Esperanza	neighbourhood	-36.8973385	-72.0113386
Parque Eólico Los Cururos	locality	-31.0253710	-71.6073565
Parque Eólico Monte Redondo	locality	-31.0619575	-71.6110587
Parque Eólico Totoral	locality	-31.3303142	-71.5945215
Parque Eólico Canela II	locality	-31.2884023	-71.5945922
Parque Eólico Canela I	locality	-31.2885578	-71.5965734
Parque Eólico Punta Sierra	locality	-31.1434805	-71.6057366
Parque Eólico Talinay Oriente	locality	-30.8328172	-71.5919716
Parque Eólico Talinay	locality	-30.8535029	-71.5981235
Población Alfonso Galaz	neighbourhood	-33.3654625	-70.7401364
Villa Santa Laura	neighbourhood	-33.3556926	-70.7523456
Encomenderos de Quilicura	neighbourhood	-33.3488967	-70.7453463
Villa San Fernando	neighbourhood	-33.3696738	-70.7261681
Villa La Pradera	neighbourhood	-33.3702939	-70.7239424
Villa Santa Filomena	neighbourhood	-33.3713032	-70.7218527
Villa La Arboleda	neighbourhood	-33.3720619	-70.7196169
Villa Las Golondrinas	neighbourhood	-33.3688441	-70.7203988
Villa Augusto D'Halmar	neighbourhood	-33.3697294	-70.7209746
Villa Eugenia	neighbourhood	-33.3676838	-70.7188931
Villa Huelén	neighbourhood	-33.3665333	-70.7179263
Tierra Austral	neighbourhood	-53.1704058	-70.9566001
Villa Pudeto II	neighbourhood	-53.1198901	-70.9150011
Condominio Enrique Abello 3 y 4	neighbourhood	-53.1260408	-70.9120565
Sifón Teatinos	locality	-35.6703621	-71.2156024
Loteo Estepa Austral 1	neighbourhood	-53.1186245	-70.9103449
Aires de San Pedro	neighbourhood	-36.8775180	-73.1485230
Barrio Arboleda	neighbourhood	-36.8811675	-73.1484050
Loteo Río de los Ciervos	neighbourhood	-53.1898144	-70.9522163
El Chorro	neighbourhood	-32.9274160	-71.5275458
La Chacrilla	neighbourhood	-32.9314606	-71.5341885
Población 19 de febrero	neighbourhood	-32.9034407	-71.2135958
Puente Sifón	locality	-35.7766247	-71.7945334
Las Mercedes	neighbourhood	-34.7448315	-71.1942798
Villa Las Américas	neighbourhood	-32.9803828	-71.2763655
Romero	locality	-28.6661318	-70.7665869
Valle Norte 5	neighbourhood	-33.3352677	-70.7706488
Barrio Las Pataguas	neighbourhood	-33.3008290	-70.8814180
Villa Luis Durand	neighbourhood	-33.2921743	-70.8702025
Centinela	neighbourhood	-36.7112574	-73.1436840
Centinela II	neighbourhood	-36.7088319	-73.1403795
Barrio Andrés Bello	neighbourhood	-29.9077321	-71.2533069
El Boldo	neighbourhood	-36.7620194	-73.0073315
Población Doña Inés	neighbourhood	-27.3456966	-70.3529906
Jardines de Los Andes	neighbourhood	-34.1903749	-70.7158224
Villa Badarán	neighbourhood	-36.7146935	-73.1378017
Aldea Santa Cecilia	neighbourhood	-34.9693508	-71.0141015
Luxemburgo	neighbourhood	-34.9612531	-70.9660202
Condominio Camino Real El Olivar	neighbourhood	-34.2131419	-70.7996965
El Progreso	neighbourhood	-35.1318119	-71.2905729
Valles de Talca	neighbourhood	-35.4514338	-71.6355987
Valles del Country	neighbourhood	-35.4203953	-71.6106230
Reserva Las Rastras	neighbourhood	-35.4181742	-71.5869949
Villa El Galpón	neighbourhood	-35.4580371	-71.6597331
Hacienda La Esmeralda	neighbourhood	-35.4427149	-71.6031114
Praderas de San Miguel	neighbourhood	-35.4466675	-71.6148319
Hacienda Las Rastras	neighbourhood	-35.4491061	-71.6150327
Estancia Las Rastras	neighbourhood	-35.4316213	-71.6040385
Parque El Avellano	neighbourhood	-35.4245222	-71.5950378
Villa Riberas de Lircay	neighbourhood	-35.3889387	-71.6449091
La Ilusión 2	neighbourhood	-35.7346941	-71.8038062
El Esfuerzo	neighbourhood	-35.7349581	-71.8052291
Barrio Dinamarca	neighbourhood	-33.6008899	-70.5934399
Alto Oriente I	neighbourhood	-29.8801236	-71.2164415
Alto Oriente II	neighbourhood	-29.8812284	-71.2141339
Villa Rehue	neighbourhood	-36.9620798	-73.1460158
Villa El Canelo	neighbourhood	-36.9727394	-73.1350672
Loteo Quiñenco	neighbourhood	-36.9691800	-73.1413717
Villa Santa María de Lagunillas	neighbourhood	-36.9818532	-73.1442680
Buena Vista	neighbourhood	-36.9861126	-73.1479625
Villa El Bosque	neighbourhood	-36.9892517	-73.1420000
Loteo Llacolén	neighbourhood	-36.9780137	-73.1374688
Viña Esmeralda	neighbourhood	-35.4415373	-71.5975737
Parque San Valentin	neighbourhood	-35.4170915	-71.5991319
Villa Parque del Sol	neighbourhood	-35.4328148	-71.5952821
Villa Puertas Del Sol	neighbourhood	-35.4298802	-71.5997014
Altos del Country	neighbourhood	-35.4212619	-71.6155722
Villa Plaza del Mar	neighbourhood	-36.8605374	-73.1462585
Escritor Juan Emar	neighbourhood	-36.8586784	-73.1447937
Escritora María Flora Yáñez	neighbourhood	-36.8574293	-73.1445945
Villa San Esteban	neighbourhood	-36.8579823	-73.1413218
Villa Pinos de San Pedro	neighbourhood	-36.8557016	-73.1439849
Huerto Sur	neighbourhood	-36.8361730	-73.1347939
Los Naranjos	neighbourhood	-35.0025662	-71.3803276
Villa Amanecer	neighbourhood	-35.6082285	-71.8061042
Villa Aurora	neighbourhood	-35.6100472	-71.8073059
Santa Victoria	neighbourhood	-35.6104615	-71.8096715
Vista Hermosa	neighbourhood	-35.6072734	-71.8096769
Villa Suiza	neighbourhood	-33.5540533	-70.6228840
Villa La Serena	neighbourhood	-33.5551985	-70.6142935
Población Bélgica	neighbourhood	-33.5410960	-70.6233192
Villa Naltagua	neighbourhood	-33.5409887	-70.6252800
Villa Los Jardines de Bobadilla	neighbourhood	-35.5749008	-71.6960102
Rinconada Javierana	locality	-34.6215544	-70.8929944
Chacarillas	village	-35.4801201	-71.6561204
Villa Los Paltos	neighbourhood	-33.5526268	-70.6224670
Villa Formulario Nacional	neighbourhood	-33.5507760	-70.6231482
Villa Los Paltos II	neighbourhood	-33.5495957	-70.6235720
Villa Las Américas	neighbourhood	-33.5476643	-70.6228103
Villa Santa Claudia	neighbourhood	-33.5457329	-70.6237437
Población Santa Eduvigis	neighbourhood	-33.5447046	-70.6281533
Villa Santa Lucía	neighbourhood	-33.5455362	-70.6252189
Villa El Almendral	neighbourhood	-33.5434080	-70.6258197
San Carlos de Arquén	neighbourhood	-35.6665710	-71.5723979
Villa La Esperanza	neighbourhood	-34.9705464	-71.0096276
Guaico Centro	neighbourhood	-34.9667439	-71.0496622
Villa Los Álamos	neighbourhood	-34.9658164	-71.0523766
Villa Millaray	neighbourhood	-33.5571389	-70.6320213
Villa La Cultura	neighbourhood	-33.5557889	-70.6343494
Villa Lo Videla	neighbourhood	-33.5587125	-70.6288670
Villa Bahía Catalina	neighbourhood	-33.5529099	-70.6152253
Villa Rodelillo	neighbourhood	-33.5498520	-70.6162391
Villa Comercio	neighbourhood	-33.5477239	-70.6179987
Villa Poeta Neruda	neighbourhood	-33.5504287	-70.6295107
Villa Reina Isabel	neighbourhood	-39.8528377	-73.2093823
Villa Reina Victoria	neighbourhood	-39.8458323	-73.2070863
Torreones V	neighbourhood	-39.8048899	-73.2055499
Villa Toronto	neighbourhood	-33.5140071	-70.6149275
Villa Iberia	neighbourhood	-33.5133809	-70.6124063
Villa Scappini	neighbourhood	-33.5122673	-70.6153191
Villa Araucanía	neighbourhood	-33.5104692	-70.6153996
Población Rosa Ester Alessandri	neighbourhood	-33.5087606	-70.6160648
Villa Millacura	neighbourhood	-33.5109612	-70.6126047
Villa Ovalle	neighbourhood	-33.5141883	-70.6166468
Villa Los Abedules	neighbourhood	-33.5143672	-70.6188570
Villa Conhabit	neighbourhood	-33.5130164	-70.6180201
Villa Lagos del Sur	neighbourhood	-33.5120593	-70.6188784
Villa Región de Los Lagos	neighbourhood	-33.5092638	-70.6211851
Villa Quelhuenco	neighbourhood	-33.5097245	-70.6193505
Comunidad Los Laureles	neighbourhood	-40.2509861	-72.5790765
Huertos de Chillán	neighbourhood	-36.6290392	-72.0399700
16 de Julio	neighbourhood	-36.8984903	-72.0058097
Loteo Las Acacias	neighbourhood	-35.8274215	-71.5039212
Asquinco	locality	-39.5017393	-72.2341633
Nuevo Amanecer	neighbourhood	-36.4989069	-72.2164148
Villa Blanca Alamos	neighbourhood	-36.4978945	-72.2142709
Villa Los Corales	neighbourhood	-36.5056409	-72.2182560
La Maravilla	neighbourhood	-36.4984812	-72.2184239
Villa El Esfuerzo	neighbourhood	-34.8031554	-71.2208328
Playa Zapatilla	locality	-26.8957984	-70.8120346
Villa Verde	neighbourhood	-35.1139208	-71.2911337
La Gloria	neighbourhood	-33.0227405	-71.2547976
Villa La Florida	neighbourhood	-34.6465985	-71.1933267
Villa La Florida	neighbourhood	-34.5838787	-71.0101646
Población Libertad	neighbourhood	-37.0172606	-73.1533939
Villa La Ramada	neighbourhood	-34.5847603	-71.0070875
Villa Don Francisco	neighbourhood	-34.5975604	-70.9811908
Trapalco	locality	-38.9554148	-71.8683339
Población C. Martínez	neighbourhood	-34.7360206	-71.2662211
Enrique Abello 5	neighbourhood	-53.1188934	-70.9236804
Lomas del Cajón	neighbourhood	-32.9557088	-71.2669319
El Maqui	locality	-30.9901551	-71.2979436
Villa Chamiza	neighbourhood	-41.4676564	-72.9068841
Villa Santa Teresita	neighbourhood	-41.4871300	-72.8895557
Villa San Rafael	neighbourhood	-41.4678042	-72.9090741
Barrio La Hacienda	neighbourhood	-33.4890110	-70.5717680
Barrio La Hacienda Norte	neighbourhood	-33.4858964	-70.5716952
Villa General del Canto	neighbourhood	-53.1444753	-70.9302082
Las Malvas	neighbourhood	-36.5883059	-72.1177532
Bosques de Arrayán	neighbourhood	-36.5898518	-72.1215118
Valle Las Lengas	neighbourhood	-53.1450283	-70.9422940
Vega Larga	locality	-33.2996579	-70.1404636
RPC III	neighbourhood	-32.9319513	-71.5146592
Condominio Don Bernardo	neighbourhood	-34.1706488	-70.6652021
Condominio Casas del Campo	neighbourhood	-34.1688556	-70.6630701
Condominio Jardines de San Juan	neighbourhood	-34.1701405	-70.6652024
Villa Lagos de Chile	neighbourhood	-33.3531283	-70.7406423
Villa Escritor Claudio Giaconi	neighbourhood	-34.9671331	-71.2091897
El Pino	locality	-26.8521776	-69.6231508
Paso Vicuña Mackenna	locality	-24.5736511	-70.3355238
Campamento La Negra	neighbourhood	-23.7878777	-70.3154397
"Monte Fenton, Sarmiento y Aymond"	neighbourhood	-53.1888493	-70.9492617
Weche Pepiukelen	neighbourhood	-53.1832448	-70.9564829
Jardines del Sur	neighbourhood	-23.7082545	-70.4239691
Villa El Salto	neighbourhood	-23.6316880	-70.3748667
Pueblos Originarios	neighbourhood	-53.1876968	-70.9473345
Población Sergio Reyes	neighbourhood	-34.6503982	-71.9047236
Villa Ilusión de Paredones	neighbourhood	-34.6499679	-71.9085699
Villa Rapa Nui II	neighbourhood	-33.3848514	-71.6549037
Condominio Valle Austral	neighbourhood	-53.1311147	-70.9199877
Loteo Hornillas	neighbourhood	-53.1290183	-70.9203486
Villa Liquidámbar	neighbourhood	-34.2028324	-70.7580611
Población Bombero Zamorano	neighbourhood	-34.4387551	-71.0732823
Villa El Sol	neighbourhood	-39.8660595	-73.3918227
Villa Yolanda	neighbourhood	-41.4563373	-72.9331679
Nueva Visión	neighbourhood	-36.6086749	-72.0720902
Puesto del Medio	locality	-35.3564056	-70.5155432
Villa Aires del Maipo	neighbourhood	-33.7479441	-70.8604829
Población Naval Almirante Francisco Nef	neighbourhood	-36.6987006	-73.1203526
Población Naval Almirante Bannen	neighbourhood	-36.7014584	-73.1162732
Población Naval Almirante Señoret	neighbourhood	-36.6939221	-73.1150173
Villa de Blanco	neighbourhood	-34.1620472	-70.7376308
Ojo Bueno	neighbourhood	-53.0484347	-70.8956692
Villa Gonzalo Rojas	neighbourhood	-36.8340177	-73.1487007
Caleta Boy	neighbourhood	-22.1088740	-70.2141649
Centro Empresarial Cinco Sur	locality	-36.4362397	-71.9546255
Refugio Fragüita	locality	-22.3626475	-70.2494574
Sitio Natural Cordillera del Chaltén	locality	-49.2726139	-73.0786716
Villa Cóndores de Chile	neighbourhood	-33.5674050	-70.6772933
Alto Naciente	neighbourhood	-35.9232844	-71.4050168
Llanuras de Montaña	neighbourhood	-35.9260224	-71.4170280
Lo Curro	neighbourhood	-33.3693584	-70.5582131
Villa Fidel Santa María	neighbourhood	-33.5478066	-70.6685973
Villa El Sol	neighbourhood	-33.5539404	-70.6706787
Población Carlos Castro	neighbourhood	-33.5521253	-70.6709040
Villa Santa María	neighbourhood	-33.5545483	-70.6775023
Villa Luco Cruchaga	neighbourhood	-33.5571233	-70.6751741
Población Lo Espina	neighbourhood	-33.5582051	-70.6736077
Población Escuela de Aviación	neighbourhood	-33.5614594	-70.6787897
Población Luis Cruz Martínez	neighbourhood	-33.5619824	-70.6743963
Población Óscar Bonilla	neighbourhood	-33.5737805	-70.6796856
Villa Los Carolinos	neighbourhood	-33.5701780	-70.6861443
Villa Empart	neighbourhood	-33.5722698	-70.6856830
Villa Hermanos Carrera	neighbourhood	-33.5738252	-70.6871636
Villa José Rosemblitt	neighbourhood	-33.5725469	-70.6889016
Villa Magisterio	neighbourhood	-33.5743258	-70.6851466
Villa Las Industrias	neighbourhood	-33.5749694	-70.6836123
Villa Lo Moreno	neighbourhood	-33.5762297	-70.6867881
Villa Antumalal	neighbourhood	-33.5767839	-70.6890840
Villa Hanga Roa	neighbourhood	-33.5752912	-70.6901140
Villa Habitacoop	neighbourhood	-33.5748889	-70.6877751
Villa Carol Urzúa	neighbourhood	-33.5763996	-70.6792993
Villa Andina	neighbourhood	-33.5780621	-70.6837518
Villa Aires del Maipo	neighbourhood	-33.5768376	-70.6851036
Villa Lo Blanco	neighbourhood	-33.5775080	-70.6873352
Villa Los Conquistadores	neighbourhood	-33.5778834	-70.6856937
Villa Renacimiento	neighbourhood	-33.5802342	-70.6780441
Población Celso Baladrón	neighbourhood	-33.5548367	-70.6707699
Villa 4 de Septiembre	neighbourhood	-33.5426861	-70.6832489
Población Islote Snipe	neighbourhood	-33.5445639	-70.6808027
Villa El Pinar	neighbourhood	-33.5418991	-70.6808027
Villa Flora Torres	neighbourhood	-33.5422747	-70.6796977
Villa Gregorio Sepúlveda	neighbourhood	-33.5427487	-70.6782922
Villa Presidente Balmaceda	neighbourhood	-33.5431108	-70.6777289
Villa Armando Pérez Román	neighbourhood	-33.5433120	-70.6770906
Villa Cisne	neighbourhood	-33.5436339	-70.6759962
Villa Inostroza de Montero	neighbourhood	-33.5440941	-70.6757309
Villa Valle Verde	neighbourhood	-33.5437412	-70.6750413
Conjunto Alcázares del Bosque	neighbourhood	-33.5441168	-70.6744298
Villa Lo Espejo 2	neighbourhood	-33.5438217	-70.6737432
Villa 18 de Septiembre	neighbourhood	-33.5457532	-70.6708893
Villa Enaco	neighbourhood	-33.5445728	-70.6735715
Villa Albo	neighbourhood	-33.5452256	-70.6724450
Villa Girasol	neighbourhood	-33.5467413	-70.6710724
Villa Primavera	neighbourhood	-33.5478009	-70.6716188
Villa Ramírez Gamboa	neighbourhood	-33.5471481	-70.6726059
Villa Don Enrique	neighbourhood	-33.5464864	-70.6734749
Población Roosevelt	neighbourhood	-33.5468351	-70.6747302
Población Enrique Montaner	neighbourhood	-33.5460125	-70.6766078
Población Lagos de Chile	neighbourhood	-33.5450825	-70.6783995
Condominio La Estancia	neighbourhood	-33.5463255	-70.6873259
Población Paula Jaraquemada	neighbourhood	-33.5474387	-70.6877765
Villa Carlos Villarroel	neighbourhood	-33.5486593	-70.6884792
Villa Luciano Gajardo Pérez	neighbourhood	-33.5497680	-70.6891230
Población San Andrés	neighbourhood	-33.5470542	-70.6848153
Población Santa Cristina	neighbourhood	-33.5476176	-70.6818112
Condominio San Alfonso	neighbourhood	-33.5499960	-70.6756529
Población O'Higgins	neighbourhood	-33.5505504	-70.6792738
Población  Santa Laura	neighbourhood	-33.5516859	-70.6881627
Parque Industrial Estrella del Sur	neighbourhood	-33.5580519	-70.7240668
Parque Industrial Jardín del Sur	neighbourhood	-33.5627903	-70.7212558
Barrio El Nocedal	neighbourhood	-33.5588297	-70.7104304
Villa Artes y Letras	neighbourhood	-33.5608771	-70.7088855
Barrio Industrial Tejas de Chena	neighbourhood	-33.5708986	-70.7174685
Población Rapa Nui	neighbourhood	-33.5646968	-70.7054830
Villa Los Halcones	neighbourhood	-33.5650365	-70.7028169
Lo Montero	neighbourhood	-33.5652309	-70.6985387
Población Los Pinos	neighbourhood	-33.5692649	-70.7027471
Villa Los Arrayanes	neighbourhood	-33.5675307	-70.6990779
Condominio Islas de Chiloé	neighbourhood	-33.5692828	-70.7001615
Villa Los Avellanos	neighbourhood	-33.5676022	-70.7021141
La Vara	neighbourhood	-33.5675396	-70.7007194
Villa Las Américas	neighbourhood	-33.5684604	-70.6984341
Villa El Tepual	neighbourhood	-33.5718395	-70.6993353
Los Pinos Sur	neighbourhood	-33.5715981	-70.7041204
Población Santa Rosa de Lima	neighbourhood	-33.5719266	-70.7082563
Villa Los Jardines	neighbourhood	-33.5719199	-70.7092381
Villa El Refugio	neighbourhood	-33.5716786	-70.7102788
Población Santa Emma	neighbourhood	-33.5727289	-70.6953013
Villa Volcán Villarrica	neighbourhood	-33.5737658	-70.6936866
Villa Lo Blanco	neighbourhood	-33.5757681	-70.6949365
Villa Nueva Garcés Gana	neighbourhood	-33.5730954	-70.6921417
Villa Pilar Moliner	neighbourhood	-33.5753882	-70.6936222
Villa Estrella del Sur	neighbourhood	-33.5791469	-70.6969375
Barrio Venecia	neighbourhood	-33.5469471	-70.6618041
Población Arturo Prat	neighbourhood	-33.5494865	-70.6555599
Villa Schneider	neighbourhood	-33.5487801	-70.6641215
Villa Cuatro Estrellas	neighbourhood	-33.5530362	-70.6556886
Población Yolanda Díaz Pérez	neighbourhood	-33.5517487	-70.6586069
Villa Francia	neighbourhood	-33.5545204	-70.6669539
Villa Transportistas	neighbourhood	-33.5543059	-70.6626838
Población Eduardo Frei Montalva	neighbourhood	-33.5558348	-70.6572336
Población Guatemala	neighbourhood	-33.5596613	-70.6590360
Población Javiera Carrera	neighbourhood	-33.5579437	-70.6617759
Villa Ministro Bonilla	neighbourhood	-33.5580789	-70.6646258
Villa Jardín del Sur	neighbourhood	-33.5562281	-70.6672114
Villa Baquedano	neighbourhood	-33.5579202	-70.6676432
Villa Cisterna	neighbourhood	-33.5595787	-70.6670585
Población Fernando Rojas Wolf	neighbourhood	-33.5589528	-70.6648833
Villa El Observatorio	neighbourhood	-33.5601151	-70.6631452
Población Los Sauces	neighbourhood	-33.5625647	-70.6636146
Población Santa Elena	neighbourhood	-33.5656557	-70.6648189
Población Los Acacios	neighbourhood	-33.5687041	-70.6679839
Población Valparaíso	neighbourhood	-33.5725749	-70.6719214
Población 21 de Marzo	neighbourhood	-33.5732543	-70.6699928
Población Héroes del Morro	neighbourhood	-33.5746755	-70.6692606
Población El Puelche	neighbourhood	-33.5742822	-70.6683701
Villa El Bosque	neighbourhood	-33.5717458	-70.6630433
Villa Isla Antumapu	neighbourhood	-33.5732118	-70.6589985
Población Vicente Huidobro	neighbourhood	-33.5748410	-70.6612111
Villa Santa Bárbara	neighbourhood	-33.5752164	-70.6630243
Villa Inés de Suárez	neighbourhood	-33.5763070	-70.6645049
Villa Yacimiento	neighbourhood	-33.5757617	-70.6654383
Villa 5 de Abril	neighbourhood	-33.5743270	-70.6639282
Villa San Francisco de Asís	neighbourhood	-33.5780585	-70.6624404
Población El Tranque	neighbourhood	-33.5793863	-70.6628473
Población Los Almendros	neighbourhood	-33.5807717	-70.6635554
Villa El Cardenal	neighbourhood	-33.5833370	-70.6652183
Villa Marina de Gaete	neighbourhood	-33.5829839	-70.6673802
Villa Lo Blanco Norte	neighbourhood	-33.5827068	-70.6688715
Población Juan Pablo II	neighbourhood	-33.5820454	-70.6702663
Población Ríos de Chile	neighbourhood	-33.5819471	-70.6721867
Villa Esperanza	neighbourhood	-33.5804008	-70.6743861
Villa Los Volcanes	neighbourhood	-33.5815717	-70.6745202
Población El Pino	neighbourhood	-33.5789483	-70.6738175
Población Pedro Aguirre Cerda	neighbourhood	-33.5784076	-70.6737827
Población Carrera	neighbourhood	-33.5771271	-70.6734044
Población El Almendro	neighbourhood	-33.5750108	-70.6723423
Villa 14 de Enero	neighbourhood	-33.5768701	-70.6708241
Villa Nuevo Horizonte	neighbourhood	-33.5779785	-70.6712855
Villa Primavera	neighbourhood	-33.5783204	-70.6693409
Villa María Luisa Bombal	neighbourhood	-33.5794578	-70.6721331
Población Juan Bautista Durán	neighbourhood	-33.5796589	-70.6708617
Villa Obispo Francisco Valdés	neighbourhood	-33.5804946	-70.6668813
Villa Valle del Sol	neighbourhood	-33.5798153	-70.6651754
Villa José Donoso	neighbourhood	-33.5789841	-70.6663234
Villa Santa Bárbara	neighbourhood	-33.5776522	-70.6643493
Villa Tenyson Ferrada	neighbourhood	-33.5776298	-70.6655268
Villa Cardenal Samore	neighbourhood	-33.5782332	-70.6672354
Villa Manantiales	neighbourhood	-33.5782198	-70.6683377
Villa 12 de Octubre	neighbourhood	-33.5770980	-70.6689091
Villa Cardenal Casaroli	neighbourhood	-33.5772232	-70.6699498
Población Renacer	neighbourhood	-35.8050886	-71.7421603
Carampangue Nuevo	neighbourhood	-37.2555850	-73.2355540
Faldeos de La Florida II	neighbourhood	-29.9325961	-71.2036197
Faldeos de La Florida I	neighbourhood	-29.9314277	-71.2021297
Parque Del Sol	neighbourhood	-35.6017367	-71.7401618
Ls Brisas de Palermo	neighbourhood	-29.9941369	-71.3601057
Villa Tucapel Jiménez II	neighbourhood	-33.4057004	-70.7470115
Villa Tucapel Jiménez	neighbourhood	-33.4034165	-70.7463678
Población Lo Velásquez	neighbourhood	-33.4087993	-70.7432779
Población Santa Emilia	neighbourhood	-33.4044286	-70.7435139
Villa Miraflores Moya	neighbourhood	-33.4047690	-70.7394477
Villa Gestión	neighbourhood	-33.4058706	-70.7404455
Villa Óscar Castro	neighbourhood	-33.4091933	-70.7334074
Villa Maule	neighbourhood	-33.4082440	-70.7351776
Villa Araucanía	neighbourhood	-33.4078141	-70.7365617
Villa Valle de Azapa	neighbourhood	-33.4098471	-70.7387182
Villa San Benildo	neighbourhood	-33.4055392	-70.7373770
El Perejil	neighbourhood	-33.4023686	-70.7389435
Altos de La Herradura	neighbourhood	-29.9926824	-71.3484161
Paso de Piedra	locality	-34.1876969	-70.9466600
Paso El Comandante	locality	-34.1787505	-70.9464991
Condominio El Bosque	neighbourhood	-39.2968350	-71.8949992
Bajo Traiguén	neighbourhood	-38.2229349	-72.3245740
Población Nueva Independencia	neighbourhood	-33.4849311	-70.6852186
Villa Brasil	neighbourhood	-33.5203066	-70.6314236
Población Joao Goulart	neighbourhood	-33.5201009	-70.6239402
Población Yungay	neighbourhood	-33.5203424	-70.6196487
Población Sanitas	neighbourhood	-33.5221492	-70.6287682
Población Ramón Larraín	neighbourhood	-33.5237591	-70.6271535
Población Combate de Iquique	neighbourhood	-33.5242120	-70.6299135
Población Porvenir	neighbourhood	-33.5238754	-70.6286878
Villa Santa Inés	neighbourhood	-33.5245462	-70.6320620
Villa San Pedro	neighbourhood	-33.5241348	-70.6333172
Población Santa Rosa Oriente	neighbourhood	-33.5229184	-70.6340844
Población Ghiardo	neighbourhood	-33.5227418	-70.6313405
Villa El Esfuerzo	neighbourhood	-33.5707194	-70.6798640
Villa John Kennedy	neighbourhood	-33.5663391	-70.6803709
Villa Brisas del Maule Norte	neighbourhood	-35.4522350	-71.6578810
Villa El Pilar	neighbourhood	-33.5456379	-70.6320950
Villa Padre Hurtado	neighbourhood	-33.5480969	-70.6265643
Villa Azul	neighbourhood	-33.5524469	-70.6267574
Villa Don Benjamín	neighbourhood	-33.5534170	-70.6267467
Villa Santiago Sur	neighbourhood	-33.5544162	-70.6247109
Villa Misía Corina	neighbourhood	-33.5541323	-70.6257516
Villa Don Benjamín 3	neighbourhood	-33.5542060	-70.6268325
Villa Santiago Sur 2	neighbourhood	-33.5544899	-70.6277660
Villa Don Benjamín 4	neighbourhood	-33.5552119	-70.6266126
Villa Lucila Godoy	neighbourhood	-33.5561932	-70.6248048
Villa Lagos del Sur	neighbourhood	-33.5562289	-70.6263283
Villa Esmeralda	neighbourhood	-33.5569084	-70.6250837
Villa Santo Domingo	neighbourhood	-33.5550890	-70.6257758
Villa Benjamín Subercaseaux	neighbourhood	-33.5541725	-70.6303838
Población Capitán Ávalos	neighbourhood	-33.5554734	-70.6298152
Población Alberto Celery	neighbourhood	-33.5528962	-70.6302926
Villa Avenida El Parque	neighbourhood	-33.5518411	-70.6304106
Villa Las Quintas	neighbourhood	-33.5491721	-70.6323418
Villa Casablanca	neighbourhood	-33.5516623	-70.6389990
Villa General Körner	neighbourhood	-33.5506966	-70.6425610
Población Combate de Angamos	neighbourhood	-33.5499902	-70.6346753
Villa Obispo Berríos	neighbourhood	-33.5466729	-70.6352225
Villa Concilio Vaticano II	neighbourhood	-33.5442318	-70.6357536
Villa Carlos Cortés	neighbourhood	-33.5433867	-70.6397876
Villa Jardín La Granja	neighbourhood	-33.5416117	-70.6325886
Villa Las Dalias	neighbourhood	-33.5352892	-70.6337848
Población Libertad	neighbourhood	-33.5403642	-70.6390151
Población Alto Palena	neighbourhood	-33.5374758	-70.6434891
Barrio San Ramón	neighbourhood	-33.5352624	-70.6469867
Población Paraguay	neighbourhood	-33.5375741	-70.6384411
Población Cartagena	neighbourhood	-33.5310681	-70.6393370
Nueva San Ramón	neighbourhood	-33.5333575	-70.6401470
Villa Jorge Prat Echaurren	neighbourhood	-33.5289574	-70.6422606
Villa Santa Isabel	neighbourhood	-33.5293598	-70.6372395
Barrio Fernández Albano	neighbourhood	-33.5261401	-70.6415203
Población Villa Blanca	neighbourhood	-33.5242976	-70.6383553
Población Primavera	neighbourhood	-33.5232333	-70.6449857
Población Santa Rosa	neighbourhood	-33.5232869	-70.6423143
Conjunto Codigas	neighbourhood	-33.5238460	-70.6364724
Barrio Modelo	neighbourhood	-33.5199909	-70.6410912
Población La Castrina	neighbourhood	-33.5163488	-70.6306341
Villa Lautaro	neighbourhood	-33.5077970	-70.6279948
Población Las Industrias II	neighbourhood	-33.5092284	-70.6276622
Población Las Industrias	neighbourhood	-33.5107849	-70.6273725
Población Bruno Neff	neighbourhood	-33.5128960	-70.6263426
Población Víctor Domingo Silva	neighbourhood	-33.5083785	-70.6306234
Villa Francisco Encina	neighbourhood	-33.5102124	-70.6316962
Población Malaquías Concha	neighbourhood	-33.5297182	-70.6235423
Villa Berlioz	neighbourhood	-33.5121804	-70.6332412
Villa El Huasco	neighbourhood	-33.5124129	-70.6357196
Población Berlioz	neighbourhood	-33.5093447	-70.6342497
Población Juan Planas	neighbourhood	-33.5129497	-70.6330588
Villa Cervantes	neighbourhood	-33.5144078	-70.6339386
Villa Joaquín Edwards Bello Sur	neighbourhood	-33.5113664	-70.6233814
Villa Joaquín Edwards Bello Norte	neighbourhood	-33.5048628	-70.6234780
Villa Las Industrias	neighbourhood	-33.5044602	-70.6260958
Villa Haydn	neighbourhood	-33.5069651	-70.6203666
Villa 12 de Mayo	neighbourhood	-33.5053190	-70.6189826
Villa Campus Universitario	neighbourhood	-33.5075287	-70.6156137
Población Bernardo O'Higgins Oriente	neighbourhood	-33.5061957	-70.6180492
Villa Santa Elena	neighbourhood	-33.5056948	-70.6159249
Villa La Unión	neighbourhood	-33.5022728	-70.6203075
Villa Lucía	neighbourhood	-33.5022594	-70.6180840
Villa Eleodoro Gormaz	neighbourhood	-33.5002822	-70.6178024
Villa Emco	neighbourhood	-33.5005327	-70.6183818
Villa 25 de Septiembre	neighbourhood	-33.4990476	-70.6189826
Población Virginia	neighbourhood	-33.5000094	-70.6195029
Villa Los Cerezos	neighbourhood	-33.5001212	-70.6203988
Villa Canadá	neighbourhood	-33.4984795	-70.6220027
Población René Schneider	neighbourhood	-33.4983408	-70.6237301
Villa Vasconia	neighbourhood	-33.4975624	-70.6248244
Población Rafael Luis Gumucio	neighbourhood	-33.4970614	-70.6267556
Villa Nuevo Horizonte	neighbourhood	-33.4983497	-70.6264391
Villa Marsella	neighbourhood	-33.4990968	-70.6262835
Villa Ureta Cox	neighbourhood	-33.5001749	-70.6260851
Población Elías de la Cruz	neighbourhood	-33.4992176	-70.6303444
Población Mademsa	neighbourhood	-33.5001749	-70.6380584
Población Madeco	neighbourhood	-33.5017047	-70.6366852
Población Mussa	neighbourhood	-33.5033330	-70.6351187
Villa Llico Oriente	neighbourhood	-33.5045139	-70.6343892
Villa Margozzini	neighbourhood	-33.5061510	-70.6355908
Villa Amanda Harbin	neighbourhood	-33.5059631	-70.6337776
Población Santa Rosa de Macul	neighbourhood	-33.5059363	-70.6304839
Barrio Llico	neighbourhood	-33.5040563	-70.6456041
Carmen Mena	neighbourhood	-33.5070044	-70.6514368
Población Recreo	neighbourhood	-33.5084174	-70.6445366
Población Brasilia	neighbourhood	-33.5091587	-70.6409691
Población Nueva Sierra Bella	neighbourhood	-33.4967916	-70.6355512
Población 16 de Febrero	neighbourhood	-33.4975879	-70.6382870
Villa Julio Donoso	neighbourhood	-33.4957896	-70.6376647
Villa Nueva Salesianos	neighbourhood	-33.4948143	-70.6370103
La Legua Vieja	neighbourhood	-33.4922733	-70.6356585
La Legua Nueva	neighbourhood	-33.4905733	-70.6314528
Villa Policarpo Toro	neighbourhood	-33.4860099	-70.6403148
Población Aníbal Pinto	neighbourhood	-33.4856967	-70.6313562
Población Carmen	neighbourhood	-33.4811354	-70.6339969
Población Juan Nieto	neighbourhood	-33.4828154	-70.6382334
Población El Carmen (Barrio Cicarelli)	neighbourhood	-33.4763812	-70.6327617
Población Chile	neighbourhood	-33.4786543	-70.6274026
Villa Las Flores	neighbourhood	-33.4819272	-70.6254683
Villa Valdivieso	neighbourhood	-33.4817586	-70.6277354
Población Germán Riesco	neighbourhood	-33.4889090	-70.6226658
Villa San Joaquín	neighbourhood	-33.4878336	-70.6204668
Población El Pinar	neighbourhood	-33.4928281	-70.6232130
Villa Venezuela	neighbourhood	-33.4926480	-70.6181794
Villa Esmeralda	neighbourhood	-33.4954675	-70.6265175
Villa Cima	neighbourhood	-33.4952259	-70.6281697
Ciudad del Niño	neighbourhood	-33.5135915	-70.6523298
Lo Ovalle	neighbourhood	-33.5187751	-70.6502216
Población Rosembick	neighbourhood	-33.5151077	-70.6615083
Población Los Troncos	neighbourhood	-33.5164137	-70.6718724
Población Nueva España	neighbourhood	-33.5255907	-70.6758098
Villa Clara Estrella	neighbourhood	-33.5154834	-70.6792431
Villa Santa Anita	neighbourhood	-33.5192760	-70.6882660
Población Lo Sierra	neighbourhood	-33.5220175	-70.6953363
Villa Los Lebreles	neighbourhood	-33.5207362	-70.6975009
Villa Alcalde Atilio Mendoza	neighbourhood	-33.5181893	-70.7006497
Villa Valenzuela Llanos (Barrio Chino)	neighbourhood	-33.5231065	-70.7005452
Villa Gil de Castro	neighbourhood	-33.5260804	-70.6957655
Pueblo Lo Espejo	neighbourhood	-33.5319697	-70.6940435
Villa Santa Ana	neighbourhood	-33.5356409	-70.6917368
Nueva Lo Espejo (Lo Sierra D)	neighbourhood	-33.5292330	-70.7011540
Población Las Turbinas	neighbourhood	-33.5289826	-70.7046436
Villa Los Parques	neighbourhood	-33.5252575	-70.7045739
Villa Abriendo Las Puertas	neighbourhood	-33.5233301	-70.7036726
Villa Gilberto Moreno	neighbourhood	-33.5268182	-70.6907819
Villa Las Dunas	neighbourhood	-33.5180305	-70.6855999
Villa 12 de Octubre	neighbourhood	-33.5139806	-70.6400480
Villa Austral	neighbourhood	-33.5119098	-70.6385888
Población Colón América	neighbourhood	-33.5160958	-70.6416964
Villa Las Palmeras	neighbourhood	-33.5107222	-70.6722809
Villa Sur Anexo	neighbourhood	-33.5069382	-70.6837385
Villa La Obra de Ladrillo	neighbourhood	-33.5220779	-70.7032488
Población Lo Biaut	neighbourhood	-33.5322515	-70.6720440
Población Mi Viñita	neighbourhood	-33.5334241	-70.6798543
Villa Fernando Rojas Wolf	neighbourhood	-33.5346437	-70.6816356
Villa El Trébol	neighbourhood	-33.5372506	-70.6827031
Población Hermanos Carrera	neighbourhood	-33.4790318	-70.6452212
Población Montiel	neighbourhood	-33.4816592	-70.6448121
Barrio Atacama	neighbourhood	-33.5069058	-70.6626483
Villa Ready	neighbourhood	-33.5088023	-70.6678517
Población Nueva Atacama	neighbourhood	-33.5102739	-70.6687744
Villa Molineros y Panificadores	neighbourhood	-33.5018736	-70.6647457
Villa San Miguel	neighbourhood	-33.5002587	-70.6628950
Loteo Guayacancito	neighbourhood	-29.9712494	-71.3453704
Villa Los Pensamientos	neighbourhood	-33.5533141	-70.6191673
Villa Vista al Mar	neighbourhood	-29.9885094	-71.3415992
Villa Los Olivos	neighbourhood	-29.9900241	-71.3437343
Villa Amanecer	neighbourhood	-29.9881377	-71.3460785
La Ollada	locality	-34.1543048	-70.9367187
Agua de Las Masas	locality	-34.1640556	-70.8905763
El Naranjillo	locality	-34.1508845	-70.9314841
Rancho Refugio	locality	-34.1442152	-71.0279551
El Frutillar	locality	-34.1772461	-70.9236252
Villa Los Nogales	neighbourhood	-35.0645887	-71.2514829
Rancho Romila	neighbourhood	-33.3090293	-71.6340454
Barrio Bellas Artes	neighbourhood	-33.4378965	-70.6456979
Población Magisterio	neighbourhood	-36.1431944	-71.8125425
Población Gabriela Mistral	neighbourhood	-35.7023262	-71.4075038
Villa Doña Ester	neighbourhood	-34.5785742	-71.0039814
Villa San Basilio	neighbourhood	-34.5874216	-71.0027987
Villa Doña Georgina I	neighbourhood	-34.5801262	-71.0050303
Valle San Ramón	neighbourhood	-29.9722834	-71.2396324
Palmas de San Ramón IV	neighbourhood	-29.9805361	-71.2432641
Palmas de San Ramón III	neighbourhood	-29.9806337	-71.2437683
Valles de Santa María	neighbourhood	-34.9612993	-71.2399994
Mi Sueño	neighbourhood	-37.0385578	-72.3901387
Villa Las Maravillas	neighbourhood	-37.0370920	-72.3933184
Villa Buzo Sobenes	neighbourhood	-33.0215576	-71.5122575
Loteo Valle Las Lengas 1B	neighbourhood	-53.1431365	-70.9402614
Población La Conquista	neighbourhood	-33.0260374	-71.5199246
Población Monte Sinaí	neighbourhood	-33.0314558	-71.5143912
Población Gustavo Lorca	neighbourhood	-33.0270651	-71.5183032
Alto Bulnes	neighbourhood	-53.1267761	-70.8822240
Alto Bulnes II	neighbourhood	-53.1256914	-70.8847596
Villa Carlos Condell	neighbourhood	-33.0198523	-71.5225259
Población Vicuña Mackenna Sur	neighbourhood	-33.4928104	-70.6126393
Villorrio Santa Irma	neighbourhood	-35.5603742	-71.5803359
Villa Quineo	neighbourhood	-35.5643268	-71.5783256
Villa Los Ángeles	neighbourhood	-35.4736423	-71.6596875
Poblacion Santa Gestrudis	neighbourhood	-36.4919531	-72.7043663
Villa Jesús	neighbourhood	-34.2290686	-70.8803269
Vado Pedregoso	neighbourhood	-37.4669374	-73.3572735
Toma Jamaica	neighbourhood	-37.4860763	-73.3180556
Toma Río Rana	neighbourhood	-37.4857830	-73.3249712
Condominio Sol del Valle	neighbourhood	-37.4701642	-73.3565062
Lo Castillo	neighbourhood	-33.4004396	-70.5930155
Villa Manso de Velasco	neighbourhood	-34.5920297	-71.0051072
Bosques de la Palma	neighbourhood	-34.5876063	-71.0075164
Jardín del Este	neighbourhood	-33.3912197	-70.5831488
Santa Laura	locality	-36.4207316	-71.9736558
Villa Los Industriales	neighbourhood	-33.5756371	-70.7007900
Conjunto Virginia Opazo	neighbourhood	-33.4493816	-70.6691139
Conjunto Elías de la Cruz	neighbourhood	-33.4554511	-70.6181240
Población Los Castaños	neighbourhood	-33.4114455	-70.6625572
Barrio Balmaceda	neighbourhood	-33.4315709	-70.6744173
Barrio Panamá	neighbourhood	-33.4324170	-70.6658074
Villa Valles del Maule	neighbourhood	-35.5313411	-71.4919627
Barrio Concha y Toro	neighbourhood	-33.4459042	-70.6660592
Barrio Cívico	neighbourhood	-33.4445787	-70.6535367
Barrio Ejército	neighbourhood	-33.4521907	-70.6616537
Barrio Dieciocho	neighbourhood	-33.4488204	-70.6577685
Centro Histórico	neighbourhood	-33.4377752	-70.6505796
Barrio La Bolsa	neighbourhood	-33.4427211	-70.6511964
Barrio París-Londres	neighbourhood	-33.4446459	-70.6484271
Barrio San Diego	neighbourhood	-33.4475162	-70.6509953
Barrio Santa Isabel	neighbourhood	-33.4489686	-70.6389280
Barrio San Isidro	neighbourhood	-33.4460682	-70.6427180
Barrio San Borja	neighbourhood	-33.4430982	-70.6376513
Barrio San Vicente	neighbourhood	-33.4634818	-70.6743902
Barrio Viel	neighbourhood	-33.4655359	-70.6555637
Barrio Huemul	neighbourhood	-33.4747586	-70.6513661
Barrio Pedro Montt	neighbourhood	-33.4735840	-70.6643547
Barrio San Eugenio	neighbourhood	-33.4705590	-70.6736324
Barrio Victoria	neighbourhood	-33.4635288	-70.6486691
Barrio Matta Sur	neighbourhood	-33.4618282	-70.6397106
Barrio Sierra Bella	neighbourhood	-33.4708477	-70.6313890
Barrio Bogotá	neighbourhood	-33.4659453	-70.6365536
Barrio Santa Elena	neighbourhood	-33.4649877	-70.6288583
Barrio Copiapó	neighbourhood	-33.4560929	-70.6528909
Barrio Club Hípico	neighbourhood	-33.4642828	-70.6644258
Barrio San Alfonso	neighbourhood	-33.4564017	-70.6752914
Luis Castro Serrano	neighbourhood	-33.3681317	-70.7148782
Colonización	neighbourhood	-33.3683624	-70.7127612
Villa Gildemeister	neighbourhood	-33.3675956	-70.7114470
Villa Teniente Pizzoleo	neighbourhood	-33.3698359	-70.7112399
Villa Lo Campino	neighbourhood	-33.3701372	-70.7129026
Villa Doctor Dussert	neighbourhood	-33.3697370	-70.7312222
Villa Los Portales	neighbourhood	-33.3687081	-70.7337386
Villa Ecológica	neighbourhood	-33.3710450	-70.7299759
Pucará de Lasana	neighbourhood	-33.3768043	-70.7267607
San Saturnino	neighbourhood	-33.3755729	-70.7286220
Campo Lindo	neighbourhood	-33.3774135	-70.7263889
Portada del Valle	neighbourhood	-33.3766008	-70.7240358
Campo Hermoso	neighbourhood	-33.3775322	-70.7254352
Portal de Quilicura	neighbourhood	-33.3781479	-70.7239518
El Alto de la Campiña	neighbourhood	-33.3789804	-70.7246973
Portal de Curanilahue	neighbourhood	-37.4599956	-73.3627000
Villa El Esfuerzo	neighbourhood	-35.4809560	-71.7519785
Villa Padre Hurtado	neighbourhood	-35.4858681	-71.7475989
Villa Santa Bárbara	neighbourhood	-35.4850543	-71.7466929
Los Nogales	neighbourhood	-35.4800029	-71.7458995
Villa El Amanecer	neighbourhood	-35.4839161	-71.7542088
Barrio Estación	neighbourhood	-34.1691416	-70.7516889
Centro Histórico	neighbourhood	-34.1703787	-70.7407691
Barrio Triana	neighbourhood	-33.4335293	-70.6244108
Barrio Santa Ana	neighbourhood	-33.4381721	-70.6583242
Villa Queronque	neighbourhood	-32.9994478	-71.2747188
Villa Independencia	neighbourhood	-33.0096284	-71.2566724
Población Llanquihue	neighbourhood	-33.0109397	-71.2548780
Bajos de Chacay	locality	-36.1515116	-71.4400149
Las Toscas	locality	-36.0990650	-71.3115049
Valle Los Sauces	neighbourhood	-53.1347960	-70.9384245
Población Los Pinos	neighbourhood	-33.0103009	-71.2545052
Población Manuel Rodríguez	neighbourhood	-33.0172481	-71.2597444
Población Juan Egaña	neighbourhood	-33.0090616	-71.2585245
Campos de Hielo	neighbourhood	-45.5746769	-72.0363855
Barrio Plaza Italia	neighbourhood	-33.4371057	-70.6349687
San Luis	neighbourhood	-33.4004763	-70.7392761
Conjunto Bellavista IV	neighbourhood	-29.9900110	-71.3160803
Villa Tres Puntas	neighbourhood	-33.3655298	-70.7118393
Villa Buen Pastor	neighbourhood	-33.3700366	-70.7368558
Población Corporación Radio de Chile	neighbourhood	-33.4817983	-70.6217256
La Brea	locality	-28.1403457	-69.6462393
Barrio Croacia	neighbourhood	-33.5977961	-70.5962373
Barrio Bélgica	neighbourhood	-33.6033528	-70.5924941
Condominio Embalse Los Aromos 2	neighbourhood	-32.9793102	-71.3814166
Condominio Embalse Los Aromos 1	neighbourhood	-32.9689865	-71.3843215
Tejas Verdes	neighbourhood	-33.6191374	-71.6186677
Cerro La Arena	neighbourhood	-33.5844662	-71.6097180
El Puertecito	neighbourhood	-33.5828708	-71.6130547
Cerro Alegre	neighbourhood	-33.5784821	-71.6176064
Cerro La Virgen	neighbourhood	-33.5754002	-71.6130507
Población Bellavista	neighbourhood	-33.5688568	-71.6062969
Población Padre Hurtado	neighbourhood	-33.5719900	-71.5992668
Placilla	neighbourhood	-33.5811706	-71.6021642
Movilizadores Portuarios	neighbourhood	-33.5863099	-71.6041731
Villa Italia	neighbourhood	-33.5915964	-71.6043716
Población 30 de Marzo	neighbourhood	-33.5953186	-71.6029500
Colinas del Mar	neighbourhood	-33.5980800	-71.5981006
Población Teresa de los Andes	neighbourhood	-33.5960068	-71.5993505
Villa Las Dunas	neighbourhood	-33.6036384	-71.6106533
Caleta Lameguapi	locality	-40.1972817	-73.7033165
Villa Nueva Vida	neighbourhood	-36.8972858	-72.0035739
Villa 10 de Julio	neighbourhood	-36.6074353	-72.5406620
Villa Las Palmeras	neighbourhood	-36.4908068	-72.7146307
Vaticano	neighbourhood	-33.4272305	-70.5824707
Los Descubridores	neighbourhood	-33.4194143	-70.5646984
Roncesvalles	neighbourhood	-33.4131456	-70.5584703
Villa Iansa	neighbourhood	-40.2839554	-73.0777809
Loteo Amanda	neighbourhood	-40.2768647	-73.0739148
Barrio San Antonio	neighbourhood	-40.2767996	-73.0782382
Villa Verde	neighbourhood	-40.2808183	-73.0781110
Villa René Schneider	neighbourhood	-22.4425086	-68.9406117
El Maitén	neighbourhood	-40.3015385	-73.0465653
Iansa 1	neighbourhood	-40.2992564	-73.0774906
Villa Nuevo Amanecer	neighbourhood	-40.3087916	-73.0737563
Villa El Sol	neighbourhood	-40.3107428	-73.0745400
Villa Peñuelas Oriente	neighbourhood	-29.9537316	-71.2614485
Alto Peñuelas	neighbourhood	-29.9575862	-71.2690429
Villa Fernando Rohr	neighbourhood	-40.3324906	-72.9625654
Miraflores	neighbourhood	-40.3362650	-72.9612243
Padre Tadeo	neighbourhood	-40.3438825	-72.9432535
Comandante Araya	neighbourhood	-40.3286834	-72.9449326
Terrazas de La Cantera	neighbourhood	-40.3308753	-72.9389768
Población Diego Portales	neighbourhood	-40.3340364	-72.9473895
Aires de Lurín	neighbourhood	-36.4284558	-71.9783722
Parque Huambalí	neighbourhood	-36.6320779	-72.1069111
Villa Barros Arana	neighbourhood	-36.6332139	-72.1007741
Villa Altos del Este	neighbourhood	-36.6120057	-72.0774213
Villa Lomas del Valle	neighbourhood	-36.6256194	-72.0609734
Arboleda Lantaño	neighbourhood	-36.5894092	-72.1115393
Villa Sol Maipú V	neighbourhood	-33.5014538	-70.7953017
Villa Sol de Maipú II	neighbourhood	-33.5055348	-70.7953484
Villa Sol de Maipú	neighbourhood	-33.5048767	-70.7933309
Villa Rey Sol de Maipú	neighbourhood	-33.5046353	-70.7921681
Villa Sol de Maipú III	neighbourhood	-33.5012747	-70.7891933
Villa Rey Sol II de Maipú	neighbourhood	-33.5021431	-70.7894595
Villa Sol de Abril II	neighbourhood	-33.5030142	-70.7896036
Villa Sol IV de Maipú	neighbourhood	-33.5036569	-70.7896150
Condominio Los Araucanos	neighbourhood	-33.5055769	-70.7852801
Villa Jardines de Rinconada II	neighbourhood	-33.5082564	-70.7957535
Villa Jardines de Rinconada	neighbourhood	-33.5071140	-70.7900557
Villa San Carlos	neighbourhood	-33.5087932	-70.7878648
Villa San Luis V	neighbourhood	-33.5100626	-70.7879769
Villa San Luis IV	neighbourhood	-33.5121748	-70.7879522
Villa Santa Inés Norte	neighbourhood	-33.5144927	-70.7889034
Villa Santa Inés Sur	neighbourhood	-33.5172779	-70.7876011
Villa Los Portales de Maipú	neighbourhood	-33.5177850	-70.7950779
Villa Los Robles III de Maipú	neighbourhood	-33.5175883	-70.7982751
Villa Valle de la Esperanza II	neighbourhood	-33.5151374	-70.7956358
Villa Los Robles de Maipú	neighbourhood	-33.5147776	-70.7926660
Villa Valle de La Esperanza	neighbourhood	-33.5127607	-70.7936653
Villa Los Robles II de Maipú	neighbourhood	-33.5109950	-70.7921015
Villa Los Heroes de Iquique II	neighbourhood	-33.5110708	-70.7951411
Villa Los Héroes de Iquique	neighbourhood	-33.5124180	-70.7977656
Villa Los Héroes de La Concepción	neighbourhood	-33.5091083	-70.7916759
Villa Casas de Lo Espejo	neighbourhood	-33.5087661	-70.7830228
Población Borgoño	neighbourhood	-33.5105650	-70.7824250
Villa Los Chalets de Lo Infante	neighbourhood	-33.5099965	-70.7804823
Villa San Luis	neighbourhood	-33.5115774	-70.7835458
Villa San Luis II	neighbourhood	-33.5123717	-70.7809493
Villa San Luis III	neighbourhood	-33.5138669	-70.7836392
Villa La Hacienda	neighbourhood	-33.5141939	-70.7810333
Villa Santa Carolina	neighbourhood	-33.5168137	-70.7822431
Villa Santa Enriqueta	neighbourhood	-33.5198641	-70.7823732
Hacienda del Maule	neighbourhood	-35.4595932	-71.6890661
Miramar	neighbourhood	-37.0779165	-73.1507542
Parque del Sol	neighbourhood	-35.8675166	-71.6008164
Villa Fernando Diez	neighbourhood	-35.8544093	-71.6086047
Villa Doña Agustina	neighbourhood	-35.8467193	-71.5725772
Villa Alameda	neighbourhood	-35.4230295	-71.6584726
Villa Blanca Correa Caro	neighbourhood	-36.2786808	-71.8122047
Condominio Mirador de la Hacienda	neighbourhood	-29.9230649	-71.2249783
Villa Michelle Bachelet Jeria	neighbourhood	-41.3359869	-72.9729217
Población Guillermo Fuenzalida	neighbourhood	-36.5318876	-72.4288056
Villa El Bosque	neighbourhood	-36.6046938	-72.5398754
Villa Ebenezer	neighbourhood	-37.6058372	-73.6412940
Villa Los Maitenes	neighbourhood	-36.6730521	-72.2765865
Población 1 y 2 de Octubre	neighbourhood	-34.1817939	-70.7448461
Villa Los Nogales	neighbourhood	-39.8744632	-73.1847489
Las Gaviotas	neighbourhood	-39.8791975	-73.1798083
Población El Carmen	neighbourhood	-22.9023629	-68.2017463
Población El Esfuerzo	neighbourhood	-35.8167155	-72.5812371
Villa María Mercedes	neighbourhood	-36.8937542	-72.0134744
Villa 20 de Agosto	neighbourhood	-36.8989338	-72.0333501
Villa Araucarias	neighbourhood	-36.8968925	-72.0368843
Poblacíon Madariaga	neighbourhood	-36.7352252	-72.3028329
Villa 11 de Septiembre	neighbourhood	-36.7465750	-72.2877370
Villa Hanga Roa	neighbourhood	-36.7372425	-72.3005848
Villa Entre Ríos	neighbourhood	-37.1278820	-72.0090268
Villa Lomas de Yungay	neighbourhood	-37.1210442	-72.0047208
Villa Don Vicente	neighbourhood	-34.3521737	-70.8351684
Villa Cordillera	neighbourhood	-34.3549638	-70.8361447
Villa Arco Iris	neighbourhood	-34.3589937	-70.8379043
Población Conde Duque	neighbourhood	-22.9081691	-68.1965804
Sector Aduana	neighbourhood	-22.9080456	-68.1932437
Villa El Alto Mirador	neighbourhood	-22.9118306	-68.1919509
Población Los Algarrobos	neighbourhood	-22.9113908	-68.1950086
Población Alto Jama	neighbourhood	-22.9129275	-68.1933618
Población Licancabur	neighbourhood	-22.9151189	-68.1930077
Villa Don Benito	neighbourhood	-35.3924300	-71.6430952
Villa Doña Josefa	neighbourhood	-35.3976030	-71.6315843
Villa Doña Florencia	neighbourhood	-35.4390713	-71.6980733
Villa Doña Clara	neighbourhood	-35.4412041	-71.7001869
Villa San Francisco	neighbourhood	-35.4402342	-71.6939395
Villa Samuel Lillo	neighbourhood	-35.4419558	-71.6914751
Villa Doña Gloria	neighbourhood	-35.4376640	-71.6907134
Villa Santa Clara	neighbourhood	-33.7170103	-70.7464308
Villa Los Puentes de Buin	neighbourhood	-33.7199063	-70.7445581
Villa Portales de Buin	neighbourhood	-33.7097920	-70.7476850
Barrio Los Ciruelos	neighbourhood	-33.7366327	-70.7492193
Ayllu de Solcor	neighbourhood	-22.9210406	-68.2002604
Villa Praderas de Don Joaquin	neighbourhood	-38.7611877	-72.7624690
Villa Luis de Valdivia	neighbourhood	-38.7635351	-72.7697953
Villa Santa Maria	neighbourhood	-38.7590210	-72.7732457
Villa Jorge Teillier	neighbourhood	-38.7626541	-72.7430420
Villa Los Reyes	neighbourhood	-38.7616064	-72.7425919
San Sebastián	neighbourhood	-38.7538978	-72.6674280
Villa Lafquenche	neighbourhood	-39.8638572	-73.4390813
Paula Jaraquemada	neighbourhood	-38.5191141	-72.4297807
Los Regidores	neighbourhood	-38.5191049	-72.4318136
Las Araucarias	neighbourhood	-38.5181029	-72.4305065
San Arturo	neighbourhood	-38.5341684	-72.4433977
Los Boldos	neighbourhood	-38.5339680	-72.4441069
Los Abedules	neighbourhood	-38.5288141	-72.4429355
Los Aromos	neighbourhood	-38.5276829	-72.4427754
Empleados Particulares	neighbourhood	-38.5284049	-72.4323116
Los Franceses	neighbourhood	-35.8855793	-72.6797737
Nuevo Porvenir	neighbourhood	-35.5863388	-71.4436206
Los Peumos	neighbourhood	-35.6880234	-71.3022302
Los Robles	neighbourhood	-35.6893247	-71.3044671
El Arrayán	neighbourhood	-35.6864869	-71.3005850
El Quillay	neighbourhood	-35.6849654	-71.2989458
El Dayne	locality	-35.6950108	-71.2934074
Campo Lindo	neighbourhood	-35.6981903	-71.2668731
Fundo Providencia	neighbourhood	-35.7076392	-71.3171783
Teresita de Los Andes	neighbourhood	-35.6382365	-71.3949348
Villa Don Carlos	neighbourhood	-35.8643771	-71.5869604
Los Huertos	neighbourhood	-35.8283244	-71.5866151
Hacienda Las Palmas II	neighbourhood	-34.4102571	-70.8716144
Hacienda Las Palmas I	neighbourhood	-34.4088050	-70.8711916
Villa Oriente	neighbourhood	-34.4144209	-70.8517547
San Benito	neighbourhood	-34.4136727	-70.8481729
Las Américas	neighbourhood	-34.4123595	-70.8500586
Vista Hermosa	neighbourhood	-34.4114400	-70.8509964
Alto Cardonal	neighbourhood	-35.8851638	-72.6717627
La Perla	neighbourhood	-35.8824899	-72.6800924
Villa El Portal	neighbourhood	-35.4630253	-71.6584781
Villa El Desarrollo	neighbourhood	-40.1209477	-72.7755565
Campo Argentino	locality	-39.0266262	-71.5795740
Primer Coironal	locality	-39.0495273	-71.5447330
Segundo Coironal	locality	-39.0437822	-71.5448018
Villa Rukalhue	neighbourhood	-37.4724019	-73.3555094
Los Quesos	locality	-39.0744403	-71.5210231
El Michay	locality	-39.0760525	-71.5165346
El Lite	locality	-39.0749494	-71.5148441
Valle Oeste	neighbourhood	-34.1690860	-70.7801904
Villa Altos Las Higueras	neighbourhood	-35.9625296	-72.3016689
Villa Soinca	neighbourhood	-33.6834490	-71.1867609
Villa Los Castaños	neighbourhood	-36.8948484	-72.0237020
Buzeta	neighbourhood	-33.4807271	-70.6893591
Litoral Austral	neighbourhood	-45.4118927	-72.6799653
La Balsa	neighbourhood	-45.4121251	-72.7015157
Pedro Aguirre Cerda	neighbourhood	-45.3940529	-72.6895574
Villa Pedro Nolasco	neighbourhood	-34.9786419	-71.2493453
Alto del Río	neighbourhood	-35.9717764	-72.3278958
Villa Los Héroes	neighbourhood	-35.9600840	-72.3061431
Villa Contreaux	neighbourhood	-35.9584318	-72.3004648
Villa San Marcos	neighbourhood	-35.9619359	-72.3046035
Rocas de Cauquenes	neighbourhood	-35.9487460	-72.3508984
Villa Esperanza 1	neighbourhood	-35.9563280	-72.3336518
Villa Esperanza 8	neighbourhood	-35.9589203	-72.3331904
Villa San Sebastián	neighbourhood	-35.9588139	-72.3290652
Población Caiquén	neighbourhood	-35.9618947	-72.3266137
Población El Molino	neighbourhood	-35.0651553	-71.2767807
Condominio Valle Volcanes 38	neighbourhood	-41.4581779	-72.8981613
Condominio Valle Volcanes 40	neighbourhood	-41.4573939	-72.8964473
Condominio Valle Volcanes 37	neighbourhood	-41.4581095	-72.8963508
Villa Chacarilla	neighbourhood	-33.3650828	-70.7245123
Valle Verde	neighbourhood	-33.2839032	-70.7579824
Barrio Vaticano Chico	neighbourhood	-33.4376545	-70.6293300
Población El Progreso	neighbourhood	-41.4999800	-72.9913616
Campamento Millantú	neighbourhood	-33.6109100	-70.5137970
Simón Bolívar	neighbourhood	-39.8202569	-73.2076311
Puertas Amarillas	neighbourhood	-33.9985975	-71.8844248
Población Quinta Bella	neighbourhood	-33.4027121	-70.6368681
Villa Cerros de Ñuble	neighbourhood	-36.6044066	-72.0714386
Villa La Dormida	neighbourhood	-33.0750684	-70.9279060
Villa Las Lajas	neighbourhood	-39.8565481	-72.8257594
Parque Industrial Costanera Sur	neighbourhood	-33.4206902	-70.7715154
Villa Bicentenario	neighbourhood	-33.4206390	-70.7634126
Villa Lomas del Prado	neighbourhood	-33.4211480	-70.7602741
Villa La Hondonada	neighbourhood	-33.4238422	-70.7603147
Villa Los Lagos	neighbourhood	-33.4168187	-70.7667487
Población Alianza	neighbourhood	-33.4165975	-70.7641976
Población El Montijo	neighbourhood	-33.4185482	-70.7565405
Villa Santa Clara	neighbourhood	-33.4269925	-70.7589972
Villa Nueva California	neighbourhood	-33.4156512	-70.7481316
Villa Huelén	neighbourhood	-33.4200422	-70.7429492
Villa Santa Victoria Norte	neighbourhood	-33.4165024	-70.7392619
Villa 4 de Septiembre	neighbourhood	-33.4180541	-70.7346373
Población Intendente Saavedra	neighbourhood	-33.4171944	-70.7295947
Villa Sara Gajardo	neighbourhood	-33.4158709	-70.7244971
Villa Las Mercedes	neighbourhood	-33.4074343	-70.7449683
Villa Norte Grande	neighbourhood	-33.4086392	-70.7316495
Villa Norte Chico	neighbourhood	-33.4084916	-70.7301325
Villa Valle del Elqui	neighbourhood	-33.4083202	-70.7288584
Villa Valle Central	neighbourhood	-33.4082080	-70.7274356
Conjunto Austral	neighbourhood	-33.4088816	-70.7261332
Villa Cerro Colorado	neighbourhood	-33.4028559	-70.7279835
Centro	suburb	-35.3319608	-72.4118128
Toma campamento San Salvador	neighbourhood	-22.4390752	-68.9518315
Toma campamento Cobija	neighbourhood	-22.4368291	-68.9460647
Toma La Quentena	neighbourhood	-22.4310823	-68.9390802
Hacienda El Boldo I	neighbourhood	-34.9605233	-71.2230080
Don Sebastián II	neighbourhood	-34.9587691	-71.2215060
Hacienda El Boldo II	neighbourhood	-34.9606024	-71.2204653
Villa Ulises Correa	neighbourhood	-35.0420687	-71.3059688
Villa La Unión	neighbourhood	-35.0390931	-71.3021600
Cumbres de Panguipulli	neighbourhood	-39.6365921	-72.3346496
El Sifón	neighbourhood	-35.5601382	-71.1987901
Villa San Sebastián	neighbourhood	-35.0437003	-71.3073957
Villa Del Solar	neighbourhood	-32.8478862	-70.6887324
Villa Arcoiris	neighbourhood	-32.8497771	-70.6902329
Población Faustino González	neighbourhood	-35.4170531	-71.6409013
Villa Comercio	neighbourhood	-35.4184971	-71.6397654
Villa Parque Industrial	neighbourhood	-35.4179749	-71.6383125
Buenavista	neighbourhood	-35.5583121	-71.1552911
Flor de Vilches	neighbourhood	-35.5620760	-71.1887322
Villa O'Higgins	neighbourhood	-34.3689762	-71.2746545
Barrio 1	neighbourhood	-41.0985141	-73.0749194
Loteo Lagunita Frutillar	neighbourhood	-41.0969609	-73.0745769
Población Don Sebastian	neighbourhood	-35.4838899	-71.7574114
Villa Rebeca Matte	neighbourhood	-33.4691549	-70.6154705
Villa los Perales	neighbourhood	-37.1129067	-72.0059942
Villa Yungay	neighbourhood	-37.1134980	-72.0007625
Villa República	neighbourhood	-37.1145396	-72.0044378
Loteo Costa Azul	neighbourhood	-36.8996526	-73.1501833
Villa Don Jaime 1	neighbourhood	-35.6745710	-71.7368630
Villa Don Arturo	neighbourhood	-35.6900121	-71.6716888
Villa Nueva Esperanza	neighbourhood	-39.5430116	-72.8644502
Plaza Taboleo	neighbourhood	-37.4906544	-72.6856188
Villa Puertas del Sur	neighbourhood	-35.4495273	-71.6989151
Parque Empresarial Valle Grande	neighbourhood	-33.3139120	-70.7572405
Villa Los Alerces	neighbourhood	-40.9062359	-73.1743829
Villa Paraíso	neighbourhood	-40.9074846	-73.1752358
Villa Ruca Peñi	neighbourhood	-40.9025609	-73.1623371
Villa Los Mercedarios	neighbourhood	-34.7168526	-71.0453603
Brisamar	neighbourhood	-29.9853863	-71.3465665
Reinos de España	neighbourhood	-29.9818373	-71.3476233
Villa Las Mercedes	neighbourhood	-33.4516072	-70.7044619
Villa San Francisco	neighbourhood	-33.3672230	-70.7220587
Villa Las Araucarias	neighbourhood	-38.4484686	-71.3686140
Loteo Fundo El Caracol	neighbourhood	-39.6235736	-73.0823314
Villa San José	neighbourhood	-33.7788887	-70.7946163
Pelún	locality	-37.0985774	-73.0142789
Parque del Sur	neighbourhood	-39.5403351	-72.9531455
Renaciendo La Espera	neighbourhood	-39.5385520	-72.9503024
Población Mirando Futuro	neighbourhood	-39.5352051	-72.9544222
Praderas de Mariquina	neighbourhood	-39.5408356	-72.9563803
Villa Santa Lucía	neighbourhood	-37.0860942	-72.5644406
Villa Los Andes	neighbourhood	-37.0880271	-72.5671563
Parques de Buin Sur	neighbourhood	-33.7115811	-70.7469515
Villa Celeste	neighbourhood	-33.5603287	-70.5730075
Villa El Carmén	neighbourhood	-33.5629053	-70.5740732
Villa Los Castaños	neighbourhood	-39.6558820	-72.9507744
Pidey	neighbourhood	-39.6630596	-72.9557687
Renacer	neighbourhood	-39.6624670	-72.9488942
Los Robles	neighbourhood	-39.6619012	-72.9491088
Población Gabriela Mistral	neighbourhood	-39.6615688	-72.9481673
Cacique Lefian	neighbourhood	-39.6677031	-72.9503346
Santa Laura	neighbourhood	-39.6633239	-72.9598725
Villa El Rosario	neighbourhood	-32.9998302	-71.1739258
Jardines del Sur	neighbourhood	-40.5657664	-73.1855043
Población Ferroviaria	neighbourhood	-39.7917455	-73.1198931
Villa San Diego	neighbourhood	-37.2943563	-71.9557433
Villa Nuevo Amanecer	neighbourhood	-37.2900503	-71.9561483
Población René Schneider	neighbourhood	-38.2257578	-72.3405129
Conjunto Troncos Viejos	neighbourhood	-33.4349106	-70.5751927
Villa Nuevo Horizonte	neighbourhood	-33.4615206	-71.0824227
Santa Rita de Casia	neighbourhood	-33.4620084	-71.0806793
Alto Lo Planella	neighbourhood	-33.5564254	-70.5334443
La Dehesa de la Viña	neighbourhood	-33.5540874	-70.5329722
Haras de Huechuraba IV	neighbourhood	-33.3440814	-70.6757727
Haras de Huechuraba V	neighbourhood	-33.3457536	-70.6775214
San Sebastián	neighbourhood	-36.6160453	-72.0708119
Condominio Palermo	neighbourhood	-33.3554350	-70.6822746
Haras de Huechuraba	neighbourhood	-33.3442174	-70.6713757
Condominio Santa Úrsula	neighbourhood	-33.3388824	-70.6727447
Haras de Huechuraba II	neighbourhood	-33.3431558	-70.6732243
Barrio Grande	neighbourhood	-33.4529223	-70.8469814
Brisas del Valle	neighbourhood	-33.4559934	-70.8440658
Comunidad La Colmena	neighbourhood	-33.0639017	-71.3546991
Villa Sinaí	neighbourhood	-39.8353783	-73.4005111
Villa San Matías	neighbourhood	-33.5633510	-70.6330652
Población Santa Magdalena	neighbourhood	-33.5629308	-70.6384510
Villa Francisco de Goya	neighbourhood	-33.5604789	-70.6345726
Villa Arcoiris de La Esperanza	neighbourhood	-33.5593591	-70.6320486
Villa La Casona	neighbourhood	-33.5586327	-70.6320647
Villa El Bosque	neighbourhood	-33.5587445	-70.6347576
Villa Navidad	neighbourhood	-33.5600945	-70.6382123
Villa Mediterráneo II	neighbourhood	-33.5600118	-70.6394917
Villa Eucaliptus	neighbourhood	-33.5583019	-70.6380407
Villa Mediterráneo	neighbourhood	-33.5581276	-70.6402213
Villa Celestín Freinet	neighbourhood	-33.5592384	-70.6413773
Población Los Almendros	neighbourhood	-33.5586975	-70.6441507
Villa Los Robles	neighbourhood	-33.5581991	-70.6466023
Población Monseñor Alvear	neighbourhood	-33.5587221	-70.6489063
Población Salvador Dalí	neighbourhood	-33.5578236	-70.6511567
Villa San Francisco III	neighbourhood	-33.5587579	-70.6524683
Población Venancia Leiva	neighbourhood	-33.5586238	-70.6539971
Villa San Francisco IV	neighbourhood	-33.5562903	-70.6535733
Villa San Francisco	neighbourhood	-33.5577387	-70.6549574
Villa Observatorio	neighbourhood	-33.5614579	-70.6555045
Villa Colombia	neighbourhood	-33.5612299	-70.6531388
Villa Claudio Gay	neighbourhood	-33.5622983	-70.6525916
Villa La Paz	neighbourhood	-33.5609483	-70.6510467
Población Diego de Almagro	neighbourhood	-33.5619004	-70.6497163
Villa San Francisco II	neighbourhood	-33.5621463	-70.6479461
Villa El Tololo	neighbourhood	-33.5626648	-70.6463475
Villa Los Robles II	neighbourhood	-33.5611494	-70.6459398
Población Villa España	neighbourhood	-33.5622625	-70.6437189
Población Augusto Pinochet	neighbourhood	-36.8439692	-71.6593927
Villa Klapp	neighbourhood	-39.8620516	-73.3930385
Villa Delfín	neighbourhood	-39.8667044	-73.3953533
Villa Los Libertadores	neighbourhood	-33.5232916	-70.7718610
Villa La Favorita	neighbourhood	-33.5230675	-70.7698863
Condominio Altos de San Martín	neighbourhood	-33.5230192	-70.7683821
Los Nogales	neighbourhood	-33.5244977	-70.7677219
Villa Paraíso	neighbourhood	-33.5233639	-70.7666525
Villa Porto Alegre	neighbourhood	-33.3640429	-70.7132795
Tres Espinos	locality	-39.8625560	-73.3654386
Villa San Alfonso	neighbourhood	-33.0196211	-71.2640091
Villa Concepción	neighbourhood	-33.0173879	-71.2630741
Condominio San Alfonso	neighbourhood	-33.0199100	-71.2651521
Callejón Cabrera	neighbourhood	-32.9893453	-71.2307371
Villa René Escauriaza	neighbourhood	-33.3639093	-70.6877384
Villa Los Libertadores	neighbourhood	-33.3592634	-70.6861809
Villa Las Bandurrias	neighbourhood	-33.3567960	-70.6886810
Población La Faena II	neighbourhood	-33.4684659	-70.5647229
Villa Lo Arrieta	neighbourhood	-33.4658816	-70.5554897
Villa Pedro Lagos	neighbourhood	-33.4650450	-70.5602122
Lo Hermida	neighbourhood	-33.4744455	-70.5620204
Villa Arturo Prat	neighbourhood	-33.4782581	-70.5602708
Paso Macho	locality	-36.5489660	-71.1438561
Termas Los Moscos	locality	-36.5800657	-71.0820472
Población Las Mercedes	neighbourhood	-33.3875790	-70.6762718
Alto La Cruz I	neighbourhood	-33.5717918	-70.8287628
Alto La Cruz III	neighbourhood	-33.5718946	-70.8309408
El Alba de Lo Campino III	neighbourhood	-33.3801797	-70.7309057
Fundo Las Piedras	neighbourhood	-33.1681046	-71.3130444
Condominio Fundadores de Lo Campino	neighbourhood	-33.3845659	-70.7335387
Bosques de Santa Julia	neighbourhood	-32.9986812	-71.5004485
Las Hortensias	neighbourhood	-33.5798350	-70.8283830
Brisas de Machalí	neighbourhood	-34.1769958	-70.6705527
Villa Praderas del Recreo	neighbourhood	-34.1648518	-70.6640923
Termas La Zorra	locality	-36.4518811	-71.1121684
Fundo Vegas de Perquilauquén	locality	-36.5602474	-71.2158144
Brisas de Rengo	neighbourhood	-34.4131094	-70.8700411
Viñedos de Rengo	neighbourhood	-34.3958646	-70.8471544
Barrio Torcazas	neighbourhood	-33.3328320	-70.7719478
Balcones de Peñuelas	neighbourhood	-29.9557596	-71.2558300
Conjunto Habitacional Felipe Cubillos	neighbourhood	-33.5955259	-70.6676622
René Schneider	neighbourhood	-36.8004313	-73.0817342
Barrio Sur	neighbourhood	-33.3626268	-70.7090676
Villa Fidel Arrué	neighbourhood	-33.3646033	-70.7143585
Condominio Los Robles 2	neighbourhood	-33.3632427	-70.7199792
Villa Los Cántaros	neighbourhood	-33.3589524	-70.7237750
Villa El Amanecer 1	neighbourhood	-33.3516940	-70.7180855
Conjunto Jardín del Sol	neighbourhood	-33.3557077	-70.7266066
Villa Los Industriales	neighbourhood	-33.3643813	-70.7312913
Conjunto Habitacional Nuevo Alerce	neighbourhood	-41.3839008	-72.9123813
Barrio del Sol	neighbourhood	-33.3226030	-70.7490925
Valle Norte 3	neighbourhood	-33.3183711	-70.7558145
Barrio Nuevo Horizonte	neighbourhood	-33.3301799	-70.7505984
Barrio Las Flores	neighbourhood	-33.3298326	-70.7476547
Valle Norte	neighbourhood	-33.3250262	-70.7647884
Valle Norte 4	neighbourhood	-33.3286948	-70.7701386
Las Casas de Santo Tomás II	neighbourhood	-33.3245481	-70.7674682
Barrio Santa Catalina	neighbourhood	-33.3259619	-70.7681674
Portal del Valle	neighbourhood	-33.3282355	-70.7410653
Jardín del Valle	neighbourhood	-33.3252363	-70.7433110
Villa Los Almendros	neighbourhood	-36.7354437	-72.4684718
Villa El Arrayán	neighbourhood	-36.7360363	-72.4664259
Villa Lago Avendaño	neighbourhood	-36.7484206	-72.4623895
Villa La Victoria	neighbourhood	-36.7374040	-72.3074485
Villa Galilea	neighbourhood	-32.9962080	-71.2758005
Barrio Doña Carlota	neighbourhood	-34.1461307	-70.7666008
Loteo Fundo Viejo (Ex Los Tilos)	neighbourhood	-34.1467446	-70.7632256
Villa Alberto Valenzuela	neighbourhood	-34.1629694	-70.6478742
Poblacion Miramar	neighbourhood	-33.0305237	-71.6474515
Población Bolonia	neighbourhood	-32.8068809	-71.2308884
Santa María I	neighbourhood	-33.3262665	-70.7481516
Santa María III	neighbourhood	-33.3270974	-70.7515167
Santa María II	neighbourhood	-33.3278727	-70.7477945
Villa Los Trigales	neighbourhood	-36.1501545	-71.8157636
Villa Lomas de Río Bueno	neighbourhood	-40.3342619	-72.9442337
Calero Sur	neighbourhood	-37.0794838	-73.1528735
Lota Bajo	suburb	-37.0929323	-73.1557207
El Parque	neighbourhood	-37.0908625	-73.1621889
El Morro	neighbourhood	-37.0753495	-73.1579214
Pueblo Hundido	neighbourhood	-37.0739938	-73.1525116
El Blanco	neighbourhood	-37.0812554	-73.1671346
Gabriela Mistral	neighbourhood	-37.0865427	-73.1522890
Bellavista	neighbourhood	-37.0875820	-73.1539336
Población Huamachuco II	neighbourhood	-33.3907526	-70.6971548
Población Huamachuco III	neighbourhood	-33.3899140	-70.6946793
Villa Renacer	neighbourhood	-33.4024339	-70.6991428
Villa Salvador	neighbourhood	-33.4042056	-70.6980464
Laurie	neighbourhood	-37.0364102	-73.1431009
Camilo Olavarría	neighbourhood	-36.9989573	-73.1653817
9 de agosto	neighbourhood	-37.0764056	-73.1463328
Estación	neighbourhood	-37.8062634	-73.4085556
Conjunto Ukamau	neighbourhood	-33.4716690	-70.6783309
Sector Junquillo	neighbourhood	-47.8041680	-73.5468955
Baño de Ovejas	locality	-45.5710429	-72.0251170
Asentamiento El Sueño de Todos	neighbourhood	-33.6097807	-70.5097258
Villa Vicente Bianchi	neighbourhood	-33.6069945	-70.8878841
Piedra de la Mujer	locality	-35.0450135	-70.6606963
Infiernillo	locality	-35.0486279	-70.6041741
Quirinal	neighbourhood	-33.5000023	-71.6209025
Barrio Vaticano	neighbourhood	-33.4971427	-71.6272508
Villa La Cruz	neighbourhood	-33.0005786	-71.4789325
Villa Oriente	neighbourhood	-33.0043398	-71.4848982
Las Tomas	neighbourhood	-33.0045961	-71.4802579
Población Tralcamahuida	neighbourhood	-33.4140869	-71.6917962
Curamallín	locality	-37.6489873	-71.2723446
Condominio Piedras Negras de Tunquén	neighbourhood	-33.2979192	-71.6169541
Condominio Loma Larga	neighbourhood	-33.2932998	-71.6179858
Costa Miramar	neighbourhood	-33.3183400	-71.6290071
Condominio Vistamar	neighbourhood	-33.2982087	-71.6356710
El Llano	locality	-37.0193444	-71.4819646
Villa Costa Azul 1 y 2	neighbourhood	-33.6252507	-70.6004837
Fundo San Jorge	neighbourhood	-33.0282120	-71.4284478
Agustín Abarca	neighbourhood	-36.4140900	-71.9570050
Villa Eneas Gonel Morán	neighbourhood	-33.3825321	-70.6590143
Población Obrero Ferroviaria	neighbourhood	-33.6047634	-70.7007863
Barrio Unión de Cooperativas	neighbourhood	-33.6053668	-70.9018573
Santa Ana de Chena	neighbourhood	-33.5610596	-70.7637037
Praderas de Frutillar	neighbourhood	-41.1338356	-73.0519502
Loteo Lomas del Bosque 1	neighbourhood	-53.1248779	-70.9079007
Villa Don Matías	neighbourhood	-35.5479055	-71.4825801
Valles del Alba	neighbourhood	-35.5471585	-71.4792823
Villa El Cobre	neighbourhood	-41.9704229	-72.4829503
Cuchildeo	neighbourhood	-41.9695759	-72.4751016
Los Tepuales	neighbourhood	-41.9599865	-72.4701784
Pasaje Navarro	neighbourhood	-41.9552720	-72.4631502
Nuevo Renacer	neighbourhood	-36.1669250	-71.7366269
Villa Cordillera	neighbourhood	-33.3850135	-71.6820482
Villa El Bosque	neighbourhood	-33.3772538	-71.6760118
Villa Don Reca	neighbourhood	-34.3544330	-71.2181405
Sor Teresa	neighbourhood	-34.2090401	-71.2801237
Puesto Care	locality	-38.5811088	-71.0483426
Villa Los Rosales	neighbourhood	-33.5423721	-70.6120271
Población Millalemu	neighbourhood	-33.5448848	-70.6149346
Población Guillermo El Conquistador	neighbourhood	-33.5483542	-70.6096721
Botania	neighbourhood	-33.0487959	-71.4817754
Villa Nueva Esperanza	neighbourhood	-35.7404740	-72.5377694
Fundo Waldeck	neighbourhood	-38.6816279	-71.9507493
Condominio Polo Santa María	neighbourhood	-33.2607787	-71.3590982
Condominio Aguas de Lo Ovalle	neighbourhood	-33.2574162	-71.3576701
Condominio Aires de Casablanca	neighbourhood	-33.2629275	-71.3610395
Villa Francisco de Paula Figueroa	neighbourhood	-33.3677098	-70.7568245
Jardines del Polo	neighbourhood	-34.1821488	-70.6694675
Villa Nueva Jerusalén	neighbourhood	-35.8229502	-71.6142364
Villa Lomas de Dichato	neighbourhood	-36.5544332	-72.9384382
Villa Los Álamos	neighbourhood	-39.8367599	-73.2188739
Los Bosques de Osorno	neighbourhood	-40.5531701	-73.1544338
Los Heroes	neighbourhood	-40.5537519	-73.1573211
Población Llaima	neighbourhood	-38.4423503	-71.8795730
Santa Rosa de Trapel	neighbourhood	-39.4629648	-72.1718663
Villa Melilahuen	neighbourhood	-39.4834416	-72.1547270
Parque Oriente	neighbourhood	-35.8346733	-71.5782497
Parque Cordillera	neighbourhood	-35.8323262	-71.5822278
Pon Pon	neighbourhood	-39.5250014	-72.8158316
Villa Los Copihues	neighbourhood	-42.6193468	-73.7859500
Parque Bellavista	neighbourhood	-34.9824550	-71.2641633
Viñedos de Tutuquén	neighbourhood	-34.9726201	-71.2667785
Cumbres del Peral	neighbourhood	-33.5702479	-70.5434661
Villa Escritora Isabel Allende	neighbourhood	-34.2844354	-71.0711884
Villa Los Fundadores III de Maipú	neighbourhood	-33.4652340	-70.7610573
Villa Los Fundadores II de Maipú	neighbourhood	-33.4669951	-70.7605580
Villa Los Fundadores I de Maipú	neighbourhood	-33.4685672	-70.7602773
Villa Parque El Golf	neighbourhood	-33.4670777	-70.7583812
Villa Nuevo Mundo	neighbourhood	-33.4702707	-70.7589726
Villa Los Claveles Cuatro de Pajaritos	neighbourhood	-33.4675485	-70.7556864
Villa San Francisco	neighbourhood	-33.4681309	-70.7514189
Villa Jardines de Versalles III	neighbourhood	-33.4687424	-70.7473347
Villa Jardines de Versalles II	neighbourhood	-33.4689681	-70.7450918
Villa Jardines de Versalles I	neighbourhood	-33.4696379	-70.7399603
Villa Los Claveles Tres de Pajaritos	neighbourhood	-33.4717563	-70.7535221
Villa Los Claveles Dos de Pajaritos	neighbourhood	-33.4720402	-70.7504589
Villa Los Claveles de Pajaritos	neighbourhood	-33.4724916	-70.7469070
Villa Parque Versalles I	neighbourhood	-33.4724506	-70.7430542
Villa El Descanso de Maipú	neighbourhood	-33.4726271	-70.7392162
Villa Hugo Bravo 2	neighbourhood	-33.4748771	-70.7548215
Loteo Hugo Bravo	neighbourhood	-33.4751518	-70.7528646
Villa Las Palmas de Maipú	neighbourhood	-33.4768871	-70.7553309
Villa Versalles IV	neighbourhood	-33.4766388	-70.7502023
Villa Versalles II	neighbourhood	-33.4768290	-70.7478472
Villa Versalles	neighbourhood	-33.4754918	-70.7438738
Villa Los Álamos 2	neighbourhood	-33.4766959	-70.7440789
Villa Los Álamos de Maipú	neighbourhood	-33.4778112	-70.7446335
Villa Monte Tabor	neighbourhood	-33.4800861	-70.7488272
Villa La Loma Blanca	neighbourhood	-33.4944431	-70.7608202
Villa 1º de Septiembre	neighbourhood	-33.4947633	-70.7634470
Villa Teniente Bueras	neighbourhood	-33.4958549	-70.7635692
Las Violetas	neighbourhood	-33.4967879	-70.7608936
Hermanos Carrera	neighbourhood	-33.4981171	-70.7598817
Villa Centenario	neighbourhood	-33.5002129	-70.7584729
Villa Pérez Canto	neighbourhood	-33.5017737	-70.7587573
Villa La Portada de Maipú	neighbourhood	-33.4957162	-70.7557151
Villa Doña Corina	neighbourhood	-33.4958123	-70.7525573
Villa Altué II	neighbourhood	-33.4946252	-70.7521212
Villa Altué V	neighbourhood	-33.4937516	-70.7527076
Magnolia	neighbourhood	-33.4965647	-70.7534495
Los Huasares	neighbourhood	-33.4975303	-70.7556900
Villa 6 Álamos	neighbourhood	-33.4972377	-70.7532440
Población Hermanos Carrera	neighbourhood	-33.5011293	-70.7530755
Villa Presidente Aníbal Pinto	neighbourhood	-33.5022875	-70.7542263
Villa Doña Raquel	neighbourhood	-33.5011349	-70.7551985
Villa Los Cantarios de Maipú	neighbourhood	-33.5047803	-70.7536311
Villa Lumiere	neighbourhood	-33.5064733	-70.7540345
Villa Casa de Moneda	neighbourhood	-33.5067533	-70.7562248
Cabo de Hornos	neighbourhood	-33.5058582	-70.7525387
Villa Teniente Coronel Bueras	neighbourhood	-33.5080691	-70.7518369
Las Terrazas	neighbourhood	-33.5088673	-70.7501779
Condominio El Alto	neighbourhood	-33.5073711	-70.7479574
Villa Rinconada	neighbourhood	-33.5101391	-70.7774524
La Flor de Maipú	neighbourhood	-33.5097546	-70.7745202
Línea Santiago Maipú LTDA	neighbourhood	-33.5113887	-70.7763748
Los Jazmines	neighbourhood	-33.5124544	-70.7765201
Villa Trevira	neighbourhood	-33.5133780	-70.7767357
Esperanza	neighbourhood	-33.5144771	-70.7774224
El Chasqui	neighbourhood	-33.5145690	-70.7760540
Villa María Graciela	neighbourhood	-33.5110335	-70.7750615
Villa Los Universitarios	neighbourhood	-33.5115308	-70.7743899
Villa Universidad Técnica del Estado	neighbourhood	-33.5107409	-70.7738786
Villa Frankfurt	neighbourhood	-33.5111797	-70.7722797
Villa El Oasis	neighbourhood	-33.5102937	-70.7713423
Villa Cumbres del Futuro	neighbourhood	-33.5108997	-70.7706055
Villa Independencia de Chile	neighbourhood	-33.5105027	-70.7687810
Villa Parque El Carmen	neighbourhood	-33.5131021	-70.7650769
Villa Maestranza Maipú	neighbourhood	-33.5167196	-70.7675560
Villa Somela	neighbourhood	-33.5207704	-70.7768013
Villa Alberto Hurtado	neighbourhood	-33.5227639	-70.7762515
Población Operarios Pizarreño	neighbourhood	-33.5246996	-70.7618831
Santa Elena	neighbourhood	-33.5219252	-70.7636046
Caribe	neighbourhood	-33.5224916	-70.7645949
Cooperativa Los Florines	neighbourhood	-33.5217860	-70.7654528
Elisa	neighbourhood	-33.5131071	-70.7700935
Villa Emma Klein	neighbourhood	-33.5124014	-70.7719475
Villa Los Presidentes	neighbourhood	-33.6835498	-70.9536500
Costa Chinquio VII	neighbourhood	-41.5060081	-73.0169174
Villa La Paz	neighbourhood	-36.8298357	-73.1170675
Villa MOP	neighbourhood	-36.8327828	-73.0996520
Condominio La Martina De Tango	neighbourhood	-33.6599050	-70.7546602
Encanto de Molina	neighbourhood	-35.1252560	-71.2847587
Parque del Sol	neighbourhood	-35.1103430	-71.2712547
Villa Newen-Co	neighbourhood	-36.8280712	-73.1171717
Villa El Trigal II	neighbourhood	-33.5877930	-71.5937913
Lorenzo Arenas N° 2	neighbourhood	-36.8093992	-73.0727245
Villa Doña Margarita	neighbourhood	-33.5242863	-70.7806850
Población René Schneider	neighbourhood	-33.5116585	-70.7417125
Villa Pehuén 11	neighbourhood	-33.5264731	-70.7906950
Villa Pehuén 5	neighbourhood	-33.5257665	-70.7966495
Villa Pehuén 4	neighbourhood	-33.5266743	-70.7938170
Villa Pehuén 6	neighbourhood	-33.5268621	-70.7967621
Villa O'Higgins	neighbourhood	-36.6254603	-72.1406301
Villa Flor del Valle	neighbourhood	-33.5355797	-70.7978699
Campamento Frente Popular	neighbourhood	-33.5357921	-70.7991251
Villa Hernán Díaz Arrieta	neighbourhood	-33.5499074	-70.7954961
Villa 4 Álamos	neighbourhood	-33.5172537	-70.7492387
Villa Pehuén 7	neighbourhood	-33.5286330	-70.7967782
Villa Pehuén 9	neighbourhood	-33.5280874	-70.7937795
Villa Pehuén 8	neighbourhood	-33.5304307	-70.7969981
Villa Pehuén 10	neighbourhood	-33.5309136	-70.7943696
Población Raúl Mazzone	neighbourhood	-33.5031700	-70.7305437
Campamento Vicente Reyes	neighbourhood	-33.5247245	-70.7546890
Villa Zaror	neighbourhood	-33.5086942	-70.7275330
Villa Lo Errázuriz	neighbourhood	-33.4744353	-70.7291597
Villa Los Presidentes	neighbourhood	-33.4881221	-70.7277207
Villa Desco	neighbourhood	-33.4942903	-70.7286555
Población El Despertar	neighbourhood	-33.5022116	-70.7773188
Población El Mirador	neighbourhood	-33.5027506	-70.7334325
Villa Don Adolfo	neighbourhood	-33.4976712	-70.7388639
Población Matucana	neighbourhood	-33.5097598	-70.7771578
Villa Divina Providencia	neighbourhood	-33.5179581	-70.7971323
Villa Pehuén I	neighbourhood	-33.5204447	-70.7890749
Villa Pehuén III	neighbourhood	-33.5207667	-70.7970303
Villa Isabel Riquelme	neighbourhood	-33.5234366	-70.7967299
Villa Pehuén II	neighbourhood	-33.5234053	-70.7919610
Villa México	neighbourhood	-33.5072908	-70.7331643
Campamento Callejón La Farfana	neighbourhood	-33.4938933	-70.7635564
Villa Aeropuerto Cerrillos	neighbourhood	-33.4912851	-70.7128814
Villa Don Cristóbal	neighbourhood	-33.4942266	-70.7336739
Toma Un Nuevo Amanecer	neighbourhood	-33.4860496	-70.7208797
Villa Valle Verde	neighbourhood	-33.4887932	-70.7330140
Campamento El Esfuerzo 2	neighbourhood	-33.4829345	-70.7271159
Campamento El Esfuerzo 1	neighbourhood	-33.5003664	-70.7906628
Salto del Agua	locality	-33.0474454	-71.0245032
La Canchita	locality	-33.0518416	-71.0200374
Entre Viñas	locality	-34.4938144	-70.8417485
Villa La Dehesa	neighbourhood	-34.3119145	-71.3886152
Bosque Chiloé	neighbourhood	-41.8772506	-73.8108221
Plaza Mayor	neighbourhood	-33.3523420	-70.7357426
Condominio el Arrayan	neighbourhood	-38.7626910	-72.6782120
Condominio el Roble	neighbourhood	-38.7632457	-72.6784729
Condominio Mediterraneo	neighbourhood	-38.7680963	-72.6796014
Condominio Los Aromos	neighbourhood	-33.0666694	-71.4157234
Brilla El Sol	neighbourhood	-35.7414551	-71.5829954
Barrio Plaza Ñuñoa	neighbourhood	-33.4547203	-70.5936496
Barrio Montenegro	neighbourhood	-33.4511267	-70.5863251
Barrio Villaseca	neighbourhood	-33.4499067	-70.6022184
Barrio Suárez Mujica	neighbourhood	-33.4574105	-70.6141823
Barrio Eusebio Lillo	neighbourhood	-33.4558192	-70.6114472
Villa Los Jardines	neighbourhood	-33.3579335	-70.7165064
Villa General Schneider	neighbourhood	-33.3757724	-70.6898818
Población Manuel Rodríguez	neighbourhood	-33.3877196	-70.6817225
Villa El Comendador	neighbourhood	-33.3887976	-70.6809351
Población Camilo Henríquez	neighbourhood	-33.3899250	-70.6805700
Población El Olivo	neighbourhood	-33.3906590	-70.6802089
Barrio Parque Juan XXIII	neighbourhood	-33.4603624	-70.5883245
Villa Los Alerces	neighbourhood	-33.4718300	-70.5941175
Barrio Vista Hermosa	neighbourhood	-33.4062813	-70.6384016
Barrio Einstein	neighbourhood	-33.4055310	-70.6501283
Población Venezuela	neighbourhood	-33.3999640	-70.6378564
Villa Esperanza	neighbourhood	-33.3597626	-70.6719668
Villa Valle Verde	neighbourhood	-33.3598247	-70.6802138
Barrio Doctor Luis Bisquert	neighbourhood	-33.4653093	-70.6038636
Población Rosita Renard	neighbourhood	-33.4695767	-70.6038966
Barrio Plaza Zañartu	neighbourhood	-33.4725046	-70.6043200
Barrio Bernardo O'Higgins	neighbourhood	-33.4729711	-70.6164819
Parcelación Campo Lindo	neighbourhood	-33.5776329	-71.1706800
Barrio Industrial El Rosal	neighbourhood	-33.3741362	-70.6511580
Población Santa Victoria	neighbourhood	-33.3745144	-70.6435998
Población 28 de Octubre	neighbourhood	-33.3776878	-70.6428137
Población Bosque Santiago	neighbourhood	-33.3767298	-70.6315416
Villa Conchalí	neighbourhood	-33.3740922	-70.6308128
Barrio Pila del Ganso	neighbourhood	-33.4547185	-70.6872221
Población Los Nogales	neighbourhood	-33.4702585	-70.6928002
Población Santiago	neighbourhood	-33.4757119	-70.6962538
Villa Los Presidentes	neighbourhood	-33.4674330	-70.5916027
Barrio Plaza Egaña	neighbourhood	-33.4531414	-70.5711698
Villa Altos de San Francisco	neighbourhood	-38.7112681	-73.1404334
Prados de San Francisco	neighbourhood	-38.7109353	-73.1425416
Alto Valle	neighbourhood	-45.5885231	-72.0775571
Villa María Estrella	neighbourhood	-34.2254712	-70.8435975
Portal de Curauma	neighbourhood	-33.1347822	-71.5681435
Jardines del Bosque	neighbourhood	-33.1323957	-71.5727230
Puerta del Sol	neighbourhood	-33.1220663	-71.5806821
Villa Mauricio Rugendas	neighbourhood	-33.1178934	-71.5764428
Villa Fundadores	neighbourhood	-33.1228414	-71.5681009
Refugio Chamiza	neighbourhood	-41.4566470	-72.7513153
Villa María	neighbourhood	-35.8590222	-71.5684390
Villa Paraíso	neighbourhood	-35.8592526	-71.5726447
Villa Apolo	neighbourhood	-33.4095915	-70.5413032
Rumiñañe	locality	-38.9227166	-71.6026104
Valle Norte 2	neighbourhood	-33.3232222	-70.7654301
Punta Gaete	locality	-18.4039405	-70.0876722
Puerto Loberos	locality	-52.8340379	-74.6265074
Caleta Mataura	locality	-52.8101275	-74.6565374
Villa Los Poetas	neighbourhood	-33.5582404	-71.6069234
Casas San Pedro	neighbourhood	-33.3158241	-70.7642381
Barrio Arrayanes	neighbourhood	-33.3136433	-70.7650801
Población Las Brisas	neighbourhood	-38.4626412	-71.3496727
Villa Pizarreño	neighbourhood	-33.5161541	-70.7431170
Las Casas en Valle Grande	neighbourhood	-33.3286788	-70.7510607
El Peumo	neighbourhood	-36.8417031	-73.0099369
Villa Aires Nuevos III	neighbourhood	-33.2868585	-70.8841848
Mi Ilusión	neighbourhood	-38.0678504	-72.3689658
Parque Industrial Puerta Norte	neighbourhood	-33.3012241	-70.7565137
Parque Industrial Casa de Piedra	neighbourhood	-33.3312942	-70.7312141
Parque Industrial Portezuelo	neighbourhood	-33.3315118	-70.7222116
Parque Industrial Las Esteras	neighbourhood	-33.3448182	-70.7159183
Parque Industrial Lautaro	neighbourhood	-33.3443105	-70.7002006
Parque Industrial Américo Vespucio	neighbourhood	-33.3392432	-70.7119101
Parque Industrial Norte Bueno	neighbourhood	-33.3221754	-70.7245023
Parque Industrial Arrigoni	neighbourhood	-33.3343929	-70.7009601
Las Casas de Santo Tomás V	neighbourhood	-33.3352969	-70.7741274
Las Casas de Santo Tomás I	neighbourhood	-33.3259330	-70.7667351
Barrio Torcazas III	neighbourhood	-33.3345993	-70.7719695
Las Casas de Santo Tomás VI	neighbourhood	-33.3361454	-70.7740742
Las Casas de Santo Tomás IV	neighbourhood	-33.3341767	-70.7672974
Valle Norte 6	neighbourhood	-33.3280752	-70.7395632
Santa Erma	locality	-43.8249217	-71.8643081
La Codicia	locality	-41.3346093	-72.4113017
El Alba de Lo Campino II	neighbourhood	-33.3792510	-70.7280172
El Alba de Lo Campino I	neighbourhood	-33.3806751	-70.7264023
Las Golondrinas	neighbourhood	-32.9637883	-71.5432774
Villa Pacífico	neighbourhood	-33.6148739	-71.6150987
Benjamín Videla	neighbourhood	-33.6174203	-71.6159409
Villa Pacífico	neighbourhood	-36.9768482	-72.1039099
Los Renovales	neighbourhood	-33.5150532	-70.7527363
Villa Volcán Tupungato	neighbourhood	-33.5126917	-70.7457277
Villa Volcán Llaima	neighbourhood	-33.5127118	-70.7449445
Población Los Cóndores	neighbourhood	-33.5144818	-70.7435927
Villa Los Bosquinos	neighbourhood	-33.5395190	-70.7873462
Portal La Canada	neighbourhood	-34.9600230	-71.1301205
Villa el Esfuerzo	neighbourhood	-33.8636323	-70.7494098
Casas del Alba	neighbourhood	-33.3604149	-70.6770308
Los Abedules de Copequén	neighbourhood	-34.2543497	-70.8908549
Conjunto Habitacional Canciller Orlando Letelier 2	neighbourhood	-34.4444726	-71.0964131
Conjunto Habitacional Canciller Orlando Letelier 1	neighbourhood	-34.4430569	-71.0963219
Reserva Altos de Lircay	neighbourhood	-35.6006830	-71.7431152
El Esfuerzo	neighbourhood	-40.4152115	-73.0030024
Los Castaños	neighbourhood	-40.4102489	-73.0102927
Alto La Chimba	neighbourhood	-23.5626997	-70.3819143
Villa Los Trigales 2	neighbourhood	-35.9470938	-72.3501703
Villa La Ribera	neighbourhood	-38.9932890	-72.6526566
Villa La Fortura	neighbourhood	-34.2659134	-71.0262397
Población Cardenal Raúl Silva Enríquez	neighbourhood	-37.8077610	-73.4096200
Población Víctor Jara	neighbourhood	-37.8000798	-73.4096365
Villa La Esperanza	neighbourhood	-33.3782822	-70.6931389
Sargento Aguayo	neighbourhood	-37.8051167	-73.3940019
Centro	neighbourhood	-37.8002932	-73.3996753
Carol Urzúa	neighbourhood	-37.7941773	-73.3875045
Condominio Townhouse Lo Campino	neighbourhood	-33.3842829	-70.7180733
Condominio Mirador de Lo Campino	neighbourhood	-33.3882570	-70.7274330
Villa Las Acacias	neighbourhood	-33.6153609	-70.5919781
Los Jardines	neighbourhood	-33.6164844	-70.5917609
Don Domingo	neighbourhood	-33.6020114	-70.5738491
Bosques de San Bernardo	neighbourhood	-33.5677687	-70.7044425
Villa Perú	neighbourhood	-33.5128952	-70.5968839
Lago Lanalhue	neighbourhood	-33.5115333	-70.5932871
Población Villamar	neighbourhood	-36.7378199	-73.0914135
Villa San Martín	neighbourhood	-36.7526591	-73.0949025
Huachicoop	neighbourhood	-36.7559328	-73.0961459
Los Cóndores	neighbourhood	-36.7584763	-73.0926952
Villa Ensenada 4	neighbourhood	-36.7670284	-73.1001775
VIlla Ensenada 1	neighbourhood	-36.7661050	-73.0985883
Villa Ensenada 2	neighbourhood	-36.7674870	-73.0986741
Lago Ranco	neighbourhood	-36.7632240	-73.1014979
Playas Negras	neighbourhood	-37.0377552	-73.1433444
Villa Jardines del Rodeo	neighbourhood	-33.6130924	-70.6184609
El Faro de Peñalolén	neighbourhood	-33.4772768	-70.5458704
Condominio Torremolinos	neighbourhood	-33.4798081	-70.5462596
Villa Aurora de Chile 2	neighbourhood	-33.4750006	-70.5440119
Villa El Mirador de Tobalaba	neighbourhood	-33.4786182	-70.5398634
Casas del Consistorial	neighbourhood	-33.4817125	-70.5452540
Condominio Los Faldeos de Antupirén	neighbourhood	-33.4820521	-70.5440211
Ecobarrio Casagrande	neighbourhood	-33.4838291	-70.5403631
Valle Oriente	neighbourhood	-33.4803653	-70.5475923
Parque Tobalaba II	neighbourhood	-33.4767517	-70.5469677
El Olmo	neighbourhood	-33.4820986	-70.5607259
Villa La Alborada	neighbourhood	-33.4693043	-70.5455836
Población Jorge Alessandri	neighbourhood	-33.4662438	-70.5358933
Población 18 de Septiembre	neighbourhood	-33.4707434	-70.5348596
Aguas Andinas	neighbourhood	-40.9118204	-73.1755597
Barrio Estación	neighbourhood	-40.9104905	-73.1670823
Barrio Salzburgo	neighbourhood	-33.3833208	-70.6473351
Población Escritores de Chile	neighbourhood	-33.3843640	-70.6431418
Población José Santos Ossa	neighbourhood	-33.3930934	-70.6362204
Población Ciudad Jardín La Serena	neighbourhood	-33.3957873	-70.6414840
Población Santa Ana	neighbourhood	-33.3960764	-70.6313028
Población Las Torres	neighbourhood	-33.4039558	-70.6287294
Villa Valdivieso	neighbourhood	-33.4131226	-70.6315390
Población San Cristóbal	neighbourhood	-33.4178864	-70.6414384
Villa Lemus	neighbourhood	-33.4140786	-70.6359435
Barrio Las Lilas	neighbourhood	-33.4270738	-70.5965256
Barrio Lyon	neighbourhood	-33.4280627	-70.6075376
Barrio Los Estanques	neighbourhood	-33.4356554	-70.6097257
Barrio Inés de Suárez	neighbourhood	-33.4399856	-70.6117783
Barrio Plaza Pedro de Valdivia	neighbourhood	-33.4389191	-70.6072909
Barrio Plaza Sucre	neighbourhood	-33.4484152	-70.6099875
Barrio Plaza de la Alcaldesa	neighbourhood	-33.4362527	-70.6004977
Vistas de Idahue	neighbourhood	-36.8497794	-73.0754712
Condominio La Foresta II	neighbourhood	-36.8763888	-73.1348295
Parque Las Princesas	neighbourhood	-36.7818661	-73.0402636
Mirador de Volcanes II	neighbourhood	-41.3211745	-72.9944160
Puerta Sur 16	neighbourhood	-41.4682656	-72.9929784
Armada de Chile	neighbourhood	-41.4802399	-72.9685791
Villa Nevada	neighbourhood	-41.4809200	-72.9656277
Población Mirador	neighbourhood	-41.4791669	-72.9636802
Población Cumbre Alta	neighbourhood	-41.4792537	-72.9666586
Villa Ewaldo Hohmann	neighbourhood	-41.4802794	-72.9730058
Alto Mackenna	neighbourhood	-41.4688920	-72.9791904
Villa Mirasur	neighbourhood	-41.4700715	-72.9818963
Miramar	neighbourhood	-41.4712092	-72.9724249
San Andrés	neighbourhood	-41.4705171	-72.9688668
Covarrubias	neighbourhood	-41.4705658	-72.9697059
Condominio Nuevo Atardecer	neighbourhood	-41.4722423	-72.9619282
Barrio Crucero	neighbourhood	-41.4741589	-72.9605937
Pudeto	neighbourhood	-41.4795329	-72.9601366
Villa Armada	neighbourhood	-41.4866947	-72.9681857
Villa Canal de Tenglo	neighbourhood	-41.4868906	-72.9703787
Condominio Reserva Mirdor	neighbourhood	-41.4459505	-72.9409249
Población Tres Lagunas	neighbourhood	-41.4527449	-72.9024752
Población Juan Soler Manfredini	neighbourhood	-41.4634727	-72.9215488
Población La Paloma Bajo	neighbourhood	-41.4575915	-72.9267290
Villa Rayén	neighbourhood	-41.4546957	-72.9318417
Villa Altué	neighbourhood	-41.4534769	-72.9310156
Colonia La Vara	neighbourhood	-41.4290072	-72.9178032
La Unión	neighbourhood	-41.4248214	-72.9040978
Parque Los Colonos	neighbourhood	-41.4248505	-72.9084496
Población Los Alelíes	neighbourhood	-41.4073058	-72.9017886
Población Amanecer	neighbourhood	-41.4074035	-72.9005655
Población Rincón de los Sueños	neighbourhood	-41.4084483	-72.9010298
Población Nuevo Florecer	neighbourhood	-41.4091193	-72.9015565
Proyectándose en un Sueño	neighbourhood	-41.4099603	-72.9008090
Condominio Puentepiedra	neighbourhood	-33.3248066	-70.5544885
Condominio Los Monjes	neighbourhood	-33.3340527	-70.5480122
Gran Vista	neighbourhood	-33.3382239	-70.5629057
Condominio Punta de Águila	neighbourhood	-33.3426928	-70.5611373
Cerro Alto	neighbourhood	-33.3471862	-70.5486143
Valle Bicentenario 1	neighbourhood	-53.1851594	-70.9469894
Valle Bicentenario 2	neighbourhood	-53.1854114	-70.9458565
Condominio San Rafael 6	neighbourhood	-33.3581036	-70.5400127
Los Olivos	neighbourhood	-33.3593712	-70.5417228
El Tranque	neighbourhood	-33.3618401	-70.5424476
Condominio Los Castaños	neighbourhood	-33.3581184	-70.5353580
El Remanso de la Villa	neighbourhood	-33.3520077	-70.5297086
Condominio Los Nogales del Golf	neighbourhood	-33.3408129	-70.5180301
Mirador Quillayes	neighbourhood	-33.3346593	-70.5173279
Monte Alto	neighbourhood	-33.3349407	-70.5085039
Condominio Mirador del Huinganal	neighbourhood	-33.3337396	-70.5078945
Portal del Sur 3	neighbourhood	-53.1829548	-70.9339172
Villa Portal del Estrecho	neighbourhood	-53.1806264	-70.9364203
Portal del Sur 1	neighbourhood	-53.1820817	-70.9377877
Portal del Estrecho 2	neighbourhood	-53.1822294	-70.9319670
General del Canto 1	neighbourhood	-53.1645880	-70.9488949
General del Canto 2	neighbourhood	-53.1625988	-70.9473170
Loteo Patagonia	neighbourhood	-53.1494940	-70.9449338
Villa Vistandino	neighbourhood	-53.1552818	-70.9471656
Villa Simón Bolívar	neighbourhood	-33.4784211	-70.5758877
Villa El Parral	neighbourhood	-33.4798471	-70.5641802
Barrio Blest Gana	neighbourhood	-33.4551647	-70.5648064
Barrio Francisco de Villagra	neighbourhood	-33.4598829	-70.5620834
Barrio Tajamar	neighbourhood	-33.4267839	-70.6193065
Barrio Manuel Montt	neighbourhood	-33.4372348	-70.6166806
Barrio Guillermo Franke	neighbourhood	-33.4489618	-70.6166430
Villa República de México	neighbourhood	-33.3909213	-70.6619936
Villa La Araucanía	neighbourhood	-33.3882867	-70.6589623
Villa La Palmilla	neighbourhood	-33.3837229	-70.6701053
Villa Arquitecto O'Herens	neighbourhood	-33.3793046	-70.6554516
Villa La Palma Sur	neighbourhood	-33.3978233	-70.6648979
Villa República de Brasil	neighbourhood	-33.3951450	-70.6641254
Población Juanita Aguirre	neighbourhood	-33.3724200	-70.6802549
Población El Cortijo	neighbourhood	-33.3814901	-70.6860057
Vegas Sur	locality	-29.9145670	-71.2671721
Barrio Industrial El Parronal	neighbourhood	-33.3621633	-70.6781390
Villa Don Emilio	neighbourhood	-33.5002523	-70.7648492
Población El Vivero	neighbourhood	-33.4981431	-70.7652113
Villa Blanco Encalada	neighbourhood	-33.4980403	-70.7674027
Los Clarines X	neighbourhood	-29.9891924	-71.3150009
Población Chacabuco	neighbourhood	-33.3834458	-70.6535100
Población Independencia	neighbourhood	-33.3957605	-70.6667713
Población Edmundo Thomas	neighbourhood	-33.3962038	-70.6820836
Villa Presidente Ibáñez	neighbourhood	-33.3699518	-70.6909608
Población Conchalí	neighbourhood	-33.3757561	-70.6671358
Población 16 de Abril	neighbourhood	-33.3738941	-70.6717368
Población General Bonilla	neighbourhood	-33.4029889	-70.6921668
Población La Pirámide	neighbourhood	-33.3897756	-70.6405805
Población Ernesto Illanes Beytia	neighbourhood	-33.4116605	-70.6908511
Villa Sueños de Lampa	neighbourhood	-33.2784404	-70.8880759
Población Pedro Aguirre Cerda	neighbourhood	-33.2804549	-70.8707404
Villa O'Higgins	neighbourhood	-33.4618596	-70.7093403
Villa Alcalde Benedicto Flores	neighbourhood	-33.4539154	-70.7153429
Población La Cañada Norte	neighbourhood	-33.4538695	-70.7192729
Población Golda Meier	neighbourhood	-33.4510711	-70.7205005
Villa Lago Poniente	neighbourhood	-33.4476157	-70.7271417
Villa Erradicación San Luis	neighbourhood	-33.4446167	-70.7177647
Población Pudahuel	neighbourhood	-33.4368347	-70.7412863
Población Roosevelt	neighbourhood	-33.4326751	-70.7376974
Población Santiago Amengual	neighbourhood	-33.4479950	-70.7475939
Población Ignacio Carrera Pinto	neighbourhood	-33.4551092	-70.7550064
Población La Travesía	neighbourhood	-33.4570014	-70.7564165
Villa Cristóbal Colón	neighbourhood	-33.4594332	-70.7571694
Villa Estrella Sur	neighbourhood	-33.4620033	-70.7547416
Villa Laguna Sur	neighbourhood	-33.4619219	-70.7493995
Población Nacimiento	neighbourhood	-33.4643028	-70.7485621
Villa La Viña	neighbourhood	-33.4589069	-70.7498234
Villa Los Puertos	neighbourhood	-33.4629811	-70.7457258
Villa Juan Guzmán	neighbourhood	-33.4598282	-70.7422562
Villa El Sol	neighbourhood	-33.4649597	-70.7412706
Población Santa Inés	neighbourhood	-33.3918194	-70.6848548
Barrio Carrión	neighbourhood	-33.4193274	-70.6596587
Barrio Reina María	neighbourhood	-33.4034295	-70.6752895
Barrio Villa Moderna	neighbourhood	-33.4061852	-70.6727793
Población Matucana	neighbourhood	-33.4070242	-70.6906029
Población Calvo Mackenna	neighbourhood	-33.4126049	-70.6938821
Condominio Vistas de San Damián	neighbourhood	-34.1947104	-70.7150256
Villa Calafate Patagón	neighbourhood	-45.3924572	-72.6783739
Población La Faena I	neighbourhood	-33.4701997	-70.5584885
El Tabaco	neighbourhood	-35.4475050	-71.6445286
Villa Victoria	neighbourhood	-28.4685681	-71.2098039
Villa Los Aromos	neighbourhood	-34.2281514	-70.8421101
Aurora de Chile	neighbourhood	-33.4743279	-70.5392861
Jardín Oriente I	neighbourhood	-33.3487980	-70.7410119
Casas de Quilicura III	neighbourhood	-33.3486338	-70.7426116
Villa Los Ríos	neighbourhood	-33.5867070	-70.6065559
Challacollo	locality	-20.9600019	-69.3450058
El Alto de Junín	locality	-19.6618051	-70.1575434
Los Productores	neighbourhood	-33.5860010	-70.5933541
Los Conquistadores	neighbourhood	-33.5828593	-70.5888051
Condominio Sirari	neighbourhood	-36.5937914	-72.1198933
Porvenir	neighbourhood	-36.7152600	-72.0641121
Cai Cai	neighbourhood	-32.9882577	-71.2135243
Cielos Andinos	neighbourhood	-33.5985548	-70.5658281
Bernardo Leighton	neighbourhood	-33.5986431	-70.5689556
Barrio La Capitanía	neighbourhood	-33.4134139	-70.5702553
Barrio San Pascual	neighbourhood	-33.4166064	-70.5787281
Barrio El Faro	neighbourhood	-33.4091345	-70.5677419
Barrio Parque Araucano	neighbourhood	-33.4025943	-70.5752926
Villa Pamela	neighbourhood	-33.5033746	-70.7426673
Villa Los Almendros	neighbourhood	-33.5064208	-70.7454595
Villa Portada del Este	neighbourhood	-33.5051303	-70.7450759
Villa Abraham Lincoln	neighbourhood	-33.5031722	-70.7475127
Portal Andino	neighbourhood	-33.5899201	-70.5669719
Villa los Ríos	neighbourhood	-33.8060009	-70.7332957
Villa La Foresta II	neighbourhood	-33.3566192	-70.7502231
Villa Los Portones II	neighbourhood	-33.3571476	-70.7358714
Villa Carampangue	neighbourhood	-33.3696365	-70.7184375
Villa Arturo Prat	neighbourhood	-33.3668027	-70.7240628
Villa Jardines de Colón	neighbourhood	-33.5893980	-70.6999641
Barrio Esmeralda	neighbourhood	-33.5985921	-70.7015937
Población La Portada	neighbourhood	-33.5860507	-70.6865245
Población El Olivo	neighbourhood	-33.5822580	-70.6867889
Población La Confraternidad	neighbourhood	-33.5908507	-70.6815979
Población Mujeres de Chile	neighbourhood	-33.5909512	-70.6893838
Los Bosquinos	neighbourhood	-33.5352421	-70.7870740
Condominio Jardín del Valle IV	neighbourhood	-33.5754940	-70.5940609
Villa Los Castaños	neighbourhood	-37.1485081	-72.5375522
Las Cumbres	neighbourhood	-33.5688210	-70.5711535
Plazuela Los Toros	neighbourhood	-33.5643824	-70.5569404
Población Armando Venegas	neighbourhood	-33.4674281	-70.5691690
Villa Lautaro	neighbourhood	-33.4693447	-70.5693676
Villa Nueva Grecia	neighbourhood	-33.4713245	-70.5697613
Villa René Schneider	neighbourhood	-33.4727484	-70.5736557
Villa Los Copihues	neighbourhood	-33.4735393	-70.5713130
Villa Hernán Cortés	neighbourhood	-33.4729629	-70.5685013
Población El Valle	neighbourhood	-33.4774464	-70.5638243
Barrio El Solar	neighbourhood	-33.4864112	-70.5515222
El Algarrobo	neighbourhood	-33.5712994	-70.5743399
Camilo Henríquez	neighbourhood	-33.5770382	-70.5549797
Las Nieves	neighbourhood	-33.5757622	-70.5600464
Campanario	neighbourhood	-33.5823275	-70.5843204
Villa San Lucas	neighbourhood	-33.3656356	-70.7389413
Barrio Príncipe de Gales	neighbourhood	-33.4386440	-70.5614465
Barrio Palmas de Mallorca	neighbourhood	-33.4490156	-70.5556572
Barrio Pepe Vila	neighbourhood	-33.4558067	-70.5511586
Villa Militar Cordillera	neighbourhood	-33.4616041	-70.5348589
Barrio Las Arañas	neighbourhood	-33.4344084	-70.5732191
Población Monterrey	neighbourhood	-33.3987958	-70.6761562
Villa Casas de Mirasol	neighbourhood	-33.3560486	-70.7322498
Las Pataguas	neighbourhood	-36.6017910	-72.1211565
Villa Las Camelias del Poniente	neighbourhood	-36.5932616	-72.1212973
Villa Olimpo	neighbourhood	-36.5904360	-72.1119328
Villa El Pewen	neighbourhood	-36.6324464	-72.1046365
Villa San Vicente	neighbourhood	-36.6236259	-72.1077860
Condominio Don Hernando	neighbourhood	-36.6101497	-72.0886870
Condominio Don Renato	neighbourhood	-36.5911762	-72.1003379
Villa San Cristobal	neighbourhood	-36.5931378	-72.1134714
Centro Chillán Viejo	neighbourhood	-36.6221032	-72.1318337
Robles de Lantaño	neighbourhood	-36.5915001	-72.1198367
Loteo Alto Lantaño	neighbourhood	-36.5788301	-72.1147762
Valle Central	neighbourhood	-36.5829137	-72.0735435
Villa Esperanza	neighbourhood	-36.6296542	-72.1425538
Condominio Aries del Monte	neighbourhood	-36.6042783	-72.0734420
Población Bartolucci	neighbourhood	-36.6001566	-72.1152565
San Alberto	neighbourhood	-36.5907523	-72.0974207
Hacienda Ñuble	neighbourhood	-36.5926882	-72.1222000
Hacienda El Roble	neighbourhood	-36.5933545	-72.1228011
Villa Madrid	neighbourhood	-36.6255973	-72.1073785
Villa Las Américas	neighbourhood	-36.5980569	-72.1135394
Villa San Miguel	neighbourhood	-36.5940175	-72.0595439
Hacienda Lantaño	neighbourhood	-36.5924184	-72.1189213
Las Carmelitas	neighbourhood	-33.5888431	-70.6759232
Población El Almendro 2	neighbourhood	-33.5764125	-70.6728950
Gabriela Mistral	neighbourhood	-33.5841464	-70.6366074
San Rafael	neighbourhood	-33.5793019	-70.6361354
San Ricardo	neighbourhood	-33.5847631	-70.6434953
El Sol	neighbourhood	-33.5766650	-70.6442356
Los Eucaliptos	neighbourhood	-33.5843072	-70.6594920
Raúl del Canto	neighbourhood	-33.5807052	-70.6581831
Peta Miguel Hernández	neighbourhood	-33.5794449	-70.6575286
Cerro Verde	neighbourhood	-36.8056607	-73.0812332
Cerro Verde Alto	neighbourhood	-36.8045886	-73.0817740
Cerro Verde Norte	neighbourhood	-36.8034529	-73.0824982
Puerto Domínguez	neighbourhood	-36.8041952	-73.0837084
Villa Colonial	neighbourhood	-36.8046006	-73.0845581
Villa Isabel La Católica	neighbourhood	-36.8028379	-73.0839144
Puerto Saavedra	neighbourhood	-36.8035535	-73.0857855
Reino de Castilla	neighbourhood	-36.8024812	-73.0860176
Villa Sagrado Corazón	neighbourhood	-36.8033200	-73.0881638
Las Américas	neighbourhood	-36.8051155	-73.0902703
Parque Las Américas	neighbourhood	-36.8025175	-73.0890245
Villa Los Boldos	neighbourhood	-36.8001004	-73.0883152
Villa Santa Carolina II	neighbourhood	-36.8004520	-73.0894145
Villa Santa Carolina	neighbourhood	-36.8009781	-73.0901496
Villa Los Copihues	neighbourhood	-36.8005848	-73.0906927
Cooperativa Manuel Hidalgo	neighbourhood	-36.8014208	-73.0928165
Cooperativa El Fortín	neighbourhood	-36.8016604	-73.0913822
Cooperativa Coemgas	neighbourhood	-36.8020276	-73.0899186
Parque Bío-Bío	neighbourhood	-36.8014495	-73.0970251
Población Antillanca	neighbourhood	-36.8020337	-73.0951049
La Floresta II	neighbourhood	-36.8036857	-73.0996311
Parque Residencial Bío-Bío	neighbourhood	-36.7989945	-73.0987865
Peñuelas II	neighbourhood	-36.8022006	-73.1026875
Peñuelas	neighbourhood	-36.7990292	-73.1040227
Peñuelas I	neighbourhood	-36.7974497	-73.1056493
Críspulo Grandara	neighbourhood	-36.7962813	-73.1029799
Club Hípico	neighbourhood	-36.7887841	-73.0867036
Presidente Joaquín Prieto	neighbourhood	-36.7889428	-73.0899653
Hermanos Carrera	neighbourhood	-36.7902217	-73.0894103
Curanilahue II	neighbourhood	-36.7914688	-73.0936857
Aurora de Chile	neighbourhood	-36.7895188	-73.0955487
LAN - Price	neighbourhood	-36.7905754	-73.0986122
Población Cabo Aroca II	neighbourhood	-36.7781457	-73.1074484
El Triángulo	neighbourhood	-36.7799741	-73.1150797
El Triángulo	neighbourhood	-36.7842016	-73.1169635
Hualpencillo	neighbourhood	-36.7899224	-73.1133321
Patricio Aylwin	neighbourhood	-36.7917714	-73.1108738
Altos de Hualpén 3	neighbourhood	-36.7915978	-73.1165862
Altos de Hualpén 1	neighbourhood	-36.7921631	-73.1150358
Solar de Hualpén	neighbourhood	-36.7887203	-73.1158770
Jardines de la Floresta 6	neighbourhood	-36.7979482	-73.1159246
La Floresta 5	neighbourhood	-36.7968596	-73.1133162
Gran Bretaña IV	neighbourhood	-36.7971624	-73.1087293
Villa Maitén	neighbourhood	-36.7984662	-73.0878468
Villa Alcalá	neighbourhood	-36.7992636	-73.0912630
Parque Invicoop	neighbourhood	-36.7996110	-73.0923032
Servisa	neighbourhood	-36.7989675	-73.0951279
Villa San Rosendo	neighbourhood	-36.7968043	-73.0949110
Villa San Pedro	neighbourhood	-36.8459815	-73.1000435
Costa San Francisco 1	neighbourhood	-36.8628855	-73.1423155
Costa Verde B	neighbourhood	-36.8555732	-73.1404747
Costa Verde C	neighbourhood	-36.8545843	-73.1404422
Costa Verde D	neighbourhood	-36.8544697	-73.1435514
San Pedro de la Costa	neighbourhood	-36.8531227	-73.1384111
Huertos de la Costa	neighbourhood	-36.8514263	-73.1379390
Valle San Pedro	neighbourhood	-36.8501145	-73.1380334
Condominio Vista al Mar	neighbourhood	-36.8433156	-73.1438793
La Estrella	neighbourhood	-36.8424179	-73.1447899
Brisas de Junquillar	neighbourhood	-36.8977902	-73.1345209
Loteo Pehuén	neighbourhood	-38.7476487	-72.6249342
Parque San Sebastián	neighbourhood	-38.7471907	-72.6337407
Santa Cecilia	neighbourhood	-38.7454352	-72.6381961
Villa Vitacura	neighbourhood	-38.7444978	-72.6357658
Arboleda del Portal	neighbourhood	-38.7493194	-72.6425216
Portal Alto	neighbourhood	-38.7480378	-72.6439886
Portal Las Tranqueras	neighbourhood	-38.7445124	-72.6460707
Condominio Jardín del Portal	neighbourhood	-38.7450391	-72.6452684
Los Corrales	neighbourhood	-38.7461019	-72.6444585
Barrio Inglés	neighbourhood	-38.7415321	-72.6411068
Condominio Mirador de la Frontera	neighbourhood	-38.7425016	-72.6503592
Valle Cardonal	neighbourhood	-41.4429402	-72.9908978
Parque Apiasmontt	neighbourhood	-41.4471254	-73.0094009
Lagunitas Lote 1	neighbourhood	-41.4452064	-73.0160521
Gran Lagunitas	neighbourhood	-41.4280517	-73.0459555
Condominio Lagunitas	neighbourhood	-41.4270220	-73.0362910
Villa Tepual	neighbourhood	-41.4324663	-73.0828112
Parque El Tepual	neighbourhood	-41.4151666	-73.1207312
La Perla	neighbourhood	-41.4151150	-73.1626693
Los Cipreses de Panitao	neighbourhood	-41.5437606	-73.0754760
Condominio Altos de Panitao	neighbourhood	-41.5359529	-73.0492008
La Cancha	neighbourhood	-41.4819825	-72.8349145
Los Cuncos	neighbourhood	-41.4846551	-72.8204859
Mirador de la Frontera IV	neighbourhood	-38.7420519	-72.6523166
Condominio Milano	neighbourhood	-38.7608099	-72.6476344
Condominio Nueva Milano	neighbourhood	-38.7610837	-72.6471973
Condominio Los Sauces	neighbourhood	-38.7596563	-72.6429084
Comité Volver a Empezar	neighbourhood	-38.7601622	-72.6406113
Villa Hogar Propio	neighbourhood	-33.3938614	-70.6784348
Población Copacabana	neighbourhood	-33.3958846	-70.6790816
Villa Paula Jaraquemada	neighbourhood	-33.3850048	-70.6660532
Población Santa Mónica	neighbourhood	-33.3918419	-70.6588721
Población Huechuraba Central	neighbourhood	-33.3878173	-70.6665603
Villa Los Guindos	neighbourhood	-33.4630700	-70.5628167
Población Oriente	neighbourhood	-33.4632686	-70.5703293
Villa La Marina	neighbourhood	-33.3673433	-70.7253407
Villa Aquelarre	neighbourhood	-33.3679668	-70.7260955
Villa Empleados Municipales	neighbourhood	-33.3661326	-70.7146737
Buenos Aires	neighbourhood	-33.5346295	-70.6788039
Tucumán	neighbourhood	-33.5353450	-70.6765616
Condominio Parque Cautín	neighbourhood	-38.7516499	-72.6051930
Condominio Plaza Parque Los Poetas	neighbourhood	-38.7524625	-72.6044739
Condominio Nueva Costanera	neighbourhood	-38.7523830	-72.6053912
Población Abraham Lincoln	neighbourhood	-38.7506696	-72.6072486
Condominio Las Quilas	neighbourhood	-38.7472900	-72.6040921
Población Municipal 2	neighbourhood	-38.7454704	-72.6035515
Edificio Los Confines	neighbourhood	-38.7460918	-72.6035807
Villa Imperial	neighbourhood	-38.7447727	-72.6009073
Obreros Municipales	neighbourhood	-38.7447484	-72.6021389
Villa Ferroviaria	neighbourhood	-38.7449881	-72.5993838
Pichicautín	neighbourhood	-38.7455569	-72.5985394
Población Soberanía	neighbourhood	-38.7441751	-72.5914801
Indesur	neighbourhood	-38.7440816	-72.5842826
Los Álamos	neighbourhood	-38.7428340	-72.5836746
Villa Nehuén	neighbourhood	-38.6866300	-72.6558392
Villa Esperanza con Huenchumilla	neighbourhood	-38.6890139	-72.6558491
Matta	neighbourhood	-38.7431356	-72.5836764
Condominio Los Robles	neighbourhood	-38.7428136	-72.5841715
Villa Clotario Blest	neighbourhood	-38.7429008	-72.5855153
Condominio San Martín	neighbourhood	-38.7433242	-72.5842343
Santa Elena	neighbourhood	-38.7419232	-72.5826000
Población Carabineros	neighbourhood	-38.7409982	-72.5851950
Villa El Progreso	neighbourhood	-38.7458422	-72.5798587
Villa Unión Esperanza	neighbourhood	-38.7448829	-72.5778946
Villa Los Boldos	neighbourhood	-38.7441960	-72.5775799
Villa La Frontera	neighbourhood	-38.7435674	-72.5767090
Condominio Malvoa	neighbourhood	-38.7366428	-72.5763595
Loteo Malvoa	neighbourhood	-38.7355010	-72.5755653
Jorge Schmidt	neighbourhood	-38.7361715	-72.5739470
Población Teniente Merino	neighbourhood	-38.7339952	-72.5724880
Población La Esperanza	neighbourhood	-38.7332082	-72.5726805
Portal San Francisco	neighbourhood	-38.6903484	-72.6548115
Villa Los Castaños II	neighbourhood	-38.7047515	-72.6434520
Jardines del Fundo	neighbourhood	-38.7135007	-72.6578285
Jardines del Fundo II	neighbourhood	-38.7136981	-72.6628059
Barrio Residencial Terranova	neighbourhood	-38.7246876	-72.6535338
Valle Los Notros	neighbourhood	-38.7331429	-72.6442886
Valle de Flores	neighbourhood	-38.7336992	-72.6408091
Valle de Alcalá	neighbourhood	-38.7285007	-72.6347446
Población Campo Deportivo	neighbourhood	-38.7290272	-72.6170901
Villa Las Vertientes	neighbourhood	-38.7263203	-72.6176763
Población Villa Alegre	neighbourhood	-38.7240637	-72.6149510
Villa Juncal	neighbourhood	-33.5759097	-70.6841013
Condominio Entre Bosques	neighbourhood	-38.7143317	-72.6595649
Los Creadores 33	neighbourhood	-38.7166898	-72.6488213
Condominio Los Fundadores	neighbourhood	-38.7167959	-72.6564566
Nuestra Señora del Carmen 4	neighbourhood	-38.7101963	-72.6662724
Nuestra Señora del Carmen 3	neighbourhood	-38.7102962	-72.6631316
Nuevo Milenio	neighbourhood	-38.7160605	-72.6376199
Villa Las Praderas	neighbourhood	-38.7155484	-72.6360008
Villa Los Encinos	neighbourhood	-38.7147021	-72.6327792
Tromen Lafquen	neighbourhood	-38.7160650	-72.6320122
Huitramalal	neighbourhood	-38.7173363	-72.6332374
Villa San Andrés 2	neighbourhood	-38.7180331	-72.6318022
Villa Santiago 2 (René Safirio)	neighbourhood	-38.7193155	-72.6278980
Villa Santiago	neighbourhood	-38.7177509	-72.6265669
Villa Ampliación Victoria	neighbourhood	-38.7192246	-72.6245927
Villa Cumora	neighbourhood	-38.7210500	-72.6268127
Villa Lautaro	neighbourhood	-38.7211466	-72.6257346
Nueva Generación	neighbourhood	-38.7236601	-72.6260600
Villa Alemana	neighbourhood	-38.7255285	-72.6241257
Los Sauces de Tromén	neighbourhood	-38.7252042	-72.6224638
Villa Andes	neighbourhood	-38.7249816	-72.6207308
Villa Caupolicán	neighbourhood	-38.7226714	-72.6225321
Coihueco	neighbourhood	-38.7233619	-72.6204712
Los Nísperos	neighbourhood	-36.8242432	-73.1276311
Pie de Monte	neighbourhood	-36.8458263	-73.0969196
Los Aromos	neighbourhood	-36.8538736	-73.0937286
Península de Andalué	neighbourhood	-36.8550589	-73.1026940
Villa Las Flores	neighbourhood	-36.8538193	-73.1438502
Brisa Norte	neighbourhood	-36.8538329	-73.1470779
San Pedro de la Costa 3	neighbourhood	-36.8472881	-73.1480698
Sol del Pacífico	neighbourhood	-36.8509164	-73.1427368
Portal Poniente	neighbourhood	-36.8547105	-73.1361982
Villa Victoria	neighbourhood	-36.8483004	-73.1368789
Valle Las Rosas	neighbourhood	-36.8474762	-73.1368874
San Pedro de la Costa 4	neighbourhood	-36.8439938	-73.1476506
Michaihue Histórico	neighbourhood	-36.8457043	-73.1416255
Nueva Michaihue I	neighbourhood	-36.8415035	-73.1378602
Michaihue 600	neighbourhood	-36.8417603	-73.1453238
El Cerco	neighbourhood	-36.8386364	-73.1291097
Boca Sur Viejo	neighbourhood	-36.8315495	-73.1376828
Rosas por un Sueño	neighbourhood	-36.8280003	-73.1492971
Villa San Luis	neighbourhood	-34.6492773	-71.1694014
Villa Santa Raquel	neighbourhood	-34.6487521	-71.1693800
Villa San Miguel	neighbourhood	-34.6548066	-71.1935735
Villa Santa Ester	neighbourhood	-33.5856166	-70.5525094
Población El Mirador	neighbourhood	-32.7979434	-71.5350555
Población Colinas del Mar	neighbourhood	-32.8010635	-71.5334160
Población Lomas de Quintero	neighbourhood	-32.7986061	-71.5329195
Población Santa Victoria	neighbourhood	-32.8008251	-71.5348684
Villa Independencia	neighbourhood	-32.7987563	-71.5370243
Población Porvenir	neighbourhood	-32.7914775	-71.5307327
Los Fundadores	neighbourhood	-38.9935512	-72.6340002
Barrio Suboficiales de Carabineros	neighbourhood	-33.4290215	-70.6710247
Alfredo Nazar	neighbourhood	-32.9953063	-71.2788168
Villa Las Asturias	neighbourhood	-33.5607348	-70.5748442
El Cortijo	neighbourhood	-34.3063197	-71.2672645
Los Romos	neighbourhood	-34.4301158	-71.1408520
Alto a La Arbilla	neighbourhood	-34.4256556	-71.1606789
Población Lourdes	neighbourhood	-34.3151860	-71.3821220
Villa Manuel Antonio Bustamante	neighbourhood	-34.3107862	-71.3903886
Población Victoria	neighbourhood	-34.3219094	-71.3272843
San Jorge	neighbourhood	-33.5572055	-70.5834729
San Emilio	neighbourhood	-33.5583566	-70.5831684
Los Sauces	neighbourhood	-33.5608465	-70.5920425
Villa María Elena	neighbourhood	-33.5619954	-70.5918628
Villa Georgia	neighbourhood	-33.5591546	-70.6001857
El Rodeo	neighbourhood	-33.5611460	-70.6056655
Villa San Ramón	neighbourhood	-35.6253014	-71.7455560
Barrio San Martín	neighbourhood	-33.4097313	-70.6392852
Población 6 de Enero	neighbourhood	-33.4107913	-70.6342396
Villa Los Aromos	neighbourhood	-33.4139094	-70.6294031
Barrio Aurora de Chile	neighbourhood	-33.4129511	-70.6282996
Población Padre Undurraga	neighbourhood	-33.4061060	-70.6199456
Villa Zapadores	neighbourhood	-33.3885446	-70.6464863
Villa Recoleta	neighbourhood	-33.3927359	-70.6465236
Población El Triunfo	neighbourhood	-33.3972377	-70.6278435
Villa Carlos Cortés Díaz	neighbourhood	-33.3932411	-70.6305867
Villa La Chimba	neighbourhood	-33.3949447	-70.6559547
Población Santa Sara	neighbourhood	-33.3923602	-70.6552459
Villa Primavera	neighbourhood	-33.3904539	-70.6527035
Población Nueva Guanaco	neighbourhood	-33.3989134	-70.6554975
Población La Consistorial	neighbourhood	-33.4030071	-70.6457055
Villa San Ramón	neighbourhood	-33.6288605	-70.5765095
Casas del Mar	neighbourhood	-35.8916170	-72.6786336
Villa Nueva Grecia	neighbourhood	-33.4687560	-70.5735251
Villa El Cobre	neighbourhood	-33.5038746	-70.5878212
Villa Aquelarre	neighbourhood	-33.4831622	-70.5653308
Villa Lago Vichuquén	neighbourhood	-33.4822785	-70.5637239
Villa Galvarino	neighbourhood	-33.5091848	-70.5675988
Villa Letelier	neighbourhood	-33.5097364	-70.5630725
Villa Salvador Cruz Gana	neighbourhood	-33.4671799	-70.6182866
Villa Exequiel González Cortés	neighbourhood	-33.4695886	-70.6189211
Barrio José Pedro Alessandri	neighbourhood	-33.4674345	-70.5984138
Barrio Parque del Deporte	neighbourhood	-33.4644911	-70.6106476
Barrio Javiera Carrera	neighbourhood	-33.4552343	-70.6234993
Barrio Micalvi	neighbourhood	-33.4570201	-70.5762115
Condominio Lomas de Casablanca	neighbourhood	-33.2945900	-71.3862611
Condominio El Refugio	neighbourhood	-33.2994243	-71.3869538
Condominio Hacienda Casablanca	neighbourhood	-33.2686460	-71.3551549
Villorrio La Rotunda	neighbourhood	-33.3020201	-71.4050655
Condominio Maquehua	neighbourhood	-33.2556140	-71.3328663
Condominio Las Mercedes	neighbourhood	-33.2472453	-71.3255389
Condominio Terra Casablanca	neighbourhood	-33.2702622	-71.3623542
Población Héroes de la Concepción	neighbourhood	-33.3888389	-70.6364148
Población Pedro Aguirre Cerda	neighbourhood	-33.4079922	-70.7008246
Villa San Benito	neighbourhood	-33.4028290	-70.7143937
Villa Santa Bárbara	neighbourhood	-33.4054311	-70.7078788
Población Aníbal Pinto	neighbourhood	-33.4065330	-70.7108401
Villa Los Jardines de Don Aníbal	neighbourhood	-33.4056146	-70.7125223
Villa El Teniente	neighbourhood	-33.4063339	-70.7145935
Población Astra	neighbourhood	-33.4059711	-70.7165437
Población José Manuel Infante	neighbourhood	-33.4071916	-70.7180429
Villa Las Cuncunas	neighbourhood	-33.4036328	-70.7115119
Villa Gabriela Mistral	neighbourhood	-33.4031235	-70.7214136
Villa Máfil	neighbourhood	-33.4019775	-70.7218028
Población Alborada	neighbourhood	-33.4032362	-70.7240330
Villa General Vergara	neighbourhood	-33.4002757	-70.7190358
Población Alessandri	neighbourhood	-33.4102490	-70.6567512
Población Las Rosas	neighbourhood	-33.4085500	-70.6540429
Población Carabineros	neighbourhood	-33.4063140	-70.6561023
Población Municipalidad de Santiago	neighbourhood	-33.4074195	-70.6576646
Población Mercado y La Vega	neighbourhood	-33.4062896	-70.6589433
Población Manuel Montt	neighbourhood	-33.4254362	-70.6659677
Villa Los Naranjos	neighbourhood	-33.5036305	-70.5652417
Población El Rosal	neighbourhood	-35.4676515	-71.6483522
Villa Las Rosas	neighbourhood	-35.4686428	-71.6473751
Piedras Blancas	neighbourhood	-35.4973559	-71.6683074
Villa Doña Javiera	neighbourhood	-33.3979222	-70.6795310
Barrio El Carmen	neighbourhood	-33.3817997	-70.6777383
Villa La Palmera	neighbourhood	-33.3905478	-70.6661373
Población Congo	neighbourhood	-33.3927756	-70.6653809
Open Door - Colonia El Peral	neighbourhood	-33.5741550	-70.5531827
Población Lo Arrieta	neighbourhood	-33.4647392	-70.5630166
Barrio Nueva Palena	neighbourhood	-33.4673996	-70.5452498
Villa Capilla Lo Arrieta	neighbourhood	-33.4642583	-70.5436980
Villa Sol Naciente	neighbourhood	-33.4658487	-70.5410807
Villa Cooperativa Buen Día	neighbourhood	-33.4651180	-70.5381988
Población San Roque	neighbourhood	-33.4670511	-70.5333793
Villa Sarita Gajardo	neighbourhood	-33.4711064	-70.5284233
Villa El Jordán	neighbourhood	-33.4702954	-70.5246377
Villa Esmeralda	neighbourhood	-33.4763056	-70.5293050
Villa Los Microbuseros	neighbourhood	-33.4814060	-70.5344668
Villa Medialuna	neighbourhood	-33.4811065	-70.5247382
Villa Lo Hermida Alto	neighbourhood	-33.4805688	-70.5270046
Barrio Parque Tobalaba	neighbourhood	-33.4786913	-70.5529519
Villa Claudio Arrau	neighbourhood	-33.4818546	-70.5683829
Villa El Duraznal II	neighbourhood	-33.4768243	-70.5666611
Villa El Duraznal I	neighbourhood	-33.4753677	-70.5694565
Villa Yungay	neighbourhood	-33.4787642	-70.5737793
Villa La Concepción	neighbourhood	-33.4777229	-70.5702719
Villa Venezuela	neighbourhood	-33.4812235	-70.5706470
Población Coronel Santiago Bueras	neighbourhood	-33.5026761	-70.5846082
Barrio Girasol	neighbourhood	-33.3986891	-70.7536445
Villa Casas de Renca II	neighbourhood	-33.3980102	-70.7558923
Villa Miraflores	neighbourhood	-33.3996042	-70.7504066
Villa Jardín Poniente III	neighbourhood	-33.3926776	-70.7537806
Villa Jardín Poniente II	neighbourhood	-33.3948906	-70.7552214
Villa Jardín Poniente I	neighbourhood	-33.3958048	-70.7538233
Villa Ciudad Nueva Renca	neighbourhood	-33.3963554	-70.7441672
Villa Ciudad Nueva Renca II	neighbourhood	-33.3971790	-70.7473876
Villa Mujer de Esfuerzo	neighbourhood	-33.3965804	-70.7504989
Villa Nuestros Sueños	neighbourhood	-33.3974083	-70.7509256
Villa Casas de Renca I	neighbourhood	-33.4009099	-70.7475436
Barrio Fundadores	neighbourhood	-33.3989213	-70.7431421
Villa Aeropuerto Lo Boza	neighbourhood	-33.3977449	-70.7411887
Villa Casas de Lo Boza 2	neighbourhood	-33.3993914	-70.7416590
Villa Antumalal	neighbourhood	-33.3998289	-70.7377358
Villa Casas de Renca IV	neighbourhood	-33.3950723	-70.7461243
Villa Casas de Renca III	neighbourhood	-33.3945908	-70.7488130
Villa Bonita Vecindad	neighbourhood	-33.4092557	-70.7355852
Villa Cardenal Raúl Silva Henríquez	neighbourhood	-33.4105116	-70.7360054
Las Caletas	neighbourhood	-33.5967563	-70.5642767
Villa Apóstol Santiago	neighbourhood	-33.3946140	-70.6995142
Población José Cardijn	neighbourhood	-33.3986679	-70.6961466
Población Huamachuco I	neighbourhood	-33.3989766	-70.7015335
Villa Caupolicán	neighbourhood	-33.3993101	-70.7045533
Villa Los Cisnes	neighbourhood	-33.3987848	-70.7056818
Villa El Cobre	neighbourhood	-33.3996305	-70.7080812
Villa Las Camelias	neighbourhood	-33.3990289	-70.7090804
Villa María Arellano Cristi	neighbourhood	-33.4000690	-70.7102239
Población Lourdes	neighbourhood	-33.4004462	-70.7147427
Villa La Montaña	neighbourhood	-33.3991700	-70.7148764
Población Bulnes	neighbourhood	-33.4149434	-70.6834341
Villa España	neighbourhood	-33.4165328	-70.6794196
Población Inés de Suárez	neighbourhood	-33.4184118	-70.6841684
Población Victoria	neighbourhood	-33.4145279	-70.6881606
Población Ernesto Illanes Beytia 2	neighbourhood	-33.4104075	-70.6943488
Población Francisco Infante	neighbourhood	-33.4092922	-70.6967145
Villa Paraíso	neighbourhood	-33.4080780	-70.6987449
Población La Java	neighbourhood	-33.4112044	-70.6964488
Villa Renca Limitada	neighbourhood	-33.4028020	-70.7038891
Villa Balmaceda	neighbourhood	-33.4030820	-70.7120055
Villa CCU	neighbourhood	-33.4105707	-70.6851652
Población Lo Benito	neighbourhood	-33.4055201	-70.7060967
Tomas de Cerro Colorado	neighbourhood	-33.0133508	-71.2855840
Tomas de Limachito	neighbourhood	-33.0110207	-71.2842322
Lajarilla	neighbourhood	-32.9804408	-71.4975402
Las Salinas	neighbourhood	-32.9989326	-71.5483734
Parcela 11	neighbourhood	-33.0640123	-71.5332350
Villa Los Peumos	neighbourhood	-33.5434380	-70.5994132
Alto del Nabo	locality	-35.9677604	-71.4588333
Villa La Alborada	neighbourhood	-33.4305899	-70.7565021
Jardines de Esmeralda	neighbourhood	-33.1857321	-70.6584492
Arturo Prat	neighbourhood	-33.5295810	-70.6008589
Villa Crisol	neighbourhood	-33.5277409	-70.5897680
Entre Ríos	locality	-38.7827588	-72.8784728
Villa Eastman	neighbourhood	-33.0012765	-71.1973556
Villa Lomas de Paine	neighbourhood	-33.8028026	-70.7389230
Población 5 de Abril	neighbourhood	-33.0061645	-71.2695444
Villa Los Robles	neighbourhood	-35.5186571	-71.5159214
Villa Nueva Ilusión	neighbourhood	-35.5205695	-71.5163934
Villa Aurora	neighbourhood	-35.5213030	-71.5153903
Esmeralda	neighbourhood	-35.5248918	-71.5116969
18 de Abril	neighbourhood	-35.4704612	-71.5597487
Villa Estación	neighbourhood	-35.4697010	-71.5540355
Villa Rota	neighbourhood	-35.5886174	-71.4150971
Villorrio El Níspero	neighbourhood	-35.5900308	-71.4189220
Población San Pedro	neighbourhood	-35.5882815	-71.4271241
Los Almendros	neighbourhood	-35.5825970	-71.4599007
Villa Nuevo Amanecer	neighbourhood	-35.5832165	-71.4677543
San Ramón	neighbourhood	-35.5813711	-71.4691168
Villorrio Juventud Esperanza	neighbourhood	-35.5712312	-71.4590210
Villa Esperanza	neighbourhood	-35.5693048	-71.4666519
Villa El Puente	neighbourhood	-35.5669943	-71.5641743
Villa Los Olivos	neighbourhood	-35.5661216	-71.5636540
El Delirio	neighbourhood	-34.3339569	-70.8871365
Camarico	neighbourhood	-34.3370577	-70.8777917
Población Lautaro	neighbourhood	-31.6274498	-71.1717081
Villa Santa Margarita	neighbourhood	-33.4652932	-71.6435355
Villa Almería	neighbourhood	-33.4657854	-71.6410518
Condominio Sol de México	neighbourhood	-33.5335429	-70.5693698
Jardín de la Viña	neighbourhood	-33.5350409	-70.5515438
Villa Nacimiento	neighbourhood	-35.5254638	-71.5115172
Villa Flor del Llano	neighbourhood	-35.5093652	-71.5312797
Convento Sur	neighbourhood	-33.8157465	-71.6375166
Parcelación Vista Hermosa	neighbourhood	-33.7859601	-71.6053033
Parque Villarrica 14	neighbourhood	-39.3066059	-72.2254999
Villa Mankemalén	neighbourhood	-38.7698733	-72.6033742
Lomas de Papudo	neighbourhood	-32.5044499	-71.4319513
Sector Lagunillas	locality	-45.0352000	-73.7695456
Villa Coltauco	neighbourhood	-39.8117941	-73.2427018
Santa María	neighbourhood	-33.5195323	-70.5743051
Villa Los Copihues	neighbourhood	-33.5165180	-70.5822659
Santa María de la Flor	neighbourhood	-33.5177233	-70.5709818
Rehuecoyán	locality	-38.3665600	-72.3621369
Fundo Santa María	locality	-38.3624632	-72.3423743
El Rodeo Quilicura	neighbourhood	-35.9259303	-72.7029049
El Esfuerzo	neighbourhood	-33.5151427	-70.5491258
Villa Alegre	neighbourhood	-34.6307582	-71.2604356
Condominio Costa Paihue	neighbourhood	-33.9533725	-71.8568569
Reserva Calabacillo	neighbourhood	-33.9435647	-71.8518841
Villa Adela	neighbourhood	-33.9466931	-71.8398786
Villa El Cerro	neighbourhood	-35.5707338	-71.6890794
Villa Los Aromos	neighbourhood	-35.5728740	-71.6843078
Villa Los Poetas	neighbourhood	-35.5736005	-71.6715378
Villa La Colonia	neighbourhood	-35.6111549	-71.8074077
Santa Sofía de Macul	neighbourhood	-33.5111464	-70.5225116
Llufquentué	locality	-38.4901780	-72.7388907
Repocura	locality	-38.4954011	-72.8984285
Fundo Las Hortensias	locality	-38.3114236	-72.8390765
Malalche Rincón	locality	-38.5574787	-72.9450345
Portal Mirador de Tenglo	neighbourhood	-41.4980032	-73.0177842
Caserío Lomas de Concón	locality	-32.9797332	-71.4353478
Villa Génesis	neighbourhood	-33.0219827	-71.5029770
La Campana	locality	-38.3369268	-73.4059882
Zanjones de Osorno	neighbourhood	-40.5926299	-73.1405297
Villa San Luis	neighbourhood	-33.2065182	-71.5718561
Humedal El Culebrón	locality	-29.9615180	-71.3223678
Villa Los Naranjos	neighbourhood	-38.9765509	-72.6405796
Jardínes de Van Gogh	neighbourhood	-36.6348398	-72.1183114
Los Escritores	neighbourhood	-33.4334917	-71.6895515
Maratué	locality	-32.7163342	-71.4278913
Villa Doña Consuelo	neighbourhood	-34.5737536	-71.0052585
Población San Agustín	neighbourhood	-34.4757288	-71.4840771
Los Monos	locality	-35.6802825	-71.0723479
Bosque Tunquén	neighbourhood	-33.2953909	-71.6238481
Portal del Inca V	neighbourhood	-22.4522239	-68.9505976
Barrio Gran Vía	neighbourhood	-23.6751907	-70.4060294
Villa Antukuyén	neighbourhood	-42.4654456	-73.7955366
Población Salvador Allende	neighbourhood	-42.4599482	-73.7953243
Brisas de Curauma VI	neighbourhood	-33.1293746	-71.5704497
Brisas de Curauma IV	neighbourhood	-33.1285267	-71.5694942
Brisas de Curauma III	neighbourhood	-33.1275328	-71.5705590
Brisas de Curauma II	neighbourhood	-33.1276172	-71.5676106
Brisas de Curauma V	neighbourhood	-33.1261292	-71.5690189
Brisas de Curauma I	neighbourhood	-33.1283671	-71.5650064
El Zapallo	locality	-30.4709061	-70.9660631
El Maitén	locality	-30.4556612	-70.9478724
La Chacrita	locality	-30.4570530	-70.8961648
Cerro Recreo	neighbourhood	-33.0483362	-71.5981713
Terrazas de Pitama	neighbourhood	-33.2688514	-71.4807952
Villa Fabián de la Fuente	neighbourhood	-36.5526164	-71.5575910
Villa Brisas de Pencahue	neighbourhood	-35.3892739	-71.8026456
Condominio Los Paltos	neighbourhood	-33.0030247	-71.2700705
Población Coliseo	neighbourhood	-33.0126446	-71.5460211
Población Muelle	neighbourhood	-33.0118372	-71.5507364
Población Casino	neighbourhood	-33.0190849	-71.5533207
Población Quinta Rioja	neighbourhood	-33.0192310	-71.5466890
Coraceros	neighbourhood	-33.0065390	-71.5484233
Población Gratry Santa Inés	neighbourhood	-33.0064176	-71.5429057
Población Benidorm	neighbourhood	-33.0077840	-71.5432128
Praderas de Coronel	neighbourhood	-36.9702653	-73.1358254
Villa La Florida	neighbourhood	-35.8679101	-71.5894869
Valles de Linares	neighbourhood	-35.8607356	-71.5763430
Praderas de Pilauco	neighbourhood	-40.5621666	-73.1199843
Villa Los Bollenes II	neighbourhood	-33.5725531	-71.1987877
Conjunto Habitacional Don René	neighbourhood	-33.5477681	-70.7972100
Altos del Canelo	neighbourhood	-33.3780071	-71.6769397
La Encomienda	neighbourhood	-33.3692625	-71.6397858
Yolanda	neighbourhood	-33.0378452	-71.5978307
Comunidad Los Aromos	neighbourhood	-33.4453050	-71.6553962
Parcelas Santa Genoveva	neighbourhood	-33.3677750	-71.6456866
Bosque Mar	neighbourhood	-33.3662451	-71.6446111
Los Pinares Norte	neighbourhood	-33.3860073	-71.6452789
Condominio Acapulco	neighbourhood	-33.3820297	-71.6511744
Stella Maris	neighbourhood	-33.3648809	-71.6614473
El Tranque	neighbourhood	-33.3780653	-71.6816068
Loteo Maipumar	neighbourhood	-33.3937560	-71.6842675
Conjunto Habitacional San Nicolás	neighbourhood	-33.0646772	-71.5678382
Conjunto Habitacional San Guillermo	neighbourhood	-33.0654886	-71.5676960
Armando Alarcón del Canto	neighbourhood	-36.7842731	-73.1056247
Las Palmas Chilenas	neighbourhood	-33.0615849	-71.5359259
Villa Buque Escuela Esmeralda	neighbourhood	-32.8445288	-71.2290518
Parcelas Fundo Lago Azul	neighbourhood	-39.6351177	-72.3030675
Villa Caspana	neighbourhood	-22.4778785	-68.9322654
Villa Las Vegas	neighbourhood	-22.4786603	-68.9351163
Villa Los Yacimientos	neighbourhood	-22.4417724	-68.9110308
Villa San Rafael	neighbourhood	-22.4780733	-68.9254166
Villa Los Transportistas	neighbourhood	-22.4653131	-68.9451651
Villa Bulnes	neighbourhood	-23.6005267	-70.3792834
Garbriela Mistral	neighbourhood	-23.5880177	-70.3820248
Villa México	neighbourhood	-23.5946082	-70.3828310
Población Victoria	neighbourhood	-23.5983010	-70.3808753
Villa Chuquicamata	neighbourhood	-22.4743796	-68.9247056
Villa El Loa	neighbourhood	-22.4766725	-68.9237065
Villa Vista Hermosa	neighbourhood	-22.4733340	-68.9305898
Gran Avenida Sur	neighbourhood	-22.4713352	-68.9292621
Villa Oasis	neighbourhood	-22.4705208	-68.9366907
Villa Covadonga	neighbourhood	-22.4655206	-68.9404037
Villa Gabriela Mistral	neighbourhood	-22.4631792	-68.9424265
Villa Tucnar Huasi	neighbourhood	-22.4308548	-68.9202655
Villa Huaytiquina	neighbourhood	-22.4331867	-68.9205283
Villa Independencia Norte	neighbourhood	-22.4353555	-68.9272035
Villa Los Salares	neighbourhood	-22.4474682	-68.9002102
Villa Lomas Huasi	neighbourhood	-22.4515399	-68.9007802
Villa Atacama	neighbourhood	-22.4492176	-68.9062016
Villa Los Volcanes	neighbourhood	-22.4458399	-68.9055998
Villa Kamac Mayu	neighbourhood	-22.4406430	-68.9073524
Valles de Limache	neighbourhood	-33.0178127	-71.2617592
Condominio El Molino	neighbourhood	-33.0211532	-71.2549864
San José de Los Perales	locality	-33.1475093	-71.3225716
Horcones de Casablanca	neighbourhood	-33.3118975	-71.4080240
Cooperativa El Bosque de Castilla	neighbourhood	-33.4473909	-71.6739035
Santa Clotilde	neighbourhood	-34.3000635	-71.4364945
La Barcarola	neighbourhood	-33.5322386	-71.5875393
Villa Los Cisnes	neighbourhood	-33.5094691	-71.5982115
Comunidad Ecológica Terra Nostra	neighbourhood	-32.9620131	-71.5226804
Comunidad Nahuel	neighbourhood	-33.5330443	-71.5879923
Catamarca	neighbourhood	-33.4955485	-71.6208923
Mirador Las Cruces	neighbourhood	-33.4991586	-71.6313207
Villa Los Carrera	neighbourhood	-33.3665447	-70.7338286
Villa Don Jaime 2	neighbourhood	-35.6738877	-71.7343785
Monte Marino	neighbourhood	-33.5397671	-71.5870857
Villa Londres	neighbourhood	-33.4379397	-70.7172630
Población Manuel Rodríguez	neighbourhood	-33.4481767	-70.7200095
Portal Los Manzanos	neighbourhood	-41.1131255	-73.0420055
Villa Cartago	neighbourhood	-33.5560633	-71.6033238
Brisas del Mar	neighbourhood	-33.5555448	-71.6108662
Villa Puerto Nuevo	neighbourhood	-33.5522679	-71.6189933
Vista Hermosa	neighbourhood	-33.5519549	-71.6152060
Villa California	neighbourhood	-33.5541723	-71.6146374
Condominio Las Encinas	neighbourhood	-33.5518700	-71.5800691
El Mirador	neighbourhood	-33.5503991	-71.5894675
Villa Holanda	neighbourhood	-33.5702066	-71.6057915
Las Bodegas	neighbourhood	-33.5714067	-71.6022402
Barrio Pucará	neighbourhood	-33.4461278	-70.5775797
Vista Hermosa	neighbourhood	-33.5759723	-71.6092837
Villa Génesis	neighbourhood	-33.5609628	-71.6044718
Aguas Saladas	neighbourhood	-33.5618389	-71.6057432
Puerto del Sol	neighbourhood	-33.5622502	-71.6042572
Población San Benito	neighbourhood	-33.0617482	-71.5581259
Villa Chena	neighbourhood	-33.5837142	-70.7111764
Villa Santa Marta	neighbourhood	-33.5846684	-70.6964155
Villa Roberto Lorca Olguín	neighbourhood	-33.5828525	-70.6940105
Villa Santa Ana	neighbourhood	-33.5851701	-70.6731225
Población San Pedro Nolasco	neighbourhood	-33.5885323	-70.6675830
Villa La Portada	neighbourhood	-33.5879768	-70.6820733
Población Los Copihues	neighbourhood	-33.5862307	-70.6919813
Villa Balmaceda	neighbourhood	-33.6003313	-70.6949082
Barrio Tropezón	neighbourhood	-33.4278814	-70.6896783
Barrio Argentina	neighbourhood	-33.4243848	-70.7032933
Villa Catamarca	neighbourhood	-33.4182752	-70.7106397
Población Luis de Cambiaire	neighbourhood	-33.4170313	-70.7144167
Vista Hermosa	locality	-43.9764526	-71.7111701
Punta López	locality	-43.8899676	-71.8837059
Valle Siberia	locality	-43.9302762	-71.7282129
Valle El Zancudo	locality	-43.8841142	-71.7925644
Los Mallines	locality	-43.9758465	-71.8585253
Río Corto	locality	-43.9232175	-71.8197513
Juan Aspeé	neighbourhood	-33.6064793	-71.6150665
Villa Doctor Dussert II	neighbourhood	-33.3670057	-70.7373572
Villa Gran Bretaña	neighbourhood	-33.3821750	-70.6460410
Los Álamos	neighbourhood	-33.6160756	-71.5986407
Las Acacias	neighbourhood	-33.6196047	-71.5942419
Los Nogales	neighbourhood	-33.6203284	-71.5971708
Santa Rosa de la Mar	neighbourhood	-33.6195868	-71.5868067
Mirador de Campina	neighbourhood	-33.6167904	-71.5943867
Villa Las Dalias	neighbourhood	-33.6189615	-71.6058344
Población Juan XXIII	neighbourhood	-33.6135516	-71.6049868
Cerro La Viuda	neighbourhood	-33.6082754	-71.6024494
Piedra del Gato	locality	-44.6516961	-72.3895598
Don Rodolfo	neighbourhood	-33.0193244	-71.2514716
Villa Primavera	neighbourhood	-33.0185957	-71.2529683
Portal Mackenna	neighbourhood	-40.3441328	-72.9409433
Las Vertientes	neighbourhood	-33.6634607	-71.6209460
Villa Bicentenario	neighbourhood	-34.3938476	-71.9906998
Villa Los Poetas	neighbourhood	-34.3883232	-71.9911934
Villa Nueva Ilusión	neighbourhood	-34.3919571	-71.9898559
Villa Alto Lafquén	neighbourhood	-34.3919143	-71.9886441
Villa Pichilemu	neighbourhood	-34.3907207	-71.9891070
Villa Felipe Manquel	neighbourhood	-39.4853238	-72.1463317
Las Brisas de Mirasol	neighbourhood	-33.3273728	-71.6391420
Alto San Martín	neighbourhood	-34.3905522	-70.8563605
Valles de Rengo	neighbourhood	-34.3933128	-70.8572783
Portal El Abra I	neighbourhood	-34.2809223	-70.8222293
Molinos del Abra	neighbourhood	-34.2808181	-70.8314494
Villa Los Alerce	neighbourhood	-32.7904088	-71.5025881
Villa Manutara	neighbourhood	-32.7917075	-71.5008795
Villa Horcomad	neighbourhood	-32.7207053	-71.4939460
Villa San Felipe	neighbourhood	-32.7459118	-71.4823451
Villa David Perry	neighbourhood	-30.6018699	-71.1873836
Villa Manuel Lobos	neighbourhood	-30.6035174	-71.1882319
Villa El Sauce	neighbourhood	-30.6043692	-71.1896783
Villa Las Palmas	neighbourhood	-30.6072148	-71.1916142
Población Ariztía	neighbourhood	-30.6030213	-71.1904396
Villa Antofagasta	neighbourhood	-30.6056346	-71.1916353
Villa El Molino	neighbourhood	-30.6093040	-71.1958655
Población Castilla	neighbourhood	-30.6052046	-71.1972786
Yungay	neighbourhood	-30.6074778	-71.1978331
El Mirador	neighbourhood	-33.3211154	-71.6406012
Los Bronces	neighbourhood	-33.3249658	-71.6370499
Comitiva Los Bronces	neighbourhood	-33.3229891	-71.6371304
Villa Centro	neighbourhood	-34.7284636	-71.2706297
Población O'Higgins	neighbourhood	-34.7254826	-71.2755496
Parque Industrial El Pórtico	neighbourhood	-33.3707395	-70.7534610
Parque Industrial Aeropuerto	neighbourhood	-33.3825207	-70.7453857
Parque Industrial El Montijo	neighbourhood	-33.4014480	-70.7648609
Dintrans	neighbourhood	-34.1936429	-70.7435256
Villa La Ribera	neighbourhood	-34.1924261	-70.7429404
Esperanza Norte	neighbourhood	-34.1904836	-70.7460630
Villa Los Almendros I	neighbourhood	-33.6313860	-70.7656887
Villa Los Poetas	neighbourhood	-33.6293448	-70.7696450
Valle Norte 7	neighbourhood	-33.3274145	-70.7423339
Población Nueva Irarrázabal	neighbourhood	-32.5097210	-71.4258581
Parque Industrial Vespucio Oeste	neighbourhood	-33.3775600	-70.7584861
Parque Industrial Ojos del Salado	neighbourhood	-33.3797999	-70.7654231
Parque Industrial Lo Echevers	neighbourhood	-33.3769287	-70.7661620
Las Camelias	neighbourhood	-34.1957965	-70.7397425
Las Rosas	neighbourhood	-34.1910917	-70.7439573
Villa Sagasca	neighbourhood	-34.1871376	-70.7487453
Los Mutualistas	neighbourhood	-34.1880792	-70.7496153
Arboleda	neighbourhood	-34.1913340	-70.7456871
Villa San Pedro	neighbourhood	-34.1826958	-70.7502274
Población Esperanza	neighbourhood	-34.1795511	-70.7480452
Población Sewell	neighbourhood	-34.1751261	-70.7466094
Población Juan Nicolas Rubio	neighbourhood	-34.1758388	-70.7450482
Reconquista	neighbourhood	-34.1843992	-70.7522068
Óscar Bonilla	neighbourhood	-34.1899258	-70.7288148
Villa Aconcagua	neighbourhood	-34.1501428	-70.7245089
Villa Siberia	neighbourhood	-34.1494922	-70.7202797
Barrio San Luis	neighbourhood	-33.3323138	-70.7687072
Inés de Suárez	neighbourhood	-39.8231986	-73.2116428
Condominio Industrial Segunda Orbital	neighbourhood	-33.3183661	-70.7282427
Villa Futuro	neighbourhood	-33.3772769	-70.6395112
Villa Mar Azul	neighbourhood	-34.3951531	-71.9968715
Villa La Alborada	neighbourhood	-34.3975495	-71.9949194
Villa Sopraval	neighbourhood	-32.7754851	-71.2023443
Villa San Miguel	neighbourhood	-32.7768879	-71.1970657
Villa El Carmen	neighbourhood	-32.7752100	-71.1981922
Luchando por un Sueño	neighbourhood	-32.7738388	-71.1964488
El Recuerdo	neighbourhood	-32.7725082	-71.1854625
Población El Progreso	neighbourhood	-32.7670634	-71.1965105
Villa Las Américas	neighbourhood	-32.7704785	-71.1954296
Villa Los Lagos	neighbourhood	-33.0049521	-71.2678304
Villa Lomas del Valle	neighbourhood	-34.4005516	-71.9950027
Villa Atardecer	neighbourhood	-34.4011087	-71.9950045
Villa San Antonio	neighbourhood	-34.3964834	-71.9969915
Villa Esperanza	neighbourhood	-33.2811408	-70.7547496
Villa La Unión	neighbourhood	-33.2795754	-70.7535540
Villa San Fernando	neighbourhood	-34.1510189	-70.7258723
Los Manzanos	neighbourhood	-34.1486289	-70.7260634
Yerbas Buenas	neighbourhood	-34.1485762	-70.7243787
Villa Islas	neighbourhood	-34.1487636	-70.7230268
Cooperativa La Cruz	neighbourhood	-34.1513762	-70.7221561
Villa Nicanor Molinare	neighbourhood	-34.1670795	-70.7242088
Abanderado Ibieta	neighbourhood	-34.1671790	-70.7226091
Población René Schneider	neighbourhood	-34.1650062	-70.7216394
Villa El Portal	neighbourhood	-34.1715890	-70.7236072
Santa Cruz de Triana	neighbourhood	-34.1847414	-70.7298645
Villa Carén	neighbourhood	-34.1910065	-70.7209386
Los Buenos Amigos	neighbourhood	-34.1471854	-70.7298988
Villa Doña Alodia	neighbourhood	-34.1420975	-70.7297164
Don Vicente	neighbourhood	-34.1426125	-70.7332676
Villa Araucarias	neighbourhood	-34.1428167	-70.7364648
William Braden	neighbourhood	-34.1567212	-70.7314918
Población Rajcevich	neighbourhood	-34.1581868	-70.7484254
Villa Suiza	neighbourhood	-34.1641766	-70.7652022
Villa Austral	neighbourhood	-34.1648355	-70.7641298
Villa Corazón	neighbourhood	-34.1652835	-70.7603711
Los Húsares	neighbourhood	-34.1626965	-70.7600188
Villa Nordica	neighbourhood	-34.1634872	-70.7589484
Villa Las Almenas	neighbourhood	-34.1641885	-70.7581331
Patria Joven	neighbourhood	-34.1659906	-70.7587017
Villa La Reina	neighbourhood	-34.1641332	-70.7604673
Villa Baquedano	neighbourhood	-34.1690709	-70.7644738
Población Irené Frei	neighbourhood	-34.1687158	-70.7610728
Población Lourdes	neighbourhood	-34.1693550	-70.7598711
El Libertador	neighbourhood	-34.1699142	-70.7621778
Galilea B	neighbourhood	-34.1759675	-70.7670276
Población San Francisco	neighbourhood	-34.1726568	-70.7565458
Federico Slater	neighbourhood	-34.1725858	-70.7602473
Villa Lourdes	neighbourhood	-34.1764650	-70.7621466
El Trapiche	neighbourhood	-34.1605398	-70.7546149
Siempre Unidos	neighbourhood	-34.1616584	-70.7522868
Jardín Oeste	neighbourhood	-34.1579158	-70.7505841
Villa Parque María Luisa	neighbourhood	-34.1579063	-70.7515895
El Bosque	neighbourhood	-34.1552574	-70.7498192
Torres del Paine	neighbourhood	-34.1561452	-70.7545077
San Rafael	neighbourhood	-34.1554438	-70.7531880
Parque Nogales	neighbourhood	-34.1520213	-70.7535651
5 de Octubre	neighbourhood	-34.1529134	-70.7511817
Carlos Miranda	neighbourhood	-34.1594212	-70.7454311
Población Valenzuela	neighbourhood	-34.1622621	-70.7482420
Población Olivares	neighbourhood	-34.1612500	-70.7465147
Quinta Nanito	neighbourhood	-34.1629811	-70.7422124
Rancagua Norte	neighbourhood	-34.1588707	-70.7409142
El Almendro	neighbourhood	-34.1628213	-70.7376419
Los Balcanes	neighbourhood	-34.1629190	-70.7370948
Villa Imiteran	neighbourhood	-34.1572549	-70.7369016
Villa Cristobal Colon	neighbourhood	-34.1599183	-70.7364296
Población 21 de Mayo	neighbourhood	-32.9900241	-71.1942467
Población Villa Futuro	neighbourhood	-34.7149303	-71.2531292
Villa El Conquistador	neighbourhood	-34.7727279	-71.2735999
Nuestra Señora del Carmen	neighbourhood	-34.1679692	-70.7199105
Villa Compañía	neighbourhood	-34.1642621	-70.7102803
Población Santa Filomena	neighbourhood	-34.1670318	-70.7134388
Población Santa Lucía	neighbourhood	-34.1686368	-70.7160996
Villa Magisterio	neighbourhood	-34.1695316	-70.7175587
Villa Rio Cachapoal	neighbourhood	-34.1717543	-70.7184943
Villa Salustro	neighbourhood	-34.1711844	-70.7202366
Cooperativa Cachapoal	neighbourhood	-34.1767659	-70.7284764
Villa Rucaray	neighbourhood	-34.1772274	-70.7290600
Villa Scorpio	neighbourhood	-34.1778665	-70.7299698
Villa Constanza	neighbourhood	-34.1789245	-70.7303990
Villa Dorada	neighbourhood	-34.1806002	-70.7281674
Los Lirios	neighbourhood	-34.1812961	-70.7269143
Villa Socomi	neighbourhood	-34.1795281	-70.7272662
Villa Brasilia	neighbourhood	-34.1784843	-70.7265280
Villa Marambio	neighbourhood	-34.1775825	-70.7258671
Jardín Oriente	neighbourhood	-34.1829505	-70.7209147
Villa María Fernanda	neighbourhood	-34.1961490	-70.7187775
Villa Los Cántaros	neighbourhood	-34.1851303	-70.7203139
Condominio El Trébol	neighbourhood	-34.1866710	-70.7168463
Villa Eucaliptus	neighbourhood	-34.1852652	-70.7164687
Los Naturales	neighbourhood	-34.1835043	-70.7183226
Los Alerces	neighbourhood	-34.1821339	-70.7177218
Villa Coya Pangal	neighbourhood	-34.1793931	-70.7151383
Villa Triana	neighbourhood	-34.1787683	-70.7122801
Los Abedules	neighbourhood	-34.1817008	-70.7103661
Isabel La Católica	neighbourhood	-34.1826594	-70.7087611
Don Rodrigo	neighbourhood	-34.1811328	-70.7073878
Fernando de Aragón	neighbourhood	-34.1792014	-70.7061518
Villa San Joaquín	neighbourhood	-34.1776677	-70.7046412
Villa Hermosa	neighbourhood	-34.1770357	-70.7085036
Villa Brasilia C	neighbourhood	-34.1773854	-70.7107004
Villa Brasilia B	neighbourhood	-34.1728130	-70.7101455
Población San Luis	neighbourhood	-34.1708265	-70.7047772
Villa Pullman	neighbourhood	-34.1745089	-70.7045734
13 de Mayo	neighbourhood	-34.1690555	-70.6996242
Tomás Guaglen	neighbourhood	-34.1680435	-70.7012890
Villa Los Parques	neighbourhood	-34.1675656	-70.7021611
Los Héroes	neighbourhood	-34.1669003	-70.7029878
Villa Hermanos Vera	neighbourhood	-34.1663005	-70.7061929
25 de Febrero	neighbourhood	-34.1700956	-70.7098057
Rancagua Oriente	neighbourhood	-34.1691867	-70.7124106
Villa Nueva Cordillera	neighbourhood	-34.1636747	-70.7031776
Villa Promaucaes	neighbourhood	-34.1659118	-70.7000963
Alto Los Cipreses	neighbourhood	-34.1668919	-70.6977360
Los Cristales	neighbourhood	-34.1658124	-70.6981308
Villa Juan Fernández	neighbourhood	-34.1511815	-70.7003281
Los Andes	neighbourhood	-34.1518918	-70.6989204
Doña Gabriela	neighbourhood	-34.1505777	-70.6992380
Los Pinares III	neighbourhood	-34.1482139	-70.7048559
Los Pinares I	neighbourhood	-34.1516290	-70.7079412
Conjunto Habitacional Paillao	neighbourhood	-39.8556887	-73.2159036
Cruce Ex-Rotonda Huitauque	locality	-42.6103803	-73.8023275
Calero	neighbourhood	-37.0771243	-73.1554673
El Alto	neighbourhood	-18.5008544	-70.3046192
Villa José Calderón	neighbourhood	-33.8049021	-70.7307945
Población Sotomayor	neighbourhood	-37.0977728	-73.1514546
Parque Sirena	neighbourhood	-34.5164750	-72.0270966
Nuevo Placilla	neighbourhood	-33.1152883	-71.5537720
La Platina	neighbourhood	-33.5790404	-70.6187473
Villa San Bartolomé	neighbourhood	-36.6348709	-72.1388385
La Chépica	locality	-34.0429678	-71.9339700
Villa los Cipreses	neighbourhood	-34.4652863	-71.0245112
Población La Concepción	neighbourhood	-32.8803762	-71.2593155
Población El Bosque	neighbourhood	-32.8923318	-71.2558118
Población Héroes de la Concepción	neighbourhood	-32.7798933	-70.8475537
Población Arturo Prat	neighbourhood	-32.7816180	-70.8504845
Población Los Libertadores de La Pirca	neighbourhood	-32.7830697	-70.8530982
Población Los Lúcumos	neighbourhood	-32.8844402	-71.2406119
Población Chile Nuevo	neighbourhood	-32.8828295	-71.2599677
Población Gonzalo de Los Ríos	neighbourhood	-32.8817417	-71.2611872
Villa Jardines del Valle	neighbourhood	-32.8980206	-71.2527799
villa San Jorge	neighbourhood	-33.0016185	-71.4921033
Población Tranque Sur	neighbourhood	-33.0396013	-71.5491445
La Pesquelita	locality	-39.3919346	-73.2266557
Quilamapu	neighbourhood	-36.5911019	-72.0924205
Población Vicente Pérez Rosales	neighbourhood	-36.6139149	-72.1239644
Punta Norte	neighbourhood	-18.4294305	-70.2900424
Nuevo Norte	neighbourhood	-18.4232271	-70.2918629
Los Loros	locality	-31.7547211	-71.1031061
Reducción Maica	locality	-37.8979528	-72.2489691
Alto Sacramento	neighbourhood	-33.7495261	-70.7354349
Buin Oriente	neighbourhood	-33.7357273	-70.7169311
Curacalma	neighbourhood	-35.8834420	-72.6276299
Villa Las Mariposas	neighbourhood	-36.6154605	-72.0686215
Villa Fernando May	neighbourhood	-36.6197610	-71.8334114
Villa Almendral	neighbourhood	-32.5085177	-71.4307907
Doña Antonia	neighbourhood	-35.4632483	-71.6747572
Infiernillo	neighbourhood	-34.3931825	-72.0215859
Villa Altos del Bosque	neighbourhood	-35.3881697	-71.4383532
Villa Río	neighbourhood	-35.4040912	-71.6613063
Doña Antonia IV	neighbourhood	-35.4641612	-71.6704956
Faldeos de Curauma	neighbourhood	-33.1412255	-71.5672770
Isla de los Hielos	locality	-51.1128507	-73.1142490
Villa Los Mineros	neighbourhood	-27.4674504	-70.2666249
Santa Carmen	neighbourhood	-29.9739132	-71.2377942
Campo Esmeralda	locality	-51.1975394	-73.0436716
El Alba de Lo Campino IV	neighbourhood	-33.3804837	-70.7326913
El Alba de Lo Campino V	neighbourhood	-33.3782295	-70.7300397
Bosques de Quiñenco	neighbourhood	-36.9871363	-73.1398148
Población Vivaceta Norte	neighbourhood	-33.4081007	-70.6654630
Población Chacabuco Oriente	neighbourhood	-33.4017707	-70.6592887
Población Vivaceta Sur	neighbourhood	-33.4101684	-70.6637266
Población Artesanos La Unión	neighbourhood	-33.4025790	-70.6623585
Población Luis Cruz Martínez	neighbourhood	-35.5947857	-71.8892098
Villa Batalla de Lircay	neighbourhood	-35.4057913	-71.6076998
Oficina Angamos	locality	-23.0021106	-69.4336152
Punta Cachagua	neighbourhood	-32.6186382	-71.4297581
Villa Los Ríos	neighbourhood	-32.8033866	-70.5827194
Población San José	neighbourhood	-34.1806205	-70.7367376
Población Freire	neighbourhood	-34.1789874	-70.7365831
Población Cantillana	neighbourhood	-34.1781282	-70.7348750
Santa Irené	neighbourhood	-34.1800738	-70.7385486
Braden Corvi Estadio	neighbourhood	-34.1791578	-70.7381709
Población MOP	neighbourhood	-34.1797400	-70.7425826
Villa Los Paltos	neighbourhood	-34.1806134	-70.7451747
Villa Cachapoal	neighbourhood	-34.1793495	-70.7442735
Villa Don Manuel	neighbourhood	-34.1791578	-70.7439817
Las Viudas	neighbourhood	-34.1678599	-70.7315277
Población Granger	neighbourhood	-34.1679664	-70.7337335
Población O'Higgins	neighbourhood	-34.1698696	-70.7308067
Covimar	neighbourhood	-34.1734071	-70.7312666
Barrio El Tenis	neighbourhood	-34.1755981	-70.7301425
Población Cuadra	neighbourhood	-34.1641093	-70.7370444
Villa Ilusión	neighbourhood	-35.9604069	-72.3412644
Vista Calbuco	neighbourhood	-41.3807110	-72.9103214
Praderas de Kennedy	neighbourhood	-34.1318178	-70.7484693
Estación Prat	locality	-23.4712441	-70.1714762
Estación Los Arrieros	locality	-22.8665031	-69.2881225
Oficina Lautaro	locality	-25.2373400	-69.8214197
Los Acacios	neighbourhood	-34.1557929	-70.7204999
Villa Los Artesanos	neighbourhood	-34.1576119	-70.7242644
Santa Antonia	neighbourhood	-30.5717025	-71.1795000
Las Cañadas	neighbourhood	-34.1299111	-70.7320778
Don Enrique I	neighbourhood	-34.1310822	-70.7349481
Villa Nelson Pereira	neighbourhood	-34.1355309	-70.7363303
Villa El Sol	neighbourhood	-34.1355444	-70.7422415
Los Girasoles	neighbourhood	-34.1320380	-70.7387046
Don Enrique II	neighbourhood	-34.1303082	-70.7374524
Don Mateo	neighbourhood	-34.1274679	-70.7373711
Los Arcángeles	neighbourhood	-34.1273670	-70.7347041
Villa Almonacid	neighbourhood	-34.1245804	-70.7366637
Villa Tuniche	neighbourhood	-34.1405447	-70.7425667
Villa Alto Jahuel	neighbourhood	-34.1417089	-70.7398348
Huertos de Kennedy	neighbourhood	-34.1347233	-70.7464615
Puerta Norte	neighbourhood	-34.1393535	-70.7344765
Villa La Capilla	neighbourhood	-34.1386940	-70.7320941
Parque del Sol	neighbourhood	-34.1407197	-70.7319477
Villa Pucara	neighbourhood	-34.1498446	-70.7339073
Los Alpes	neighbourhood	-34.1484786	-70.7323136
La Leonera	neighbourhood	-34.1434990	-70.7382980
Ramón Torres	neighbourhood	-34.1452284	-70.7380622
Villa Torino	neighbourhood	-34.1474760	-70.7374686
Marcos Schiaponni	neighbourhood	-34.1469713	-70.7401844
Los Cipreses	neighbourhood	-34.1483440	-70.7411438
Villa Codemis	neighbourhood	-34.1487612	-70.7405340
Villa De Hoz	neighbourhood	-34.1489833	-70.7398510
Villa Tupahue	neighbourhood	-34.1508338	-70.7382574
Villa Veracruz	neighbourhood	-34.1505646	-70.7416886
Villa Recreo I	neighbourhood	-34.1530004	-70.7367694
Villa Inglesa	neighbourhood	-34.1507462	-70.7300462
Villa Diego de Almagro	neighbourhood	-34.1524217	-70.7295583
Villa Recreo IV	neighbourhood	-34.1537674	-70.7296559
Villa Aurora	neighbourhood	-34.1539020	-70.7309162
Nueva Esperanza de Butron	neighbourhood	-34.1609466	-70.7296640
El Escudo	neighbourhood	-34.1690131	-70.7298022
Población Membrillar	neighbourhood	-34.1696657	-70.7325830
Empleados Particulares	neighbourhood	-34.1736852	-70.7350336
Gabriel Fuentes	neighbourhood	-34.1720670	-70.7333190
Población Lautaro	neighbourhood	-34.1723761	-70.7315351
Villa La Portada	neighbourhood	-34.1736086	-70.7281493
Codevip	neighbourhood	-34.1748179	-70.7317452
Braden Corvi	neighbourhood	-34.1743620	-70.7331182
Población Urzúa	neighbourhood	-34.1806054	-70.7431073
El Rodado	neighbourhood	-34.1851100	-70.7574723
La Independencia	neighbourhood	-34.1844996	-70.7572107
Los Prados	neighbourhood	-34.1832556	-70.7565102
Villa San Nicolás	neighbourhood	-34.1793382	-70.7639542
Villa Florencia 3	neighbourhood	-34.1821662	-70.7681151
Villa Vista Sur I	neighbourhood	-34.1852745	-70.7676802
Villa El Cobre	neighbourhood	-34.1685982	-70.7737020
Don Alberto	neighbourhood	-34.1662977	-70.7859412
Doña Mabel	neighbourhood	-34.1680212	-70.7790128
Fernando Debesa	neighbourhood	-34.1725750	-70.7825426
Los Mantos	neighbourhood	-34.1734537	-70.7803861
Flor de Las Nieves	neighbourhood	-34.1727525	-70.7803217
Nueva Alameda	neighbourhood	-34.1568891	-70.7648841
Villa Parque Alameda II	neighbourhood	-34.1512727	-70.7593002
Barrio El Alba	neighbourhood	-33.3318703	-70.7640281
Pampa Alegre	neighbourhood	-40.5611274	-73.1535065
Barrio Judicial	neighbourhood	-33.4751576	-70.6581808
Los Clarines XI	neighbourhood	-29.9883019	-71.3140313
El Remanso	neighbourhood	-33.4180149	-70.5213903
Altos del Sol	neighbourhood	-32.7390743	-71.4775282
Villa Vista Hermosa	neighbourhood	-32.7409536	-71.4866933
Población Don Sergio	neighbourhood	-32.7275741	-71.4196421
Comunidad Vecinal Las Camelias de Horcón	neighbourhood	-32.7236524	-71.4867269
El Roble	village	-32.8724688	-70.9590626
Villa Esperanza	neighbourhood	-32.5669697	-71.2793076
Senderos de Tenglo	neighbourhood	-41.4947442	-73.0144731
Alto Los Notros	neighbourhood	-41.4928743	-73.0102531
Saboya	locality	-38.0077441	-72.8034256
Villa Doña Inés	neighbourhood	-34.5717377	-71.0038683
Jorge Alessandri	neighbourhood	-34.1590745	-70.7219252
Claudio Arrau	neighbourhood	-34.1574918	-70.7213849
Diego Portales	neighbourhood	-34.1584364	-70.7155828
Algarrobo	neighbourhood	-34.1580529	-70.7108535
Guillermo Medina	neighbourhood	-34.1529816	-70.7119693
Los Naranjos	neighbourhood	-34.1535925	-70.7100124
Los Guindos	neighbourhood	-34.1548283	-70.7124843
El Trigal	neighbourhood	-34.1543383	-70.7071370
Jardines de la Compañía	neighbourhood	-34.1556665	-70.7074031
Valle Verde	neighbourhood	-34.1507371	-70.7112397
Parque Constanza	neighbourhood	-34.1497782	-70.7106904
Padre Hurtado	neighbourhood	-34.1558014	-70.7121238
Costa del Sol	neighbourhood	-34.1522511	-70.7184049
Quillayquén	neighbourhood	-34.1496650	-70.7172192
Valles de San Javier	neighbourhood	-35.5866761	-71.7357874
Barrio Mapocho	neighbourhood	-33.4329960	-70.6507343
Población Arturo Prat	neighbourhood	-32.9941478	-71.1468950
Villa Germán Riesco	neighbourhood	-32.7883433	-71.5018022
Villa Los Mellizos	neighbourhood	-32.7845506	-71.5071988
Villa Nueva Historia	neighbourhood	-36.8977396	-72.0388293
Villa La Unión del Carmen	neighbourhood	-36.8979367	-72.0369006
Cerro Maravilla	neighbourhood	-33.0083304	-71.4846330
Barrio Charlin	neighbourhood	-33.4230534	-70.6467481
Barrio Patronato	neighbourhood	-33.4293574	-70.6442082
Barrio La Chimba	neighbourhood	-33.4301421	-70.6496068
Población Digüa	neighbourhood	-36.1440615	-71.8151110
Brisas de Chinquihue II	neighbourhood	-41.5052810	-73.0144441
Sol de Pica	neighbourhood	-20.4825650	-69.3321085
Villa Doña Agustina	neighbourhood	-35.8481654	-71.5838054
Soberanía en el Fin del Mundo	neighbourhood	-54.9378684	-67.6065354
Villa Rodgers	neighbourhood	-33.0182044	-71.4905262
Villa Jerusalén	neighbourhood	-36.8883094	-73.1364319
Villa Los Aromos	neighbourhood	-35.4540195	-72.2766924
Villa Casona Lo Matta	neighbourhood	-33.3645589	-70.7274665
Loteo Oroco	neighbourhood	-41.4316279	-72.7641850
Villa Los Naranjos	neighbourhood	-35.8916982	-71.5848555
Población Gabriela	neighbourhood	-35.8820809	-71.5486786
Villa Illihue	neighbourhood	-35.8812943	-71.5449152
Población Aquelarre	neighbourhood	-35.8808854	-71.5448528
Villa Alcalde Luis Navarrete Carvacho	neighbourhood	-35.8659140	-71.5510406
Terrazas de Ten-Ten	neighbourhood	-42.4542895	-73.7711045
Población Humberto Meza	neighbourhood	-35.8692949	-71.5942440
Villa Suecia	neighbourhood	-35.8693762	-71.5981351
Villa Padre Hurtado	neighbourhood	-35.8701281	-71.5984864
Villa Alquería	neighbourhood	-35.8635524	-71.5953750
Villa Las Camelias	neighbourhood	-35.8636133	-71.5940825
Población Nuevo Amanecer	neighbourhood	-35.8674172	-71.5958133
Villa Las Mercedes	neighbourhood	-31.1768942	-71.0074014
Población El Calvario	neighbourhood	-31.1779223	-71.0098207
Plan del Jarro	locality	-33.7301320	-80.7859422
Plan Negro	locality	-33.7310414	-80.7778346
Plan Chucha	locality	-33.7418052	-80.7839788
Camino Labrado	locality	-33.7276318	-80.7931995
El Volcán	locality	-33.7366364	-80.7950988
Rodríguez Bajo	locality	-33.7511550	-80.8311574
Rodríguez Alto	locality	-33.7507010	-80.8154097
El Cementerio	locality	-33.7455758	-80.8134631
Morro La Finada	locality	-33.7272364	-80.8055484
Piedra Amarilla	locality	-33.7245964	-80.7983536
La Garrafa	locality	-33.7260395	-80.7988544
Villa Portales	neighbourhood	-33.4475073	-70.6879395
Población Las Torres	neighbourhood	-34.4147225	-70.8586027
Majada de Zorra	locality	-30.9420203	-71.1057050
Las Tórtolas	locality	-30.9303285	-71.0987662
Los Molles	locality	-30.9838482	-71.0939426
Comunidad Jiménez y Tapia	locality	-31.0474285	-71.0380229
Lomas de Puyaral	neighbourhood	-36.4961066	-72.2131192
La Represita	locality	-31.0371889	-70.9204742
Población Santa Emilia	neighbourhood	-34.4193897	-70.9765345
Villa El Progreso	neighbourhood	-36.1742317	-71.6909784
Barrio Nuevo de Nos	neighbourhood	-33.6426341	-70.7000685
Senderos de Tenglo II	neighbourhood	-41.4966894	-73.0156410
Club Altos del Carmen	neighbourhood	-33.3477802	-70.6722271
Barrio Los Gráficos	neighbourhood	-33.4281777	-70.6279423
Población Pilmaiquén	neighbourhood	-38.7755701	-72.6046461
Club Altos del Valle	neighbourhood	-33.3432731	-70.6671672
Villa Los Pinos	neighbourhood	-39.3246987	-72.2411987
Villa La Unión	neighbourhood	-36.9564078	-73.0118296
Villa Pedro de Valdivia	neighbourhood	-39.8141027	-73.2196986
Población Nueva Olivar	neighbourhood	-34.2128064	-70.8040707
Sector Mac Miller	neighbourhood	-36.5038842	-72.2170895
Cruz de Lorena II	neighbourhood	-33.0648873	-71.4328697
Cruz de Lorena I	neighbourhood	-33.0650399	-71.4295058
Alto Huechuraba	neighbourhood	-33.3504106	-70.6719911
La Horqueta Correntada del Toro	locality	-42.4837816	-72.2974378
Villa Los Cristales	neighbourhood	-34.3170239	-70.8272171
Las Galaxias	neighbourhood	-36.9723011	-72.9248160
Villa Santa María	village	-39.8441612	-73.2113585
Villa Antuco	neighbourhood	-36.9700039	-72.9265407
Barrio Clotario Blest	neighbourhood	-33.4924878	-70.7386864
Villa La Ponderosa	neighbourhood	-32.7187805	-71.4855480
Villa Los Jotes 2	neighbourhood	-32.7200374	-71.4862454
Parque Vistas de Colina	neighbourhood	-33.1825956	-70.6750874
Villa Rapa Nui I	neighbourhood	-33.3830510	-71.6551173
Barrio Chino	neighbourhood	-37.0914816	-73.1598566
Fundición	neighbourhood	-37.0926574	-73.1625843
Villa Brasil	neighbourhood	-33.5190449	-70.6295559
Villa Las Parcelas	neighbourhood	-33.6338179	-70.7605738
Población Roosevelt	neighbourhood	-33.4111889	-70.6267935
Barrio Las Torcazas III	neighbourhood	-29.9263074	-71.2315685
San Pedro IV	neighbourhood	-36.1266056	-71.8107230
Valles de Parral IV	neighbourhood	-36.1231522	-71.8122196
Valles de Parral III	neighbourhood	-36.1228705	-71.8145049
Campamento Nueva Cordillera	neighbourhood	-33.6075676	-70.5502843
Barrio Divina Providencia	neighbourhood	-33.4293379	-70.6136246
Villa Brisas de Canaan	neighbourhood	-39.8537177	-73.2498174
Carlos Condell	neighbourhood	-33.0027612	-71.1706460
Villa Tantauco	neighbourhood	-33.5556415	-70.6729719
Villa El Sol	neighbourhood	-40.3423394	-72.9471600
Villa El Palqui	neighbourhood	-30.7839951	-70.9393215
Población Aitué	neighbourhood	-33.5274658	-70.6762934
Villa Las Rosas	neighbourhood	-34.9530762	-71.1896259
Villa Industrial	neighbourhood	-33.0022238	-71.4889149
Reserva Puro Caballo	neighbourhood	-33.4281441	-71.4188066
Portal Oriente	neighbourhood	-33.6756166	-71.1844980
Hacienda El Boldo III	neighbourhood	-34.9603870	-71.2256205
Santa Laura	neighbourhood	-34.9714014	-71.2287936
Las Tejas del Boldo	neighbourhood	-34.9713003	-71.2300971
Apumanque	neighbourhood	-34.9735048	-71.2335706
Villa El Carmen	neighbourhood	-34.9901386	-71.2380660
Villa La Palmera	neighbourhood	-34.9890948	-71.2375295
Condominio Los Algarrobos	neighbourhood	-33.3803006	-71.6644138
Condominio Los Aromos	neighbourhood	-33.3801170	-71.6654438
Villa Los Litres	neighbourhood	-33.3797049	-71.6686142
Villa El Parque	neighbourhood	-33.3787171	-71.6776183
Jardines de Algarrobo	neighbourhood	-33.3788717	-71.6765213
Villa Los Jardines	neighbourhood	-33.3791068	-71.6749737
Bosques de Algarrobo	neighbourhood	-33.3581602	-71.6488677
Villa Belén	neighbourhood	-34.9638908	-71.2353891
Don Manuel	neighbourhood	-34.9626511	-71.2237322
Los Almendros	neighbourhood	-34.9654647	-71.2466919
Antonio Ceresuela	neighbourhood	-34.9646074	-71.2459248
Pirineos de Aragón	neighbourhood	-34.9889762	-71.2274391
Mirador de Volcanes V	neighbourhood	-41.4896102	-73.0072120
La Lobería	locality	-33.8077146	-80.7965479
Quebrada del Imán	locality	-33.7462234	-80.8147105
El Tongo	locality	-33.8027509	-80.8026055
Quebrada del Tongo	locality	-33.7988574	-80.7999418
El Ladrillo	locality	-33.7990094	-80.8046093
La Ventana	locality	-33.7885280	-80.8205506
Riñones	locality	-33.7825264	-80.8259326
La Mesa	locality	-33.7821321	-80.8279134
El Guatón	locality	-33.7756282	-80.8303096
La Mancha Blanca	locality	-33.7724219	-80.8278912
La Plancha de Zinc	locality	-33.7710483	-80.8245883
El Hombre	locality	-33.7624825	-80.8174161
Jardines de Hualqui	neighbourhood	-36.9582495	-72.9346894
Parque Castaño	neighbourhood	-36.9671571	-72.9425967
Pórtico del Valle	neighbourhood	-33.4598065	-70.8546603
Valle del Alba	neighbourhood	-33.4635434	-70.8568704
Eco Maulín	neighbourhood	-41.3099132	-73.0181408
Las Terrazas del Maullín	neighbourhood	-41.3114363	-73.0142462
Población William Noon	neighbourhood	-33.4326809	-70.6170363
Población León XIII	neighbourhood	-33.4315661	-70.6300468
Población Caja del Seguro Obrero	neighbourhood	-33.4360732	-70.6215125
Villa Los Cisnes	neighbourhood	-34.9342330	-71.1926079
Población El Tejar	neighbourhood	-36.6175435	-72.1229265
Villa Valle Central	neighbourhood	-34.2781240	-70.8142614
Villa El Sol	neighbourhood	-34.2812342	-70.8112324
Villa San José	neighbourhood	-34.2820791	-70.8112679
Villa El Buen Samaritano	neighbourhood	-34.2745573	-70.8083223
Villa Los Cristales	neighbourhood	-34.2764169	-70.8091542
Villa Ilusión	neighbourhood	-34.2824799	-70.8117494
Alto Quintay	neighbourhood	-33.1793029	-71.6752607
Alto Quintay	neighbourhood	-33.1802099	-71.6764087
Villa Pintor Pedro Luna	neighbourhood	-36.8577351	-73.1475212
Don Clemente	neighbourhood	-34.8729510	-71.1668319
Villa Las Rosas	neighbourhood	-33.5487617	-70.6754351
Santa Raquel	neighbourhood	-34.4330227	-71.0916853
Don Juan Pablo	neighbourhood	-35.8378681	-71.6203666
Villa Pedro Olmos	neighbourhood	-35.8355936	-71.6019505
Villa La Frontera	neighbourhood	-37.4995464	-72.6907343
Parque Sevilla	neighbourhood	-37.4924387	-72.3381257
Villa Todos Los Santos	neighbourhood	-37.4881525	-72.3525828
Retiro	neighbourhood	-37.4844272	-72.3725488
Villa Obispo	neighbourhood	-37.4599603	-72.3444396
Lomas de Santa María	neighbourhood	-37.4670327	-72.3757732
Lo Elvira	neighbourhood	-37.4641587	-72.3774308
Villa La Posada	neighbourhood	-37.4623831	-72.3798394
Almirante Latorre	neighbourhood	-37.4587637	-72.3527277
Villa Balmaceda	neighbourhood	-37.4660534	-72.3409474
Toma Lomas de Bellavista	neighbourhood	-33.0677590	-71.3955009
Villa Tres Vientos	neighbourhood	-37.4404362	-72.3298243
Quinta Las Cruces	neighbourhood	-37.4493269	-72.3486775
Guayalí	neighbourhood	-37.4645121	-72.3451585
Barrio Aitué	neighbourhood	-43.1110909	-73.6179493
Villa Esperanza	neighbourhood	-37.0334859	-72.3915285
Villa España	neighbourhood	-37.0347321	-72.3930305
La Alegría	neighbourhood	-37.0385989	-72.3931700
Jardines del Alto	neighbourhood	-37.0338071	-72.3963136
Población Changaral	neighbourhood	-36.4999424	-72.2125149
Villa Zañartu	neighbourhood	-37.0329977	-72.4111891
Villa Las Perlas	neighbourhood	-37.0299486	-72.4102825
Héroes de Chile	neighbourhood	-37.0288309	-72.4074179
Manuel Sabag	neighbourhood	-37.0281414	-72.4061144
Arturo Prat	neighbourhood	-37.0308608	-72.4054974
Villa Araucanía	neighbourhood	-37.0291564	-72.4005461
Villa Las Vegas	neighbourhood	-35.3428549	-72.4184766
La Cortadera	locality	-27.0020570	-69.6441257
Puyaral	neighbourhood	-33.0626865	-71.3957222
Villa Aucán	neighbourhood	-34.9713135	-71.2051365
Población N°2	neighbourhood	-34.4106050	-70.8596620
Villa Los Presidentes	neighbourhood	-34.4107234	-70.8428219
Villa Los Espinos	neighbourhood	-34.4102225	-70.8413369
Villa Deseada	neighbourhood	-34.4082104	-70.8437005
Villa Epu Newen	neighbourhood	-34.4092317	-70.8420247
Parque Baluarte	neighbourhood	-34.3997825	-70.8662718
Villa Javiera Carrera	neighbourhood	-34.3971792	-70.8665676
Villa Lomas de Machalí	neighbourhood	-34.1614092	-70.6487260
Los Álamos	neighbourhood	-34.3963962	-70.8625437
Brisas del Valle	neighbourhood	-34.4012976	-70.8616256
Altos del Valle	neighbourhood	-34.3968792	-70.8595243
Población N°3	neighbourhood	-34.4058874	-70.8622172
Villa Brisas del Sur	neighbourhood	-34.3873789	-70.8503996
Villa Santa Laura	neighbourhood	-34.3905465	-70.8516183
Población Domingo Paredes	neighbourhood	-34.4126410	-70.8602661
Población Gregorio Araya	neighbourhood	-34.4157831	-70.8596545
Villa El Villorrio	neighbourhood	-34.4160210	-70.8505672
Villa Cordillera	neighbourhood	-34.3516397	-71.0122347
Villa Canaán	neighbourhood	-32.7367132	-71.4779694
Población Buenavista	neighbourhood	-36.7944777	-73.0330980
Villa Europa	neighbourhood	-36.7955519	-73.0323307
Condominio Andalién	neighbourhood	-36.7971339	-73.0307482
Cooperativa La Pampa	neighbourhood	-36.7988625	-73.0308684
Población Pedro Aguirre Cerda	neighbourhood	-36.8029125	-73.0343800
Villa Salvador Allende	neighbourhood	-36.8039526	-73.0361546
Villa Camilo Henríquez	neighbourhood	-36.8037272	-73.0292478
Santa Clara	neighbourhood	-36.8039643	-73.0281148
Villa San Ramón	neighbourhood	-36.8089432	-73.0288186
Isla Andalién	neighbourhood	-36.8079844	-73.0275995
Aguas Dulces	neighbourhood	-36.8007126	-73.0390240
Población Teniente Merino 1	neighbourhood	-36.8029152	-73.0382353
Los Notros	neighbourhood	-36.7975784	-73.0369585
Población Kennedy	neighbourhood	-36.7969192	-73.0350951
Villa Los Escritores	neighbourhood	-36.7953356	-73.0435483
Villa Los Ríos	neighbourhood	-39.7166739	-72.4076003
Población San Luis	neighbourhood	-34.4600737	-70.8938175
Cerro O'Higgins	neighbourhood	-35.3284748	-72.4162692
Villa Sol de Septiembre	neighbourhood	-35.3294727	-72.4161136
Villa Nueva San Gregorio	neighbourhood	-33.5363345	-70.6219448
Villa San Gregorio	neighbourhood	-33.5360841	-70.6194729
Sector El Tranque	neighbourhood	-33.5367034	-70.6136943
Villa Salomón Sack	neighbourhood	-33.5179794	-70.6360771
Nuevo Amanecer	neighbourhood	-39.8505953	-73.2502763
Villa Los Olmos	neighbourhood	-32.8100799	-70.5899289
Barrio Comercial Estación	neighbourhood	-34.4374739	-71.0777044
Barrio Central Oriente	neighbourhood	-34.4378489	-71.0668287
Mirador de Loma Verde	neighbourhood	-37.7033295	-72.2512436
Villa Alfa	neighbourhood	-38.7324247	-72.6318410
Los Dominicos 8	neighbourhood	-36.6028956	-72.0666674
Ciudad de Los Llanos II	neighbourhood	-29.8715934	-71.2244197
Ciudad de Los Llanos III	neighbourhood	-29.8698058	-71.2250821
Ciudad de Los Llanos IV	neighbourhood	-29.8684610	-71.2257408
Altos del Llano	neighbourhood	-29.8759709	-71.2227635
Villa El Cacique	neighbourhood	-29.8700482	-71.2295661
Villa El Toqui	neighbourhood	-29.8708482	-71.2320538
Población Simón Bolívar	neighbourhood	-33.4372778	-70.7019801
Los Pinares	neighbourhood	-35.3311642	-72.4185705
Mina Carrizal Alto	locality	-28.0861794	-70.9034872
Capote	locality	-28.3140247	-70.9488434
Villa Maguillines	neighbourhood	-35.3433625	-72.4133509
Población Ignacio Carrera	neighbourhood	-35.3432093	-72.4147618
Villa San Francisco	neighbourhood	-35.3419579	-72.3956430
Villa Ester Rodriguez	neighbourhood	-34.4182068	-71.1175288
Mina Elsie	locality	-27.2059002	-69.8661161
Mina Ánima	locality	-27.1890861	-69.9175930
Parcelación El Convento Poniente	neighbourhood	-33.6385879	-70.8111227
Villa Puerta del Inca	neighbourhood	-33.6306155	-70.7762861
Conjunto Habitacional Empart Las Salinas.	neighbourhood	-33.0012147	-71.5445003
Maki Payi	neighbourhood	-29.8889958	-71.2626877
Villa Renku	neighbourhood	-34.3883465	-70.8549848
Villa Las Marías	neighbourhood	-34.3888122	-70.8495205
Puerta Norte	neighbourhood	-33.1902347	-70.6822988
Araucaria Norte	neighbourhood	-33.1868990	-70.6817409
Jardines de Aconcagua	neighbourhood	-33.1905596	-70.6785451
Parque San Martín	neighbourhood	-34.3895587	-70.8512302
Villa O'Higgins	neighbourhood	-33.6878292	-71.0503432
Villa Casas de Lo Ovalle	neighbourhood	-33.3590033	-70.7315116
El Rodeo	neighbourhood	-34.4079465	-70.8487614
Agua Salada	locality	-29.8596698	-71.2291835
Los Mallines	neighbourhood	-38.4098773	-72.7901799
Valle Hermoso	neighbourhood	-34.4764809	-71.4722420
Villa Los Bosques de Idahue	neighbourhood	-34.3138317	-71.1313187
Doña Ignacia	neighbourhood	-35.4686918	-71.6693974
Villa Santa Elena	neighbourhood	-39.2853741	-71.9636960
Villa Las Tinajas	neighbourhood	-34.1724894	-70.6460795
Juan Soldado	locality	-29.8336956	-71.2617557
La Campina	neighbourhood	-35.4622473	-71.6624290
El Galpón	neighbourhood	-35.4611549	-71.6596234
Villa Los Laureles	neighbourhood	-29.8692157	-71.2268838
Villa Los Maitenes I	neighbourhood	-29.8685334	-71.2287880
Villa Los Maitenes II	neighbourhood	-29.8672176	-71.2295608
Barrio Brasil	neighbourhood	-36.6089105	-72.1134772
Las Rosas	neighbourhood	-36.6251758	-72.1392976
El Bajo	neighbourhood	-36.6289401	-72.1333975
Cuna de la Patria	neighbourhood	-36.6217525	-72.1326685
La Loma	neighbourhood	-36.5113830	-72.1189376
Villa El Valle	neighbourhood	-29.8883544	-71.2206367
Villa El Inca	neighbourhood	-29.8669753	-71.2327337
Villa El Indio	neighbourhood	-29.8671471	-71.2317130
Villa Los Robles	neighbourhood	-29.8675225	-71.2305665
Villa Colonia Esmeralda	neighbourhood	-34.3374141	-70.8959412
Villa San José	neighbourhood	-33.6279626	-70.7709080
San Alberto de Cerrillos	neighbourhood	-33.5005224	-70.7003479
Villa Quinta El Palacio	neighbourhood	-32.9879768	-71.2843569
Villa Avelina	neighbourhood	-35.9581736	-72.3420555
Comunidad Mateo Nahuelpán	locality	-38.7151625	-73.4288786
Villa Esperanza	neighbourhood	-37.6344372	-73.4530224
Villa La Colmena	neighbourhood	-40.9061864	-73.1769024
Portal del Valle	neighbourhood	-41.1337251	-73.0555081
Lorenzo Arenas N° 1	neighbourhood	-36.8143602	-73.0710132
Prieto Cruz	neighbourhood	-36.8162409	-73.0720967
Arturo Araya Peters	neighbourhood	-36.8115481	-73.0758316
Brisas del Toltén	neighbourhood	-38.9945184	-72.6338435
Villa Las Praderas	neighbourhood	-38.9929071	-72.6516205
El Olivar I	neighbourhood	-29.8842642	-71.2233736
El Olivar II	neighbourhood	-29.8854214	-71.2183475
Villa Alborada	neighbourhood	-38.5437267	-72.4185748
Alto Las Trancas	neighbourhood	-37.4624997	-72.3840765
Villa García Hurtado de Mendoza	neighbourhood	-37.7897124	-73.3903891
Villa Rodrigo Ambrosio	neighbourhood	-36.8420714	-73.1345424
Efraín Barquero	neighbourhood	-36.4148870	-71.9558917
Villa Los Castaños	neighbourhood	-29.8733509	-71.2297188
Villa Pablo Neruda	neighbourhood	-29.8756026	-71.2295517
Villorrio 1	neighbourhood	-40.2367331	-72.5934345
Villa Huamachuco	neighbourhood	-33.0062028	-71.2572987
Bocatoma Diguillín	locality	-36.8929444	-72.0567456
Bocatoma Tucapel	locality	-37.3054868	-71.9676559
Villa Reina del Aire	neighbourhood	-33.5912679	-70.7129400
Las Parcelas de Calle Larga	neighbourhood	-32.8460950	-70.6122243
Valle Andino	neighbourhood	-32.8421909	-70.5828430
Valle Cóndores	neighbourhood	-32.8035468	-70.5972805
Nuevo Campanario	neighbourhood	-37.1315211	-72.1842424
Mirador Caivan	neighbourhood	-35.4557303	-71.6360004
Villa María Luisa Bombal	neighbourhood	-32.9980666	-71.4983435
Villa Salvador Reyes	neighbourhood	-33.0008559	-71.4986774
Villa Altos del Bosque	neighbourhood	-32.9917609	-71.4976770
Centro Cívico Valparaíso	neighbourhood	-33.0427738	-71.6236871
Villa Las Acacias	neighbourhood	-36.2854317	-71.8075763
Comunidad El Colorado	neighbourhood	-33.0074241	-71.2799916
Jardines de Doña Victoria	neighbourhood	-34.1655866	-70.6496832
Villa Nehuén	neighbourhood	-36.6349438	-72.0583617
Villa Las Vertientes	neighbourhood	-34.1869303	-70.6495383
Campamento Americano	neighbourhood	-34.2069705	-70.5274149
Villa Los Alcaldes	neighbourhood	-36.9974887	-73.1532973
Altos del Laja	neighbourhood	-37.2626589	-72.7048426
Hierro Viejo	neighbourhood	-30.0314363	-70.7022089
Pablo Neruda	neighbourhood	-30.0318891	-70.7057682
Población Alfonso Rioja	neighbourhood	-32.9991564	-71.2642711
Villa Punta de Teatinos	neighbourhood	-29.9233126	-71.2582030
Población Ferroviaria Romeo Pizarro Amaro	neighbourhood	-29.9090893	-71.2548503
Población Los Volcanes	neighbourhood	-40.8082021	-73.2098115
Parque La Fragua	neighbourhood	-33.2977032	-71.4130761
Parque Las Lomas	neighbourhood	-33.3094133	-71.3964441
Villa Los Eucaliptus	neighbourhood	-29.8755318	-71.2274844
Villa Las Acacias	neighbourhood	-29.8745354	-71.2279940
Villa El Prado	neighbourhood	-34.4366235	-71.0943439
Doña Paula	neighbourhood	-34.9526107	-71.1178971
Población San Francisco de Asís	neighbourhood	-33.0052527	-71.2574971
Villa San Agustín	neighbourhood	-34.3947139	-71.1637802
El Esfuerzo	neighbourhood	-34.9771538	-71.9858546
San Antonio	neighbourhood	-34.9803546	-71.9925412
Mirador del Sol	neighbourhood	-33.5671997	-70.6263751
Población Marta Brunet	neighbourhood	-36.6182898	-72.1208634
Villa Las Galegas	neighbourhood	-36.6166753	-72.1192728
Pedro Lagos	neighbourhood	-36.6185432	-72.1160321
Población Obreros Municipales	neighbourhood	-36.6230404	-72.1164044
Población La Araucana	neighbourhood	-36.6219845	-72.1139273
Villa Los Castaños	neighbourhood	-36.6166062	-72.1067589
Villa Gabriela Mistral	neighbourhood	-36.6179346	-72.1058107
El Oratorio	neighbourhood	-36.6177917	-72.1026245
Villa Olímpica	neighbourhood	-36.6204732	-72.1075423
Los Lleuques	neighbourhood	-36.6226824	-72.1056664
Villa Sargento Aldea	neighbourhood	-36.6320398	-72.0971284
Los Araucanos	neighbourhood	-36.6281753	-72.0922520
Caupolicán	neighbourhood	-36.6274285	-72.0904628
Los Arrayanes	neighbourhood	-36.6280406	-72.0853706
Los Mapuches	neighbourhood	-36.6271211	-72.0833061
Nueva Oriente Esmeralda	neighbourhood	-36.6225978	-72.0775059
Los Volcanes IV	neighbourhood	-36.6222940	-72.0792148
Los Volcanes V	neighbourhood	-36.6208336	-72.0792611
Altos de Oriente	neighbourhood	-36.6099162	-72.0674899
Islas Del Sur	neighbourhood	-36.6140673	-72.1329429
Cuatro Fundaciones	neighbourhood	-36.6140227	-72.1184199
Población La Defensa	neighbourhood	-36.6149960	-72.1179330
Villa Magisterio	neighbourhood	-36.6103374	-72.0849565
Agronomía	neighbourhood	-36.6149774	-72.1161809
Juan Schleyer	neighbourhood	-36.6090941	-72.1184483
Población Pablo Neruda	neighbourhood	-36.6508538	-72.3990718
Villa Don Ambrosio	neighbourhood	-36.6313743	-72.0483673
Villa Doña Gabriela	neighbourhood	-36.6328176	-72.0480039
Villa Coiquen	neighbourhood	-36.6215627	-72.0974916
Villa Maipú	neighbourhood	-36.6193911	-72.0998990
Santa Fé	neighbourhood	-36.7386965	-72.3099466
Lunger Park I	neighbourhood	-29.9001098	-71.2362957
Lunger Park II	neighbourhood	-29.8989806	-71.2353479
Villa Las Casetas	neighbourhood	-36.8354141	-73.1395373
Villa 21 de Mayo	neighbourhood	-36.8364313	-73.1390162
Villa Palomares	neighbourhood	-36.8362860	-73.1404071
Villa Cerro Chepe	neighbourhood	-36.8366913	-73.1419040
Villa Lo Pequén	neighbourhood	-36.8371373	-73.1405240
Villa Las Tres Pascualas	neighbourhood	-36.8378396	-73.1448297
Villa Libertad Colo Colo	neighbourhood	-36.8397540	-73.1443740
Villa Los Trencitos de Candelaria	neighbourhood	-36.8370253	-73.1463234
Lomas de Coronel	neighbourhood	-36.9705411	-73.1328074
Viñedos de Buin	neighbourhood	-33.7436163	-70.7610317
Padre Hurtado Somos Todos	neighbourhood	-33.5832847	-70.8160586
Valle de la Luna	neighbourhood	-37.4901489	-72.3541982
21 de Mayo	neighbourhood	-37.4873856	-72.3460492
Valle Los Álamos	neighbourhood	-34.1439661	-70.7222443
Población Esperanza	neighbourhood	-33.0597948	-71.4672017
Comunidad Alto Valencia	neighbourhood	-33.0613436	-71.4690578
Poblacion Mirador de Los Leones	neighbourhood	-33.4332003	-70.5797716
Isla del Diablo	locality	-46.7794912	-74.3308783
Parque Lontué	neighbourhood	-35.0500761	-71.2702462
Villa Anakena.	neighbourhood	-33.0016760	-71.5450288
Reserva de Tunquén	neighbourhood	-33.2122066	-71.6215246
Cerro Blanco	locality	-28.0255039	-70.1389416
Población San Miguel del Piduco	neighbourhood	-35.4458348	-71.6385587
Villa Los Ciruelos	neighbourhood	-29.8723185	-71.2259106
Villa Los Nogales	neighbourhood	-29.8739841	-71.2253318
Población El Brillador	neighbourhood	-29.8795751	-71.2220386
Población Circunvalación	neighbourhood	-29.8819782	-71.2252279
El Tofo	neighbourhood	-29.8833616	-71.2270261
Villa Sergio May Colvin	neighbourhood	-29.8770214	-71.2242959
Villa Las Araucarias	neighbourhood	-29.8760128	-71.2247617
Villa Uruguay	neighbourhood	-29.8781895	-71.2274683
Villa Venezuela	neighbourhood	-29.8776121	-71.2288721
Villa El Esfuerzo	neighbourhood	-29.8800881	-71.2247393
Las Terrazas del Brillador	neighbourhood	-29.8784158	-71.2250768
Villa Santo Domingo	neighbourhood	-29.8770362	-71.2325721
Población Lautaro	neighbourhood	-29.8740047	-71.2331162
Recinto Facela	neighbourhood	-37.2841600	-72.7103153
Bachelet Jeria	neighbourhood	-37.2609811	-72.7030131
Waldemar Schutz	neighbourhood	-37.2759443	-72.7100590
Pedro Lagos	neighbourhood	-37.2708545	-72.7107270
Nivequetén	neighbourhood	-37.2811070	-72.7006262
Alto El León	neighbourhood	-35.3028174	-71.5128108
Barrio Dalmacia	neighbourhood	-33.4445751	-70.6159356
Población Domingo Santa María	neighbourhood	-33.4158234	-70.6607438
Barrio Yungay	neighbourhood	-33.4429349	-70.6717283
Población Compañía de Cervecerías Unidas	neighbourhood	-32.9859431	-71.2827302
Poblaciones Obreras de la Plaza Chacabuco	neighbourhood	-33.4076657	-70.6566060
Altos del Cabo de Hornos	neighbourhood	-54.9380376	-67.6096863
Los Dones	locality	-22.7856462	-69.7820608
Lynch	locality	-22.7396591	-69.7298049
Soledad	locality	-21.2679389	-69.4924027
Ramaditas	locality	-21.0439342	-69.4801866
Gallinazos	locality	-20.4962480	-69.7979604
Mosquitos	locality	-20.5541961	-69.7217487
Central	locality	-20.3691370	-69.9193418
Las Carpas	locality	-20.3137043	-70.0215358
Santa Rosa	locality	-20.3226561	-70.0395214
Cuevitas	locality	-23.3981626	-69.9548279
Latorre	locality	-23.4497817	-70.0630717
Población Francisco de Aguirre	neighbourhood	-29.9117966	-71.2476336
Población Óscar Praguer	neighbourhood	-29.9141677	-71.2449746
Barrio Suboficiales de Caballería	neighbourhood	-33.4526201	-70.6108009
Población Madrid	neighbourhood	-33.4548898	-70.6354941
Conjunto Empart	neighbourhood	-33.4596916	-70.6225839
Barrio Las Flores	neighbourhood	-33.4330980	-70.5891324
Estación Cerrillos	locality	-23.2608324	-69.7501228
Paradero San Juan	locality	-25.5971632	-69.7145717
Estación Juan Godoy	locality	-27.2266402	-70.1331907
Renacer Oriente	neighbourhood	-29.8832106	-71.2127780
Guanay	neighbourhood	-32.6888176	-71.4426969
Villa EL Portal	neighbourhood	-38.7540826	-72.9375156
Villa Portales	neighbourhood	-35.4645754	-71.6585804
Caupolicán	neighbourhood	-37.6316142	-73.4508465
Los Canelos	neighbourhood	-37.6229870	-73.4639169
Jardines Altos	neighbourhood	-37.6197915	-73.4632859
Casas Sol de Puyai	neighbourhood	-32.4983791	-71.4332946
Población La Golondrina	neighbourhood	-32.7861922	-70.7160652
Lourdes	neighbourhood	-35.8421151	-72.6299526
Barrio Industrial San Bernardo	neighbourhood	-33.5559158	-70.7004655
Retiro Sur	neighbourhood	-37.4870242	-72.3711545
Curamonte	neighbourhood	-37.4462162	-72.3931800
Brisas del Lago	neighbourhood	-41.1156298	-73.0436829
Villa Nueva Esperanza	neighbourhood	-34.3677344	-71.2709725
Villa Justo Américo López	neighbourhood	-32.8102445	-70.6819797
Villa Algarrobo	neighbourhood	-32.8235124	-70.6630701
Población San Pedro	neighbourhood	-32.8232554	-70.6643468
Villa La Comarca	neighbourhood	-32.8148319	-70.6517083
Población Estadio	neighbourhood	-33.3981293	-70.6415303
Población San Genaro	neighbourhood	-33.4055798	-70.7238231
Villa José Miguel Carrera	neighbourhood	-33.4059703	-70.6953330
Villa Sarmiento	neighbourhood	-33.3998276	-70.7284622
Población Robinson Rojas	neighbourhood	-33.4058838	-70.7300860
Brisas del Rosario	neighbourhood	-29.9730161	-71.2891141
Huertos de San Miguel	neighbourhood	-35.4438605	-71.6179952
La Victoria	neighbourhood	-29.9649268	-71.3265264
Mercedes Valdés de Barros Luco	neighbourhood	-33.5487026	-70.6769023
Las Palmeras	neighbourhood	-33.5515962	-70.6737494
Alberto Kupfer	neighbourhood	-33.5520412	-70.6779328
Villa 30 de Mayo	neighbourhood	-33.5746779	-70.6667003
Villa La Zarzuela	neighbourhood	-33.5566566	-70.6130378
Población Madre Teresa	neighbourhood	-33.5568363	-70.6147432
Villa Cordillera	neighbourhood	-33.5631231	-70.6130322
Villa El Bosquecito	neighbourhood	-33.5629335	-70.6137636
Lord Cochrane	neighbourhood	-33.0343297	-71.5805568
Santa Irene de Lo Cañas	neighbourhood	-33.5207831	-70.5631462
Villa Los Parrones	neighbourhood	-34.6284083	-71.3643408
Punta de Díaz	locality	-28.0438640	-70.6034307
Cochoa	neighbourhood	-32.9543672	-71.5460702
Portal Chamisero	neighbourhood	-33.3057636	-70.6617183
Condominio Taiquén II	neighbourhood	-33.2203549	-70.6659481
Los Queñes	neighbourhood	-34.9495122	-71.1260809
Barrio Industrial de San Antonio	neighbourhood	-33.5935039	-71.5860343
Llanos de la Candelaria	neighbourhood	-27.3841586	-70.2937981
Doña Javiera	neighbourhood	-36.4135236	-71.9483768
Villa Morelia	neighbourhood	-34.3937709	-71.1659493
Villa Verona	neighbourhood	-34.3863408	-71.1772328
Las Pataguas	neighbourhood	-33.6492881	-70.3549647
Pampa Nueva	neighbourhood	-18.5004159	-70.3013605
Villa Centenario	neighbourhood	-35.5996187	-71.7044163
Villa Macul	neighbourhood	-33.4903166	-70.5949399
Barrio Suecia	neighbourhood	-33.4197836	-70.6088251
Barrio Paseo Providencia	neighbourhood	-33.4225165	-70.6126258
Barrio Barros Borgoño	neighbourhood	-33.4300008	-70.6185591
Casas de Rucalhue	neighbourhood	-33.5581839	-70.5511481
Altos de Manquecura	neighbourhood	-33.5585656	-70.5491509
Valle del Sol	neighbourhood	-33.5570042	-70.5562849
Portezuelo de Tobalaba	neighbourhood	-33.5699235	-70.5482344
Don Osvaldo	neighbourhood	-33.5737733	-70.5594771
Villa Futuro	neighbourhood	-33.5736436	-70.5629739
Los Prados	neighbourhood	-33.5761750	-70.5670946
Los Olivos	neighbourhood	-33.5925021	-70.5551311
Portal del Valle	neighbourhood	-33.5915219	-70.5445590
Altos del Raco	neighbourhood	-33.5931491	-70.5425686
Pircas del Maipo	neighbourhood	-33.5958233	-70.5416998
La Capilla	neighbourhood	-33.5949418	-70.5567297
Altos del Valle	neighbourhood	-33.6029943	-70.5400876
Lomas del Maipo	neighbourhood	-33.6063193	-70.5390683
Altos del Peñón	neighbourhood	-33.6033480	-70.5446603
Lo Bascuñán	neighbourhood	-33.6149352	-70.5654266
El Porvenir	neighbourhood	-33.6143829	-70.5597945
Barrio Infante	neighbourhood	-33.4423183	-70.6204385
Barrio El Aguilucho	neighbourhood	-33.4445959	-70.5986751
Barrio Diego de Almagro	neighbourhood	-33.4393587	-70.5932195
Barrio Los Leones	neighbourhood	-33.4231938	-70.6045828
Barrio Regina Pacis	neighbourhood	-33.4435550	-70.5921129
Baños Las Yeguas	locality	-35.3718218	-70.5719394
Valle Nevado	neighbourhood	-33.6468901	-70.6631935
Villa Cooperativa	neighbourhood	-33.6331536	-70.7583502
Población 21 de Mayo	neighbourhood	-33.6327817	-70.7606998
Las Praderas	neighbourhood	-33.6045090	-70.8626533
Los Pinares IV	neighbourhood	-34.1467193	-70.7093850
Los Pinares II	neighbourhood	-34.1494244	-70.7062477
Villa Israel	neighbourhood	-33.0449623	-71.3943025
Población Quinta	neighbourhood	-29.9114145	-71.2496092
Entre Vientos	neighbourhood	-33.0137152	-71.4887613
Santa Blanca	village	-34.9188364	-71.0307561
Santa Adela	village	-34.9240442	-71.0250055
Puesto La Pelecha	locality	-52.0965109	-70.7547534
Puesto Gallego Chico	locality	-52.1589704	-70.7258713
Puesto Panteón	locality	-52.2719161	-70.4681164
Puesto Tío Ismael	locality	-52.3059531	-70.3840426
Puesto Cañón	locality	-52.3217568	-70.3920275
Puesto Los Sauces	locality	-52.4172688	-70.5525684
Puesto Deslinde	locality	-52.3581340	-70.5271626
Puesto Dinamarquero	locality	-52.4181227	-70.6447399
Puesto Lote 1	locality	-52.3302187	-70.6429803
Puesto Julio Grande	locality	-52.3084458	-70.8278060
Puesto La Chimenea	locality	-52.2429675	-70.9038305
Puesto Piedra	locality	-52.2273230	-70.9721249
Puesto Toyaike	locality	-52.1967769	-71.0472724
Puesto Playa	locality	-52.4934193	-69.7880423
Puesto Caravana	locality	-52.4417448	-69.6684104
Puesto Desolación	locality	-52.2837613	-69.9875236
Puesto Ford	locality	-52.4155412	-70.1531553
Puesto Cuarto Chorrillo	locality	-52.5165212	-69.9336434
El Boldo	neighbourhood	-32.5442619	-71.4604270
Isla Seca	neighbourhood	-32.5459019	-71.4628875
El Morro	neighbourhood	-32.5582491	-71.4650189
Población Minas	neighbourhood	-29.9080584	-71.2433022
Juan Pablo II	neighbourhood	-33.0628484	-71.5635014
Villa Primavera	neighbourhood	-32.8090745	-70.6874514
Villorrio Los Tilos	neighbourhood	-33.6287325	-70.8224396
Valle de Tango	neighbourhood	-33.6309894	-70.8190615
Faldeos de La Florida III	neighbourhood	-29.9316673	-71.2054348
Totora	locality	-28.5921150	-71.1069701
Paso de Indios	locality	-52.5056362	-72.9324603
Barrio Los Profesores	neighbourhood	-29.9097109	-71.2450034
Barrio Cuarto Centenario	neighbourhood	-29.9086357	-71.2448445
Villa Valle de la Luna	neighbourhood	-33.6303687	-70.7693070
Condominio Don Carlos	neighbourhood	-33.6283509	-70.7741779
Villa Los Naranjos	neighbourhood	-33.6264503	-70.7776433
Villa Unión	neighbourhood	-33.6310085	-70.7623306
Parque Residencial El Carmen	neighbourhood	-33.6308790	-70.7681510
Condominio Los Jesuitas	neighbourhood	-33.6295279	-70.7677540
Villa Nueva Luz	neighbourhood	-33.6276653	-70.7720616
Villa Los Almendros II	neighbourhood	-33.6276832	-70.7783300
Villa La Finca	neighbourhood	-31.1821102	-70.9962004
Lo Sáez	neighbourhood	-33.4217051	-70.6629325
Mirador Viejo	neighbourhood	-33.4111286	-70.6761598
Población Chorrillos	neighbourhood	-33.4102639	-70.6722848
Población Belga	neighbourhood	-33.4128157	-70.6715491
Población Miraflores	neighbourhood	-33.4138840	-70.6669465
Barón de Juras Reales	neighbourhood	-33.3937920	-70.6824365
Mares de Chile	neighbourhood	-33.3986607	-70.6813342
Puerto Henry	locality	-50.0072288	-75.3502464
13 de junio	neighbourhood	-20.2596557	-69.7802371
Campamento Gorbea	locality	-25.4822199	-68.9744425
Villa Los Acantilados	neighbourhood	-35.4777961	-72.5077915
Villa Punta Valdés	neighbourhood	-35.4785519	-72.5068635
Pellines Alto	neighbourhood	-35.4864103	-72.5066114
Villa Independencia	neighbourhood	-35.4984651	-72.5199258
Villa Nueva Mar	neighbourhood	-35.4906253	-72.5132310
El Peñón	neighbourhood	-35.4887428	-72.5116325
Parcelación Los Angelitos	neighbourhood	-33.6541019	-71.5958190
Cruce La Manga	locality	-33.8825142	-71.6721305
Cruce San Pedro	locality	-33.7561813	-71.5623343
Buena Vista	locality	-38.3384753	-71.7129350
Villa La Paz	neighbourhood	-36.9777096	-73.1415600
Las Lagunas	locality	-37.1038462	-71.5891671
Naciones Unidas	neighbourhood	-33.4038710	-70.6011037
Barrio Sebastián Elcano	neighbourhood	-33.4279611	-70.5700367
Barrio El Pillán	neighbourhood	-33.4248349	-70.5594898
Lynch Norte	neighbourhood	-33.4487880	-70.5660228
La Troya	neighbourhood	-34.5886697	-70.9718362
Villa Vista Sur II	neighbourhood	-34.1852048	-70.7705631
Villa Florencia 1	neighbourhood	-34.1814395	-70.7666996
Villa Florencia 2	neighbourhood	-34.1829800	-70.7665847
Villa Florencia 5	neighbourhood	-34.1845359	-70.7688228
Terrazas de Lourdes	neighbourhood	-34.1816301	-70.7623325
Villa Bosques de San Francisco II	neighbourhood	-34.1786478	-70.7562903
Villa Bosques de San Francisco II	neighbourhood	-34.1808665	-70.7575834
Villa Bosques de San Francisco III	neighbourhood	-34.1791121	-70.7585634
Población 21 de Mayo	neighbourhood	-34.1711523	-70.7601801
Hacienda Los Olivos	neighbourhood	-33.7404627	-70.8606309
Villa Parque Alameda I	neighbourhood	-34.1526753	-70.7591423
Villa Parque Alameda III	neighbourhood	-34.1538125	-70.7599157
Villa Las Casas de Los Tilos	neighbourhood	-34.1509771	-70.7619425
Villa Las Casas de Los Tilos	neighbourhood	-34.1527733	-70.7628793
Nueva Alameda II	neighbourhood	-34.1560803	-70.7655094
Nueva Alameda II	neighbourhood	-34.1544321	-70.7648370
Villa Alameda I	neighbourhood	-34.1584165	-70.7598553
Villa Alameda II	neighbourhood	-34.1575336	-70.7604133
Villa Alameda III	neighbourhood	-34.1572144	-70.7609654
Villa Alameda IV	neighbourhood	-34.1564863	-70.7622007
Villa Alameda V	neighbourhood	-34.1558928	-70.7633810
Villa Alameda VI	neighbourhood	-34.1544126	-70.7636932
Villa Alameda VI	neighbourhood	-34.1555392	-70.7644061
Villa Parque María Luisa	neighbourhood	-34.1565923	-70.7504722
Molinos Viejos	neighbourhood	-29.9070197	-71.2390330
Mundo Nuevo	neighbourhood	-29.9071821	-71.2347511
Villa El Olivar	neighbourhood	-29.9077788	-71.2305731
Villa El Carmen	neighbourhood	-33.6302368	-70.7697131
Villa Jardines de Tango	neighbourhood	-33.6295438	-70.7684435
Villa San Agustín	neighbourhood	-33.6317857	-70.7636808
Villa Alberto Solari	neighbourhood	-33.6221180	-70.7988305
Villa Los Lagos	neighbourhood	-41.8815837	-73.8073320
Población El Polígono	neighbourhood	-33.4434543	-70.6988441
Consul Poinsett	neighbourhood	-33.4309444	-70.7018790
Barrio Los Andes	neighbourhood	-33.4347284	-70.6959191
Pérez Mascayano	neighbourhood	-33.4331133	-70.7262656
Barrio Lo Besa	neighbourhood	-33.4358658	-70.7097830
Barrio Mercurio	neighbourhood	-33.4345809	-70.7173632
Barrio Lo Ampuero	neighbourhood	-33.4305272	-70.7095807
Villa Lautaro	neighbourhood	-33.4441862	-70.7102418
Villa Caupolicán	neighbourhood	-33.4410893	-70.7110842
Barrio Jardín de Lo Prado	neighbourhood	-33.4410504	-70.7283421
Villa Los Lagos	neighbourhood	-33.4396992	-70.7211613
Barrio Quidora	neighbourhood	-33.4442252	-70.7017496
Chuchunco	neighbourhood	-33.4639477	-70.6845446
Barrio Industrial Santa Carolina	neighbourhood	-33.4798104	-70.6175754
Población Santa Julia	neighbourhood	-33.4767381	-70.5922026
Población Chacarrillas	neighbourhood	-33.4944558	-70.5876479
La Portada de Ñuñoa	neighbourhood	-33.4688781	-70.6236856
Barrio Parque San Eugenio	neighbourhood	-33.4668425	-70.6235558
Villa del Rahue	neighbourhood	-40.5942849	-73.1699646
Villa Patagonia Alegre	neighbourhood	-45.4667267	-72.8152851
Villa Vicariato	neighbourhood	-45.4154210	-72.6797021
Villa Renacer	neighbourhood	-45.3905007	-72.6853166
Loteo El Turbio	neighbourhood	-45.3878011	-72.6865053
Villa Gasco	neighbourhood	-33.4902504	-70.7088699
Villa Cerro Verde	neighbourhood	-33.4986431	-70.7150677
Villa El Sendero	neighbourhood	-33.4997945	-70.7160386
Villa Municipal Lo Errázuriz	neighbourhood	-33.4926948	-70.7242090
Villa Puerto Montt	neighbourhood	-33.4948114	-70.7230676
Villa Norte de Maipú	neighbourhood	-33.4960002	-70.7219400
Villa Moderna Janequeo	neighbourhood	-33.4970545	-70.7227665
Villa Lo Errázuriz Alto	neighbourhood	-33.4982796	-70.7237537
Villa El Puerto	neighbourhood	-33.4948666	-70.7209304
Villa Damasco	neighbourhood	-33.4957340	-70.7198395
Villa Vida Nueva	neighbourhood	-33.7486145	-70.8579755
Tello	locality	-39.0752852	-71.5095051
Villa Juan Soldado	neighbourhood	-29.8673366	-71.2411001
Los Torreones	neighbourhood	-29.8681589	-71.2459003
Villa Aurora	neighbourhood	-29.8637652	-71.2406890
Villa Portal del Sol	neighbourhood	-29.8691875	-71.2436702
Nuevo Porvenir	neighbourhood	-29.8692649	-71.2408046
Villa Isidoro Campaña	neighbourhood	-29.8695436	-71.2380838
Villa Los Llanos	neighbourhood	-29.8696649	-71.2359243
Villa Bolivia	neighbourhood	-29.8704209	-71.2343960
Puerto Angosto	locality	-53.2199360	-73.3682442
Cántaros de Tanguito	neighbourhood	-33.5994205	-70.7819248
Barrio Rotonda Atenas	neighbourhood	-33.4179683	-70.5530712
Condominio Don Fernando	neighbourhood	-33.6306557	-70.8235574
Población Tapia	neighbourhood	-30.6000797	-71.2031188
Villa Reina Ana	neighbourhood	-32.8858400	-71.2549022
Villa Santa Fé	neighbourhood	-33.5130966	-70.6389084
Manuel Plaza I	neighbourhood	-33.2918967	-70.8881256
Villa Santa Rosa	neighbourhood	-33.2866335	-70.8830031
Condominio Parque Quillaicillo	neighbourhood	-33.5076216	-71.5048401
